<kml xmlns="http://www.opengis.net/kml/2.2" xmlns:atom="http://www.w3.org/2005/Atom" xmlns:gx="http://www.google.com/kml/ext/2.2">
  <Document>
    <Style id="QueryArea">
      <LineStyle>
        <color>ffc0c000</color>
        <width>3</width>
      </LineStyle>
      <PolyStyle>
        <color>80ffffaa</color>
      </PolyStyle>
    </Style>
    <Style id="F3548v21Accepted">
      <LineStyle>
        <color>ff00c000</color>
        <width>3</width>
      </LineStyle>
      <PolyStyle>
        <color>80c0c0c0</color>
      </PolyStyle>
    </Style>
    <Style id="F3548v21Activated">
      <LineStyle>
        <color>ff00c000</color>
        <width>3</width>
      </LineStyle>
      <PolyStyle>
        <color>8000ff00</color>
      </PolyStyle>
    </Style>
    <Style id="F3548v21Nonconforming">
      <LineStyle>
        <color>ff00ffff</color>
        <width>5</width>
      </LineStyle>
      <PolyStyle>
        <color>8000ffff</color>
      </PolyStyle>
    </Style>
    <Style id="F3548v21Contingent">
      <LineStyle>
        <color>ff0000ff</color>
        <width>5</width>
      </LineStyle>
      <PolyStyle>
        <color>80ff0000ff</color>
      </PolyStyle>
    </Style>
    <Style id="F3548v21AcceptedFuture">
      <LineStyle>
        <color>80c0c0c0</color>
        <width>1</width>
      </LineStyle>
      <PolyStyle>
        <color>00000000</color>
      </PolyStyle>
    </Style>
    <Style id="F3548v21ActivatedFuture">
      <LineStyle>
        <color>8040c040</color>
        <width>1</width>
      </LineStyle>
      <PolyStyle>
        <color>00000000</color>
      </PolyStyle>
    </Style>
    <Style id="F3548v21NonconformingFuture">
      <LineStyle>
        <color>8000ffff</color>
        <width>1</width>
      </LineStyle>
      <PolyStyle>
        <color>00000000</color>
      </PolyStyle>
    </Style>
    <Style id="F3548v21ContingentFuture">
      <LineStyle>
        <color>80ff0000ff</color>
        <width>1</width>
      </LineStyle>
      <PolyStyle>
        <color>00000000</color>
      </PolyStyle>
    </Style>
    <Style id="Planned_Nominal">
      <LineStyle>
        <color>ff00c000</color>
        <width>3</width>
      </LineStyle>
      <PolyStyle>
        <color>80808080</color>
      </PolyStyle>
    </Style>
    <Style id="InUse_Nominal">
      <LineStyle>
        <color>ff00c000</color>
        <width>3</width>
      </LineStyle>
      <PolyStyle>
        <color>8000ff00</color>
      </PolyStyle>
    </Style>
    <Style id="InUse_OffNominal">
      <LineStyle>
        <color>ff00ffff</color>
        <width>5</width>
      </LineStyle>
      <PolyStyle>
        <color>8000ff00</color>
      </PolyStyle>
    </Style>
    <Style id="InUse_Contingent">
      <LineStyle>
        <color>ff0000ff</color>
        <width>5</width>
      </LineStyle>
      <PolyStyle>
        <color>8000ff00</color>
      </PolyStyle>
    </Style>
    <Style id="unmodifiedtelemetry">
      <IconStyle>
        <scale>1.4</scale>
        <Icon>
          <href>http://maps.google.com/mapfiles/kml/shapes/placemark_circle.png</href>
        </Icon>
      </IconStyle>
    </Style>
    <Style id="modifiedtelemetry">
      <IconStyle>
        <scale>1.4</scale>
        <Icon>
          <href>http://maps.google.com/mapfiles/kml/shapes/placemark_square.png</href>
        </Icon>
      </IconStyle>
    </Style>
    <Style id="aircraft">
      <IconStyle>
        <scale>1.4</scale>
        <Icon>
          <href>http://maps.google.com/mapfiles/kml/shapes/airports.png</href>
        </Icon>
      </IconStyle>
    </Style>
    <Folder>
      <name>ASTM NetRID Service Provider operator notification on missing fields</name>
      <Folder>
        <name>Missing fields flight</name>
        <Folder>
          <name>Retrieve pre-existing operator notification</name>
        </Folder>
        <Folder>
          <name>Injection</name>
          <Folder>
            <name>E4: uss1 interuss.automated_testing.rid.v1.injection.createTest</name>
            <Folder>
              <name>Test flight 6e3e23d9-ccc3-48bf-bece-f4c215151484</name>
              <Placemark>
                <name>Telemetry 0</name>
                <styleUrl>#modifiedtelemetry</styleUrl>
                <TimeSpan>
                  <begin>2026-08-14T04:43:22.301713+00:00</begin>
                  <end>2026-08-14T04:43:23.301713+00:00</end>
                </TimeSpan>
                <Point>
                  <coordinates>8.523321827032547,47.3715045208158,0</coordinates>
                </Point>
              </Placemark>
              <Placemark>
                <name>Telemetry 1</name>
                <styleUrl>#modifiedtelemetry</styleUrl>
                <TimeSpan>
                  <begin>2026-08-14T04:43:23.301713+00:00</begin>
                  <end>2026-08-14T04:43:24.301713+00:00</end>
                </TimeSpan>
                <Point>
                  <coordinates>8.523282890548819,47.371540881223694,0</coordinates>
                </Point>
              </Placemark>
              <Placemark>
                <name>Telemetry 2</name>
                <styleUrl>#modifiedtelemetry</styleUrl>
                <TimeSpan>
                  <begin>2026-08-14T04:43:24.301713+00:00</begin>
                  <end>2026-08-14T04:43:25.301713+00:00</end>
                </TimeSpan>
                <Point>
                  <coordinates>8.52324395406509,47.37157724163159,0</coordinates>
                </Point>
              </Placemark>
              <Placemark>
                <name>Telemetry 3</name>
                <styleUrl>#modifiedtelemetry</styleUrl>
                <TimeSpan>
                  <begin>2026-08-14T04:43:25.301713+00:00</begin>
                  <end>2026-08-14T04:43:26.301713+00:00</end>
                </TimeSpan>
                <Point>
                  <coordinates>8.523205017581365,47.37161360203949,0</coordinates>
                </Point>
              </Placemark>
              <Placemark>
                <name>Telemetry 4</name>
                <styleUrl>#modifiedtelemetry</styleUrl>
                <TimeSpan>
                  <begin>2026-08-14T04:43:26.301713+00:00</begin>
                  <end>2026-08-14T04:43:27.301713+00:00</end>
                </TimeSpan>
                <Point>
                  <coordinates>8.523166081097637,47.371649962447385,0</coordinates>
                </Point>
              </Placemark>
              <Placemark>
                <name>Telemetry 5</name>
                <styleUrl>#modifiedtelemetry</styleUrl>
                <TimeSpan>
                  <begin>2026-08-14T04:43:27.301713+00:00</begin>
                  <end>2026-08-14T04:43:28.301713+00:00</end>
                </TimeSpan>
                <Point>
                  <coordinates>8.523118769605144,47.37168134446735,0</coordinates>
                </Point>
              </Placemark>
              <Placemark>
                <name>Telemetry 6</name>
                <styleUrl>#modifiedtelemetry</styleUrl>
                <TimeSpan>
                  <begin>2026-08-14T04:43:28.301713+00:00</begin>
                  <end>2026-08-14T04:43:29.301713+00:00</end>
                </TimeSpan>
                <Point>
                  <coordinates>8.523070583658326,47.37171220668214,0</coordinates>
                </Point>
              </Placemark>
              <Placemark>
                <name>Telemetry 7</name>
                <styleUrl>#modifiedtelemetry</styleUrl>
                <TimeSpan>
                  <begin>2026-08-14T04:43:29.301713+00:00</begin>
                  <end>2026-08-14T04:43:30.301713+00:00</end>
                </TimeSpan>
                <Point>
                  <coordinates>8.523022397711506,47.371743068896926,0</coordinates>
                </Point>
              </Placemark>
              <Placemark>
                <name>Telemetry 8</name>
                <styleUrl>#modifiedtelemetry</styleUrl>
                <TimeSpan>
                  <begin>2026-08-14T04:43:30.301713+00:00</begin>
                  <end>2026-08-14T04:43:31.301713+00:00</end>
                </TimeSpan>
                <Point>
                  <coordinates>8.5229757392881,47.371774910132885,0</coordinates>
                </Point>
              </Placemark>
              <Placemark>
                <name>Telemetry 9</name>
                <styleUrl>#modifiedtelemetry</styleUrl>
                <TimeSpan>
                  <begin>2026-08-14T04:43:31.301713+00:00</begin>
                  <end>2026-08-14T04:43:32.301713+00:00</end>
                </TimeSpan>
                <Point>
                  <coordinates>8.522932891599606,47.371809193747204,0</coordinates>
                </Point>
              </Placemark>
              <Placemark>
                <name>Telemetry 10</name>
                <styleUrl>#modifiedtelemetry</styleUrl>
                <TimeSpan>
                  <begin>2026-08-14T04:43:32.301713+00:00</begin>
                  <end>2026-08-14T04:43:33.301713+00:00</end>
                </TimeSpan>
                <Point>
                  <coordinates>8.522890043911113,47.37184347736152,0</coordinates>
                </Point>
              </Placemark>
              <Placemark>
                <name>Telemetry 11</name>
                <styleUrl>#modifiedtelemetry</styleUrl>
                <TimeSpan>
                  <begin>2026-08-14T04:43:33.301713+00:00</begin>
                  <end>2026-08-14T04:43:34.301713+00:00</end>
                </TimeSpan>
                <Point>
                  <coordinates>8.52284719622262,47.37187776097584,0</coordinates>
                </Point>
              </Placemark>
              <Placemark>
                <name>Telemetry 12</name>
                <styleUrl>#modifiedtelemetry</styleUrl>
                <TimeSpan>
                  <begin>2026-08-14T04:43:34.301713+00:00</begin>
                  <end>2026-08-14T04:43:35.301713+00:00</end>
                </TimeSpan>
                <Point>
                  <coordinates>8.522804348534127,47.37191204459016,0</coordinates>
                </Point>
              </Placemark>
              <Placemark>
                <name>Telemetry 13</name>
                <styleUrl>#modifiedtelemetry</styleUrl>
                <TimeSpan>
                  <begin>2026-08-14T04:43:35.301713+00:00</begin>
                  <end>2026-08-14T04:43:36.301713+00:00</end>
                </TimeSpan>
                <Point>
                  <coordinates>8.522761500845634,47.37194632820448,0</coordinates>
                </Point>
              </Placemark>
              <Placemark>
                <name>Telemetry 14</name>
                <styleUrl>#modifiedtelemetry</styleUrl>
                <TimeSpan>
                  <begin>2026-08-14T04:43:36.301713+00:00</begin>
                  <end>2026-08-14T04:43:37.301713+00:00</end>
                </TimeSpan>
                <Point>
                  <coordinates>8.522718653157142,47.371980611818806,0</coordinates>
                </Point>
              </Placemark>
              <Placemark>
                <name>Telemetry 15</name>
                <styleUrl>#modifiedtelemetry</styleUrl>
                <TimeSpan>
                  <begin>2026-08-14T04:43:37.301713+00:00</begin>
                  <end>2026-08-14T04:43:38.301713+00:00</end>
                </TimeSpan>
                <Point>
                  <coordinates>8.522675805468648,47.372014895433125,0</coordinates>
                </Point>
              </Placemark>
              <Placemark>
                <name>Telemetry 16</name>
                <styleUrl>#modifiedtelemetry</styleUrl>
                <TimeSpan>
                  <begin>2026-08-14T04:43:38.301713+00:00</begin>
                  <end>2026-08-14T04:43:39.301713+00:00</end>
                </TimeSpan>
                <Point>
                  <coordinates>8.522630095760274,47.37204743572325,0</coordinates>
                </Point>
              </Placemark>
              <Placemark>
                <name>Telemetry 17</name>
                <styleUrl>#modifiedtelemetry</styleUrl>
                <TimeSpan>
                  <begin>2026-08-14T04:43:39.301713+00:00</begin>
                  <end>2026-08-14T04:43:40.301713+00:00</end>
                </TimeSpan>
                <Point>
                  <coordinates>8.522580799973472,47.372082380767935,0</coordinates>
                </Point>
              </Placemark>
              <Placemark>
                <name>Telemetry 18</name>
                <styleUrl>#modifiedtelemetry</styleUrl>
                <TimeSpan>
                  <begin>2026-08-14T04:43:40.301713+00:00</begin>
                  <end>2026-08-14T04:43:41.301713+00:00</end>
                </TimeSpan>
                <Point>
                  <coordinates>8.52253150418667,47.372117325812624,0</coordinates>
                </Point>
              </Placemark>
              <Placemark>
                <name>Telemetry 19</name>
                <styleUrl>#modifiedtelemetry</styleUrl>
                <TimeSpan>
                  <begin>2026-08-14T04:43:41.301713+00:00</begin>
                  <end>2026-08-14T04:43:42.301713+00:00</end>
                </TimeSpan>
                <Point>
                  <coordinates>8.52248220839987,47.372152270857306,0</coordinates>
                </Point>
              </Placemark>
              <Placemark>
                <name>Telemetry 20</name>
                <styleUrl>#modifiedtelemetry</styleUrl>
                <TimeSpan>
                  <begin>2026-08-14T04:43:42.301713+00:00</begin>
                  <end>2026-08-14T04:43:43.301713+00:00</end>
                </TimeSpan>
                <Point>
                  <coordinates>8.522432912613064,47.372187215901995,0</coordinates>
                </Point>
              </Placemark>
              <Placemark>
                <name>Telemetry 21</name>
                <styleUrl>#modifiedtelemetry</styleUrl>
                <TimeSpan>
                  <begin>2026-08-14T04:43:43.301713+00:00</begin>
                  <end>2026-08-14T04:43:44.301713+00:00</end>
                </TimeSpan>
                <Point>
                  <coordinates>8.522383616826263,47.37222216094668,0</coordinates>
                </Point>
              </Placemark>
              <Placemark>
                <name>Telemetry 22</name>
                <styleUrl>#modifiedtelemetry</styleUrl>
                <TimeSpan>
                  <begin>2026-08-14T04:43:44.301713+00:00</begin>
                  <end>2026-08-14T04:43:45.301713+00:00</end>
                </TimeSpan>
                <Point>
                  <coordinates>8.52233432103946,47.372257105991366,0</coordinates>
                </Point>
              </Placemark>
              <Placemark>
                <name>Telemetry 23</name>
                <styleUrl>#modifiedtelemetry</styleUrl>
                <TimeSpan>
                  <begin>2026-08-14T04:43:45.301713+00:00</begin>
                  <end>2026-08-14T04:43:46.301713+00:00</end>
                </TimeSpan>
                <Point>
                  <coordinates>8.52228502525266,47.37229205103605,0</coordinates>
                </Point>
              </Placemark>
              <Placemark>
                <name>Telemetry 24</name>
                <styleUrl>#modifiedtelemetry</styleUrl>
                <TimeSpan>
                  <begin>2026-08-14T04:43:46.301713+00:00</begin>
                  <end>2026-08-14T04:43:47.301713+00:00</end>
                </TimeSpan>
                <Point>
                  <coordinates>8.522235729465857,47.37232699608074,0</coordinates>
                </Point>
              </Placemark>
              <Placemark>
                <name>Telemetry 25</name>
                <styleUrl>#modifiedtelemetry</styleUrl>
                <TimeSpan>
                  <begin>2026-08-14T04:43:47.301713+00:00</begin>
                  <end>2026-08-14T04:43:48.301713+00:00</end>
                </TimeSpan>
                <Point>
                  <coordinates>8.522186433679055,47.37236194112542,0</coordinates>
                </Point>
              </Placemark>
              <Placemark>
                <name>Telemetry 26</name>
                <styleUrl>#modifiedtelemetry</styleUrl>
                <TimeSpan>
                  <begin>2026-08-14T04:43:48.301713+00:00</begin>
                  <end>2026-08-14T04:43:49.301713+00:00</end>
                </TimeSpan>
                <Point>
                  <coordinates>8.522137137892253,47.37239688617011,0</coordinates>
                </Point>
              </Placemark>
              <Placemark>
                <name>Telemetry 27</name>
                <styleUrl>#modifiedtelemetry</styleUrl>
                <TimeSpan>
                  <begin>2026-08-14T04:43:49.301713+00:00</begin>
                  <end>2026-08-14T04:43:50.301713+00:00</end>
                </TimeSpan>
                <Point>
                  <coordinates>8.522087838468211,47.37243182886079,0</coordinates>
                </Point>
              </Placemark>
              <Placemark>
                <name>Telemetry 28</name>
                <styleUrl>#modifiedtelemetry</styleUrl>
                <TimeSpan>
                  <begin>2026-08-14T04:43:50.301713+00:00</begin>
                  <end>2026-08-14T04:43:51.301713+00:00</end>
                </TimeSpan>
                <Point>
                  <coordinates>8.522032112466293,47.37247131013179,0</coordinates>
                </Point>
              </Placemark>
              <Placemark>
                <name>Telemetry 29</name>
                <styleUrl>#modifiedtelemetry</styleUrl>
                <TimeSpan>
                  <begin>2026-08-14T04:43:51.301713+00:00</begin>
                  <end>2026-08-14T04:43:52.301713+00:00</end>
                </TimeSpan>
                <Point>
                  <coordinates>8.521976386464376,47.37251079140279,0</coordinates>
                </Point>
              </Placemark>
              <Placemark>
                <name>Telemetry 30</name>
                <styleUrl>#modifiedtelemetry</styleUrl>
                <TimeSpan>
                  <begin>2026-08-14T04:43:52.301713+00:00</begin>
                  <end>2026-08-14T04:43:53.301713+00:00</end>
                </TimeSpan>
                <Point>
                  <coordinates>8.521920660462458,47.37255027267379,0</coordinates>
                </Point>
              </Placemark>
              <Placemark>
                <name>Telemetry 31</name>
                <styleUrl>#modifiedtelemetry</styleUrl>
                <TimeSpan>
                  <begin>2026-08-14T04:43:53.301713+00:00</begin>
                  <end>2026-08-14T04:43:54.301713+00:00</end>
                </TimeSpan>
                <Point>
                  <coordinates>8.521864934460542,47.37258975394479,0</coordinates>
                </Point>
              </Placemark>
              <Placemark>
                <name>Telemetry 32</name>
                <styleUrl>#modifiedtelemetry</styleUrl>
                <TimeSpan>
                  <begin>2026-08-14T04:43:54.301713+00:00</begin>
                  <end>2026-08-14T04:43:55.301713+00:00</end>
                </TimeSpan>
                <Point>
                  <coordinates>8.521809208458624,47.37262923521579,0</coordinates>
                </Point>
              </Placemark>
              <Placemark>
                <name>Telemetry 33</name>
                <styleUrl>#modifiedtelemetry</styleUrl>
                <TimeSpan>
                  <begin>2026-08-14T04:43:55.301713+00:00</begin>
                  <end>2026-08-14T04:43:56.301713+00:00</end>
                </TimeSpan>
                <Point>
                  <coordinates>8.521753482456708,47.372668716486785,0</coordinates>
                </Point>
              </Placemark>
              <Placemark>
                <name>Telemetry 34</name>
                <styleUrl>#modifiedtelemetry</styleUrl>
                <TimeSpan>
                  <begin>2026-08-14T04:43:56.301713+00:00</begin>
                  <end>2026-08-14T04:43:57.301713+00:00</end>
                </TimeSpan>
                <Point>
                  <coordinates>8.521697756454788,47.37270819775779,0</coordinates>
                </Point>
              </Placemark>
              <Placemark>
                <name>Telemetry 35</name>
                <styleUrl>#modifiedtelemetry</styleUrl>
                <TimeSpan>
                  <begin>2026-08-14T04:43:57.301713+00:00</begin>
                  <end>2026-08-14T04:43:58.301713+00:00</end>
                </TimeSpan>
                <Point>
                  <coordinates>8.52164203045287,47.372747679028784,0</coordinates>
                </Point>
              </Placemark>
              <Placemark>
                <name>Telemetry 36</name>
                <styleUrl>#modifiedtelemetry</styleUrl>
                <TimeSpan>
                  <begin>2026-08-14T04:43:58.301713+00:00</begin>
                  <end>2026-08-14T04:43:59.301713+00:00</end>
                </TimeSpan>
                <Point>
                  <coordinates>8.521586304450953,47.37278716029979,0</coordinates>
                </Point>
              </Placemark>
              <Placemark>
                <name>Telemetry 37</name>
                <styleUrl>#modifiedtelemetry</styleUrl>
                <TimeSpan>
                  <begin>2026-08-14T04:43:59.301713+00:00</begin>
                  <end>2026-08-14T04:44:00.301713+00:00</end>
                </TimeSpan>
                <Point>
                  <coordinates>8.521530578449035,47.37282664157078,0</coordinates>
                </Point>
              </Placemark>
              <Placemark>
                <name>Telemetry 38</name>
                <styleUrl>#modifiedtelemetry</styleUrl>
                <TimeSpan>
                  <begin>2026-08-14T04:44:00.301713+00:00</begin>
                  <end>2026-08-14T04:44:01.301713+00:00</end>
                </TimeSpan>
                <Point>
                  <coordinates>8.521474852447117,47.372866122841785,0</coordinates>
                </Point>
              </Placemark>
              <Placemark>
                <name>Telemetry 39</name>
                <styleUrl>#modifiedtelemetry</styleUrl>
                <TimeSpan>
                  <begin>2026-08-14T04:44:01.301713+00:00</begin>
                  <end>2026-08-14T04:44:02.301713+00:00</end>
                </TimeSpan>
                <Point>
                  <coordinates>8.5214191264452,47.37290560411278,0</coordinates>
                </Point>
              </Placemark>
              <Placemark>
                <name>Telemetry 40</name>
                <styleUrl>#modifiedtelemetry</styleUrl>
                <TimeSpan>
                  <begin>2026-08-14T04:44:02.301713+00:00</begin>
                  <end>2026-08-14T04:44:03.301713+00:00</end>
                </TimeSpan>
                <Point>
                  <coordinates>8.521363400443283,47.37294508538378,0</coordinates>
                </Point>
              </Placemark>
              <Placemark>
                <name>Telemetry 41</name>
                <styleUrl>#modifiedtelemetry</styleUrl>
                <TimeSpan>
                  <begin>2026-08-14T04:44:03.301713+00:00</begin>
                  <end>2026-08-14T04:44:04.301713+00:00</end>
                </TimeSpan>
                <Point>
                  <coordinates>8.521307674441365,47.37298456665478,0</coordinates>
                </Point>
              </Placemark>
              <Placemark>
                <name>Telemetry 42</name>
                <styleUrl>#modifiedtelemetry</styleUrl>
                <TimeSpan>
                  <begin>2026-08-14T04:44:04.301713+00:00</begin>
                  <end>2026-08-14T04:44:05.301713+00:00</end>
                </TimeSpan>
                <Point>
                  <coordinates>8.521251948439447,47.37302404792578,0</coordinates>
                </Point>
              </Placemark>
              <Placemark>
                <name>Telemetry 43</name>
                <styleUrl>#modifiedtelemetry</styleUrl>
                <TimeSpan>
                  <begin>2026-08-14T04:44:05.301713+00:00</begin>
                  <end>2026-08-14T04:44:06.301713+00:00</end>
                </TimeSpan>
                <Point>
                  <coordinates>8.52119622243753,47.37306352919678,0</coordinates>
                </Point>
              </Placemark>
              <Placemark>
                <name>Telemetry 44</name>
                <styleUrl>#modifiedtelemetry</styleUrl>
                <TimeSpan>
                  <begin>2026-08-14T04:44:06.301713+00:00</begin>
                  <end>2026-08-14T04:44:07.301713+00:00</end>
                </TimeSpan>
                <Point>
                  <coordinates>8.521140496435612,47.37310301046778,0</coordinates>
                </Point>
              </Placemark>
              <Placemark>
                <name>Telemetry 45</name>
                <styleUrl>#modifiedtelemetry</styleUrl>
                <TimeSpan>
                  <begin>2026-08-14T04:44:07.301713+00:00</begin>
                  <end>2026-08-14T04:44:08.301713+00:00</end>
                </TimeSpan>
                <Point>
                  <coordinates>8.521084770433694,47.373142491738776,0</coordinates>
                </Point>
              </Placemark>
              <Placemark>
                <name>Telemetry 46</name>
                <styleUrl>#modifiedtelemetry</styleUrl>
                <TimeSpan>
                  <begin>2026-08-14T04:44:08.301713+00:00</begin>
                  <end>2026-08-14T04:44:09.301713+00:00</end>
                </TimeSpan>
                <Point>
                  <coordinates>8.521029997240193,47.37318257084312,0</coordinates>
                </Point>
              </Placemark>
              <Placemark>
                <name>Telemetry 47</name>
                <styleUrl>#modifiedtelemetry</styleUrl>
                <TimeSpan>
                  <begin>2026-08-14T04:44:09.301713+00:00</begin>
                  <end>2026-08-14T04:44:10.301713+00:00</end>
                </TimeSpan>
                <Point>
                  <coordinates>8.520963533997929,47.37323270220549,0</coordinates>
                </Point>
              </Placemark>
              <Placemark>
                <name>Telemetry 48</name>
                <styleUrl>#modifiedtelemetry</styleUrl>
                <TimeSpan>
                  <begin>2026-08-14T04:44:10.301713+00:00</begin>
                  <end>2026-08-14T04:44:11.301713+00:00</end>
                </TimeSpan>
                <Point>
                  <coordinates>8.520897070755662,47.37328283356786,0</coordinates>
                </Point>
              </Placemark>
              <Placemark>
                <name>Telemetry 49</name>
                <styleUrl>#modifiedtelemetry</styleUrl>
                <TimeSpan>
                  <begin>2026-08-14T04:44:11.301713+00:00</begin>
                  <end>2026-08-14T04:44:12.301713+00:00</end>
                </TimeSpan>
                <Point>
                  <coordinates>8.520830607513398,47.37333296493023,0</coordinates>
                </Point>
              </Placemark>
              <Placemark>
                <name>Telemetry 50</name>
                <styleUrl>#modifiedtelemetry</styleUrl>
                <TimeSpan>
                  <begin>2026-08-14T04:44:12.301713+00:00</begin>
                  <end>2026-08-14T04:44:13.301713+00:00</end>
                </TimeSpan>
                <Point>
                  <coordinates>8.520764144271133,47.3733830962926,0</coordinates>
                </Point>
              </Placemark>
              <Placemark>
                <name>Telemetry 51</name>
                <styleUrl>#modifiedtelemetry</styleUrl>
                <TimeSpan>
                  <begin>2026-08-14T04:44:13.301713+00:00</begin>
                  <end>2026-08-14T04:44:14.301713+00:00</end>
                </TimeSpan>
                <Point>
                  <coordinates>8.520697681028867,47.37343322765497,0</coordinates>
                </Point>
              </Placemark>
              <Placemark>
                <name>Telemetry 52</name>
                <styleUrl>#modifiedtelemetry</styleUrl>
                <TimeSpan>
                  <begin>2026-08-14T04:44:14.301713+00:00</begin>
                  <end>2026-08-14T04:44:15.301713+00:00</end>
                </TimeSpan>
                <Point>
                  <coordinates>8.520631217786603,47.373483359017335,0</coordinates>
                </Point>
              </Placemark>
              <Placemark>
                <name>Telemetry 53</name>
                <styleUrl>#modifiedtelemetry</styleUrl>
                <TimeSpan>
                  <begin>2026-08-14T04:44:15.301713+00:00</begin>
                  <end>2026-08-14T04:44:16.301713+00:00</end>
                </TimeSpan>
                <Point>
                  <coordinates>8.520564754544338,47.37353349037971,0</coordinates>
                </Point>
              </Placemark>
              <Placemark>
                <name>Telemetry 54</name>
                <styleUrl>#modifiedtelemetry</styleUrl>
                <TimeSpan>
                  <begin>2026-08-14T04:44:16.301713+00:00</begin>
                  <end>2026-08-14T04:44:17.301713+00:00</end>
                </TimeSpan>
                <Point>
                  <coordinates>8.520498291302074,47.37358362174207,0</coordinates>
                </Point>
              </Placemark>
              <Placemark>
                <name>Telemetry 55</name>
                <styleUrl>#modifiedtelemetry</styleUrl>
                <TimeSpan>
                  <begin>2026-08-14T04:44:17.301713+00:00</begin>
                  <end>2026-08-14T04:44:18.301713+00:00</end>
                </TimeSpan>
                <Point>
                  <coordinates>8.520431828059808,47.37363375310444,0</coordinates>
                </Point>
              </Placemark>
              <Placemark>
                <name>Telemetry 56</name>
                <styleUrl>#modifiedtelemetry</styleUrl>
                <TimeSpan>
                  <begin>2026-08-14T04:44:18.301713+00:00</begin>
                  <end>2026-08-14T04:44:19.301713+00:00</end>
                </TimeSpan>
                <Point>
                  <coordinates>8.520365364817543,47.373683884466814,0</coordinates>
                </Point>
              </Placemark>
              <Placemark>
                <name>Telemetry 57</name>
                <styleUrl>#modifiedtelemetry</styleUrl>
                <TimeSpan>
                  <begin>2026-08-14T04:44:19.301713+00:00</begin>
                  <end>2026-08-14T04:44:20.301713+00:00</end>
                </TimeSpan>
                <Point>
                  <coordinates>8.520303903282091,47.37373680594896,0</coordinates>
                </Point>
              </Placemark>
              <Placemark>
                <name>Telemetry 58</name>
                <styleUrl>#modifiedtelemetry</styleUrl>
                <TimeSpan>
                  <begin>2026-08-14T04:44:20.301713+00:00</begin>
                  <end>2026-08-14T04:44:21.301713+00:00</end>
                </TimeSpan>
                <Point>
                  <coordinates>8.520235595452737,47.373798117289056,0</coordinates>
                </Point>
              </Placemark>
              <Placemark>
                <name>Telemetry 59</name>
                <styleUrl>#modifiedtelemetry</styleUrl>
                <TimeSpan>
                  <begin>2026-08-14T04:44:21.301713+00:00</begin>
                  <end>2026-08-14T04:44:22.301713+00:00</end>
                </TimeSpan>
                <Point>
                  <coordinates>8.520167287623382,47.373859428629146,0</coordinates>
                </Point>
              </Placemark>
              <Placemark>
                <name>Telemetry 60</name>
                <styleUrl>#modifiedtelemetry</styleUrl>
                <TimeSpan>
                  <begin>2026-08-14T04:44:22.301713+00:00</begin>
                  <end>2026-08-14T04:44:23.301713+00:00</end>
                </TimeSpan>
                <Point>
                  <coordinates>8.520098979794028,47.37392073996924,0</coordinates>
                </Point>
              </Placemark>
              <Placemark>
                <name>Telemetry 61</name>
                <styleUrl>#modifiedtelemetry</styleUrl>
                <TimeSpan>
                  <begin>2026-08-14T04:44:23.301713+00:00</begin>
                  <end>2026-08-14T04:44:24.301713+00:00</end>
                </TimeSpan>
                <Point>
                  <coordinates>8.520030671964673,47.37398205130934,0</coordinates>
                </Point>
              </Placemark>
              <Placemark>
                <name>Telemetry 62</name>
                <styleUrl>#modifiedtelemetry</styleUrl>
                <TimeSpan>
                  <begin>2026-08-14T04:44:24.301713+00:00</begin>
                  <end>2026-08-14T04:44:25.301713+00:00</end>
                </TimeSpan>
                <Point>
                  <coordinates>8.519962364135319,47.37404336264943,0</coordinates>
                </Point>
              </Placemark>
              <Placemark>
                <name>Telemetry 63</name>
                <styleUrl>#modifiedtelemetry</styleUrl>
                <TimeSpan>
                  <begin>2026-08-14T04:44:25.301713+00:00</begin>
                  <end>2026-08-14T04:44:26.301713+00:00</end>
                </TimeSpan>
                <Point>
                  <coordinates>8.519895098918301,47.374105167193115,0</coordinates>
                </Point>
              </Placemark>
            </Folder>
          </Folder>
        </Folder>
        <Folder>
          <name>Service Provider polling</name>
        </Folder>
        <Folder>
          <name>Service Provider polling</name>
        </Folder>
        <Folder>
          <name>Service Provider polling</name>
        </Folder>
        <Folder>
          <name>Service Provider polling</name>
        </Folder>
        <Folder>
          <name>Service Provider polling</name>
        </Folder>
        <Folder>
          <name>Verify operator notification</name>
        </Folder>
        <Folder>
          <name>Intermediate cleanup</name>
        </Folder>
        <Folder>
          <name>Retrieve pre-existing operator notification</name>
        </Folder>
        <Folder>
          <name>Injection</name>
          <Folder>
            <name>E24: uss1 interuss.automated_testing.rid.v1.injection.createTest</name>
            <Folder>
              <name>Test flight 1828b329-583c-4615-816a-9295ee7fb7f3</name>
              <Placemark>
                <name>Telemetry 0</name>
                <styleUrl>#modifiedtelemetry</styleUrl>
                <TimeSpan>
                  <begin>2026-08-14T04:43:32.804327+00:00</begin>
                  <end>2026-08-14T04:43:33.804327+00:00</end>
                </TimeSpan>
                <Point>
                  <coordinates>8.523321827032547,47.3715045208158,0</coordinates>
                </Point>
              </Placemark>
              <Placemark>
                <name>Telemetry 1</name>
                <styleUrl>#modifiedtelemetry</styleUrl>
                <TimeSpan>
                  <begin>2026-08-14T04:43:33.804327+00:00</begin>
                  <end>2026-08-14T04:43:34.804327+00:00</end>
                </TimeSpan>
                <Point>
                  <coordinates>8.523282890548819,47.371540881223694,0</coordinates>
                </Point>
              </Placemark>
              <Placemark>
                <name>Telemetry 2</name>
                <styleUrl>#modifiedtelemetry</styleUrl>
                <TimeSpan>
                  <begin>2026-08-14T04:43:34.804327+00:00</begin>
                  <end>2026-08-14T04:43:35.804327+00:00</end>
                </TimeSpan>
                <Point>
                  <coordinates>8.52324395406509,47.37157724163159,0</coordinates>
                </Point>
              </Placemark>
              <Placemark>
                <name>Telemetry 3</name>
                <styleUrl>#modifiedtelemetry</styleUrl>
                <TimeSpan>
                  <begin>2026-08-14T04:43:35.804327+00:00</begin>
                  <end>2026-08-14T04:43:36.804327+00:00</end>
                </TimeSpan>
                <Point>
                  <coordinates>8.523205017581365,47.37161360203949,0</coordinates>
                </Point>
              </Placemark>
              <Placemark>
                <name>Telemetry 4</name>
                <styleUrl>#modifiedtelemetry</styleUrl>
                <TimeSpan>
                  <begin>2026-08-14T04:43:36.804327+00:00</begin>
                  <end>2026-08-14T04:43:37.804327+00:00</end>
                </TimeSpan>
                <Point>
                  <coordinates>8.523166081097637,47.371649962447385,0</coordinates>
                </Point>
              </Placemark>
              <Placemark>
                <name>Telemetry 5</name>
                <styleUrl>#modifiedtelemetry</styleUrl>
                <TimeSpan>
                  <begin>2026-08-14T04:43:37.804327+00:00</begin>
                  <end>2026-08-14T04:43:38.804327+00:00</end>
                </TimeSpan>
                <Point>
                  <coordinates>8.523118769605144,47.37168134446735,0</coordinates>
                </Point>
              </Placemark>
              <Placemark>
                <name>Telemetry 6</name>
                <styleUrl>#modifiedtelemetry</styleUrl>
                <TimeSpan>
                  <begin>2026-08-14T04:43:38.804327+00:00</begin>
                  <end>2026-08-14T04:43:39.804327+00:00</end>
                </TimeSpan>
                <Point>
                  <coordinates>8.523070583658326,47.37171220668214,0</coordinates>
                </Point>
              </Placemark>
              <Placemark>
                <name>Telemetry 7</name>
                <styleUrl>#modifiedtelemetry</styleUrl>
                <TimeSpan>
                  <begin>2026-08-14T04:43:39.804327+00:00</begin>
                  <end>2026-08-14T04:43:40.804327+00:00</end>
                </TimeSpan>
                <Point>
                  <coordinates>8.523022397711506,47.371743068896926,0</coordinates>
                </Point>
              </Placemark>
              <Placemark>
                <name>Telemetry 8</name>
                <styleUrl>#modifiedtelemetry</styleUrl>
                <TimeSpan>
                  <begin>2026-08-14T04:43:40.804327+00:00</begin>
                  <end>2026-08-14T04:43:41.804327+00:00</end>
                </TimeSpan>
                <Point>
                  <coordinates>8.5229757392881,47.371774910132885,0</coordinates>
                </Point>
              </Placemark>
              <Placemark>
                <name>Telemetry 9</name>
                <styleUrl>#modifiedtelemetry</styleUrl>
                <TimeSpan>
                  <begin>2026-08-14T04:43:41.804327+00:00</begin>
                  <end>2026-08-14T04:43:42.804327+00:00</end>
                </TimeSpan>
                <Point>
                  <coordinates>8.522932891599606,47.371809193747204,0</coordinates>
                </Point>
              </Placemark>
              <Placemark>
                <name>Telemetry 10</name>
                <styleUrl>#modifiedtelemetry</styleUrl>
                <TimeSpan>
                  <begin>2026-08-14T04:43:42.804327+00:00</begin>
                  <end>2026-08-14T04:43:43.804327+00:00</end>
                </TimeSpan>
                <Point>
                  <coordinates>8.522890043911113,47.37184347736152,0</coordinates>
                </Point>
              </Placemark>
              <Placemark>
                <name>Telemetry 11</name>
                <styleUrl>#modifiedtelemetry</styleUrl>
                <TimeSpan>
                  <begin>2026-08-14T04:43:43.804327+00:00</begin>
                  <end>2026-08-14T04:43:44.804327+00:00</end>
                </TimeSpan>
                <Point>
                  <coordinates>8.52284719622262,47.37187776097584,0</coordinates>
                </Point>
              </Placemark>
              <Placemark>
                <name>Telemetry 12</name>
                <styleUrl>#modifiedtelemetry</styleUrl>
                <TimeSpan>
                  <begin>2026-08-14T04:43:44.804327+00:00</begin>
                  <end>2026-08-14T04:43:45.804327+00:00</end>
                </TimeSpan>
                <Point>
                  <coordinates>8.522804348534127,47.37191204459016,0</coordinates>
                </Point>
              </Placemark>
              <Placemark>
                <name>Telemetry 13</name>
                <styleUrl>#modifiedtelemetry</styleUrl>
                <TimeSpan>
                  <begin>2026-08-14T04:43:45.804327+00:00</begin>
                  <end>2026-08-14T04:43:46.804327+00:00</end>
                </TimeSpan>
                <Point>
                  <coordinates>8.522761500845634,47.37194632820448,0</coordinates>
                </Point>
              </Placemark>
              <Placemark>
                <name>Telemetry 14</name>
                <styleUrl>#modifiedtelemetry</styleUrl>
                <TimeSpan>
                  <begin>2026-08-14T04:43:46.804327+00:00</begin>
                  <end>2026-08-14T04:43:47.804327+00:00</end>
                </TimeSpan>
                <Point>
                  <coordinates>8.522718653157142,47.371980611818806,0</coordinates>
                </Point>
              </Placemark>
              <Placemark>
                <name>Telemetry 15</name>
                <styleUrl>#modifiedtelemetry</styleUrl>
                <TimeSpan>
                  <begin>2026-08-14T04:43:47.804327+00:00</begin>
                  <end>2026-08-14T04:43:48.804327+00:00</end>
                </TimeSpan>
                <Point>
                  <coordinates>8.522675805468648,47.372014895433125,0</coordinates>
                </Point>
              </Placemark>
              <Placemark>
                <name>Telemetry 16</name>
                <styleUrl>#modifiedtelemetry</styleUrl>
                <TimeSpan>
                  <begin>2026-08-14T04:43:48.804327+00:00</begin>
                  <end>2026-08-14T04:43:49.804327+00:00</end>
                </TimeSpan>
                <Point>
                  <coordinates>8.522630095760274,47.37204743572325,0</coordinates>
                </Point>
              </Placemark>
              <Placemark>
                <name>Telemetry 17</name>
                <styleUrl>#modifiedtelemetry</styleUrl>
                <TimeSpan>
                  <begin>2026-08-14T04:43:49.804327+00:00</begin>
                  <end>2026-08-14T04:43:50.804327+00:00</end>
                </TimeSpan>
                <Point>
                  <coordinates>8.522580799973472,47.372082380767935,0</coordinates>
                </Point>
              </Placemark>
              <Placemark>
                <name>Telemetry 18</name>
                <styleUrl>#modifiedtelemetry</styleUrl>
                <TimeSpan>
                  <begin>2026-08-14T04:43:50.804327+00:00</begin>
                  <end>2026-08-14T04:43:51.804327+00:00</end>
                </TimeSpan>
                <Point>
                  <coordinates>8.52253150418667,47.372117325812624,0</coordinates>
                </Point>
              </Placemark>
              <Placemark>
                <name>Telemetry 19</name>
                <styleUrl>#modifiedtelemetry</styleUrl>
                <TimeSpan>
                  <begin>2026-08-14T04:43:51.804327+00:00</begin>
                  <end>2026-08-14T04:43:52.804327+00:00</end>
                </TimeSpan>
                <Point>
                  <coordinates>8.52248220839987,47.372152270857306,0</coordinates>
                </Point>
              </Placemark>
              <Placemark>
                <name>Telemetry 20</name>
                <styleUrl>#modifiedtelemetry</styleUrl>
                <TimeSpan>
                  <begin>2026-08-14T04:43:52.804327+00:00</begin>
                  <end>2026-08-14T04:43:53.804327+00:00</end>
                </TimeSpan>
                <Point>
                  <coordinates>8.522432912613064,47.372187215901995,0</coordinates>
                </Point>
              </Placemark>
              <Placemark>
                <name>Telemetry 21</name>
                <styleUrl>#modifiedtelemetry</styleUrl>
                <TimeSpan>
                  <begin>2026-08-14T04:43:53.804327+00:00</begin>
                  <end>2026-08-14T04:43:54.804327+00:00</end>
                </TimeSpan>
                <Point>
                  <coordinates>8.522383616826263,47.37222216094668,0</coordinates>
                </Point>
              </Placemark>
              <Placemark>
                <name>Telemetry 22</name>
                <styleUrl>#modifiedtelemetry</styleUrl>
                <TimeSpan>
                  <begin>2026-08-14T04:43:54.804327+00:00</begin>
                  <end>2026-08-14T04:43:55.804327+00:00</end>
                </TimeSpan>
                <Point>
                  <coordinates>8.52233432103946,47.372257105991366,0</coordinates>
                </Point>
              </Placemark>
              <Placemark>
                <name>Telemetry 23</name>
                <styleUrl>#modifiedtelemetry</styleUrl>
                <TimeSpan>
                  <begin>2026-08-14T04:43:55.804327+00:00</begin>
                  <end>2026-08-14T04:43:56.804327+00:00</end>
                </TimeSpan>
                <Point>
                  <coordinates>8.52228502525266,47.37229205103605,0</coordinates>
                </Point>
              </Placemark>
              <Placemark>
                <name>Telemetry 24</name>
                <styleUrl>#modifiedtelemetry</styleUrl>
                <TimeSpan>
                  <begin>2026-08-14T04:43:56.804327+00:00</begin>
                  <end>2026-08-14T04:43:57.804327+00:00</end>
                </TimeSpan>
                <Point>
                  <coordinates>8.522235729465857,47.37232699608074,0</coordinates>
                </Point>
              </Placemark>
              <Placemark>
                <name>Telemetry 25</name>
                <styleUrl>#modifiedtelemetry</styleUrl>
                <TimeSpan>
                  <begin>2026-08-14T04:43:57.804327+00:00</begin>
                  <end>2026-08-14T04:43:58.804327+00:00</end>
                </TimeSpan>
                <Point>
                  <coordinates>8.522186433679055,47.37236194112542,0</coordinates>
                </Point>
              </Placemark>
              <Placemark>
                <name>Telemetry 26</name>
                <styleUrl>#modifiedtelemetry</styleUrl>
                <TimeSpan>
                  <begin>2026-08-14T04:43:58.804327+00:00</begin>
                  <end>2026-08-14T04:43:59.804327+00:00</end>
                </TimeSpan>
                <Point>
                  <coordinates>8.522137137892253,47.37239688617011,0</coordinates>
                </Point>
              </Placemark>
              <Placemark>
                <name>Telemetry 27</name>
                <styleUrl>#modifiedtelemetry</styleUrl>
                <TimeSpan>
                  <begin>2026-08-14T04:43:59.804327+00:00</begin>
                  <end>2026-08-14T04:44:00.804327+00:00</end>
                </TimeSpan>
                <Point>
                  <coordinates>8.522087838468211,47.37243182886079,0</coordinates>
                </Point>
              </Placemark>
              <Placemark>
                <name>Telemetry 28</name>
                <styleUrl>#modifiedtelemetry</styleUrl>
                <TimeSpan>
                  <begin>2026-08-14T04:44:00.804327+00:00</begin>
                  <end>2026-08-14T04:44:01.804327+00:00</end>
                </TimeSpan>
                <Point>
                  <coordinates>8.522032112466293,47.37247131013179,0</coordinates>
                </Point>
              </Placemark>
              <Placemark>
                <name>Telemetry 29</name>
                <styleUrl>#modifiedtelemetry</styleUrl>
                <TimeSpan>
                  <begin>2026-08-14T04:44:01.804327+00:00</begin>
                  <end>2026-08-14T04:44:02.804327+00:00</end>
                </TimeSpan>
                <Point>
                  <coordinates>8.521976386464376,47.37251079140279,0</coordinates>
                </Point>
              </Placemark>
              <Placemark>
                <name>Telemetry 30</name>
                <styleUrl>#modifiedtelemetry</styleUrl>
                <TimeSpan>
                  <begin>2026-08-14T04:44:02.804327+00:00</begin>
                  <end>2026-08-14T04:44:03.804327+00:00</end>
                </TimeSpan>
                <Point>
                  <coordinates>8.521920660462458,47.37255027267379,0</coordinates>
                </Point>
              </Placemark>
              <Placemark>
                <name>Telemetry 31</name>
                <styleUrl>#modifiedtelemetry</styleUrl>
                <TimeSpan>
                  <begin>2026-08-14T04:44:03.804327+00:00</begin>
                  <end>2026-08-14T04:44:04.804327+00:00</end>
                </TimeSpan>
                <Point>
                  <coordinates>8.521864934460542,47.37258975394479,0</coordinates>
                </Point>
              </Placemark>
              <Placemark>
                <name>Telemetry 32</name>
                <styleUrl>#modifiedtelemetry</styleUrl>
                <TimeSpan>
                  <begin>2026-08-14T04:44:04.804327+00:00</begin>
                  <end>2026-08-14T04:44:05.804327+00:00</end>
                </TimeSpan>
                <Point>
                  <coordinates>8.521809208458624,47.37262923521579,0</coordinates>
                </Point>
              </Placemark>
              <Placemark>
                <name>Telemetry 33</name>
                <styleUrl>#modifiedtelemetry</styleUrl>
                <TimeSpan>
                  <begin>2026-08-14T04:44:05.804327+00:00</begin>
                  <end>2026-08-14T04:44:06.804327+00:00</end>
                </TimeSpan>
                <Point>
                  <coordinates>8.521753482456708,47.372668716486785,0</coordinates>
                </Point>
              </Placemark>
              <Placemark>
                <name>Telemetry 34</name>
                <styleUrl>#modifiedtelemetry</styleUrl>
                <TimeSpan>
                  <begin>2026-08-14T04:44:06.804327+00:00</begin>
                  <end>2026-08-14T04:44:07.804327+00:00</end>
                </TimeSpan>
                <Point>
                  <coordinates>8.521697756454788,47.37270819775779,0</coordinates>
                </Point>
              </Placemark>
              <Placemark>
                <name>Telemetry 35</name>
                <styleUrl>#modifiedtelemetry</styleUrl>
                <TimeSpan>
                  <begin>2026-08-14T04:44:07.804327+00:00</begin>
                  <end>2026-08-14T04:44:08.804327+00:00</end>
                </TimeSpan>
                <Point>
                  <coordinates>8.52164203045287,47.372747679028784,0</coordinates>
                </Point>
              </Placemark>
              <Placemark>
                <name>Telemetry 36</name>
                <styleUrl>#modifiedtelemetry</styleUrl>
                <TimeSpan>
                  <begin>2026-08-14T04:44:08.804327+00:00</begin>
                  <end>2026-08-14T04:44:09.804327+00:00</end>
                </TimeSpan>
                <Point>
                  <coordinates>8.521586304450953,47.37278716029979,0</coordinates>
                </Point>
              </Placemark>
              <Placemark>
                <name>Telemetry 37</name>
                <styleUrl>#modifiedtelemetry</styleUrl>
                <TimeSpan>
                  <begin>2026-08-14T04:44:09.804327+00:00</begin>
                  <end>2026-08-14T04:44:10.804327+00:00</end>
                </TimeSpan>
                <Point>
                  <coordinates>8.521530578449035,47.37282664157078,0</coordinates>
                </Point>
              </Placemark>
              <Placemark>
                <name>Telemetry 38</name>
                <styleUrl>#modifiedtelemetry</styleUrl>
                <TimeSpan>
                  <begin>2026-08-14T04:44:10.804327+00:00</begin>
                  <end>2026-08-14T04:44:11.804327+00:00</end>
                </TimeSpan>
                <Point>
                  <coordinates>8.521474852447117,47.372866122841785,0</coordinates>
                </Point>
              </Placemark>
              <Placemark>
                <name>Telemetry 39</name>
                <styleUrl>#modifiedtelemetry</styleUrl>
                <TimeSpan>
                  <begin>2026-08-14T04:44:11.804327+00:00</begin>
                  <end>2026-08-14T04:44:12.804327+00:00</end>
                </TimeSpan>
                <Point>
                  <coordinates>8.5214191264452,47.37290560411278,0</coordinates>
                </Point>
              </Placemark>
              <Placemark>
                <name>Telemetry 40</name>
                <styleUrl>#modifiedtelemetry</styleUrl>
                <TimeSpan>
                  <begin>2026-08-14T04:44:12.804327+00:00</begin>
                  <end>2026-08-14T04:44:13.804327+00:00</end>
                </TimeSpan>
                <Point>
                  <coordinates>8.521363400443283,47.37294508538378,0</coordinates>
                </Point>
              </Placemark>
              <Placemark>
                <name>Telemetry 41</name>
                <styleUrl>#modifiedtelemetry</styleUrl>
                <TimeSpan>
                  <begin>2026-08-14T04:44:13.804327+00:00</begin>
                  <end>2026-08-14T04:44:14.804327+00:00</end>
                </TimeSpan>
                <Point>
                  <coordinates>8.521307674441365,47.37298456665478,0</coordinates>
                </Point>
              </Placemark>
              <Placemark>
                <name>Telemetry 42</name>
                <styleUrl>#modifiedtelemetry</styleUrl>
                <TimeSpan>
                  <begin>2026-08-14T04:44:14.804327+00:00</begin>
                  <end>2026-08-14T04:44:15.804327+00:00</end>
                </TimeSpan>
                <Point>
                  <coordinates>8.521251948439447,47.37302404792578,0</coordinates>
                </Point>
              </Placemark>
              <Placemark>
                <name>Telemetry 43</name>
                <styleUrl>#modifiedtelemetry</styleUrl>
                <TimeSpan>
                  <begin>2026-08-14T04:44:15.804327+00:00</begin>
                  <end>2026-08-14T04:44:16.804327+00:00</end>
                </TimeSpan>
                <Point>
                  <coordinates>8.52119622243753,47.37306352919678,0</coordinates>
                </Point>
              </Placemark>
              <Placemark>
                <name>Telemetry 44</name>
                <styleUrl>#modifiedtelemetry</styleUrl>
                <TimeSpan>
                  <begin>2026-08-14T04:44:16.804327+00:00</begin>
                  <end>2026-08-14T04:44:17.804327+00:00</end>
                </TimeSpan>
                <Point>
                  <coordinates>8.521140496435612,47.37310301046778,0</coordinates>
                </Point>
              </Placemark>
              <Placemark>
                <name>Telemetry 45</name>
                <styleUrl>#modifiedtelemetry</styleUrl>
                <TimeSpan>
                  <begin>2026-08-14T04:44:17.804327+00:00</begin>
                  <end>2026-08-14T04:44:18.804327+00:00</end>
                </TimeSpan>
                <Point>
                  <coordinates>8.521084770433694,47.373142491738776,0</coordinates>
                </Point>
              </Placemark>
              <Placemark>
                <name>Telemetry 46</name>
                <styleUrl>#modifiedtelemetry</styleUrl>
                <TimeSpan>
                  <begin>2026-08-14T04:44:18.804327+00:00</begin>
                  <end>2026-08-14T04:44:19.804327+00:00</end>
                </TimeSpan>
                <Point>
                  <coordinates>8.521029997240193,47.37318257084312,0</coordinates>
                </Point>
              </Placemark>
              <Placemark>
                <name>Telemetry 47</name>
                <styleUrl>#modifiedtelemetry</styleUrl>
                <TimeSpan>
                  <begin>2026-08-14T04:44:19.804327+00:00</begin>
                  <end>2026-08-14T04:44:20.804327+00:00</end>
                </TimeSpan>
                <Point>
                  <coordinates>8.520963533997929,47.37323270220549,0</coordinates>
                </Point>
              </Placemark>
              <Placemark>
                <name>Telemetry 48</name>
                <styleUrl>#modifiedtelemetry</styleUrl>
                <TimeSpan>
                  <begin>2026-08-14T04:44:20.804327+00:00</begin>
                  <end>2026-08-14T04:44:21.804327+00:00</end>
                </TimeSpan>
                <Point>
                  <coordinates>8.520897070755662,47.37328283356786,0</coordinates>
                </Point>
              </Placemark>
              <Placemark>
                <name>Telemetry 49</name>
                <styleUrl>#modifiedtelemetry</styleUrl>
                <TimeSpan>
                  <begin>2026-08-14T04:44:21.804327+00:00</begin>
                  <end>2026-08-14T04:44:22.804327+00:00</end>
                </TimeSpan>
                <Point>
                  <coordinates>8.520830607513398,47.37333296493023,0</coordinates>
                </Point>
              </Placemark>
              <Placemark>
                <name>Telemetry 50</name>
                <styleUrl>#modifiedtelemetry</styleUrl>
                <TimeSpan>
                  <begin>2026-08-14T04:44:22.804327+00:00</begin>
                  <end>2026-08-14T04:44:23.804327+00:00</end>
                </TimeSpan>
                <Point>
                  <coordinates>8.520764144271133,47.3733830962926,0</coordinates>
                </Point>
              </Placemark>
              <Placemark>
                <name>Telemetry 51</name>
                <styleUrl>#modifiedtelemetry</styleUrl>
                <TimeSpan>
                  <begin>2026-08-14T04:44:23.804327+00:00</begin>
                  <end>2026-08-14T04:44:24.804327+00:00</end>
                </TimeSpan>
                <Point>
                  <coordinates>8.520697681028867,47.37343322765497,0</coordinates>
                </Point>
              </Placemark>
              <Placemark>
                <name>Telemetry 52</name>
                <styleUrl>#modifiedtelemetry</styleUrl>
                <TimeSpan>
                  <begin>2026-08-14T04:44:24.804327+00:00</begin>
                  <end>2026-08-14T04:44:25.804327+00:00</end>
                </TimeSpan>
                <Point>
                  <coordinates>8.520631217786603,47.373483359017335,0</coordinates>
                </Point>
              </Placemark>
              <Placemark>
                <name>Telemetry 53</name>
                <styleUrl>#modifiedtelemetry</styleUrl>
                <TimeSpan>
                  <begin>2026-08-14T04:44:25.804327+00:00</begin>
                  <end>2026-08-14T04:44:26.804327+00:00</end>
                </TimeSpan>
                <Point>
                  <coordinates>8.520564754544338,47.37353349037971,0</coordinates>
                </Point>
              </Placemark>
              <Placemark>
                <name>Telemetry 54</name>
                <styleUrl>#modifiedtelemetry</styleUrl>
                <TimeSpan>
                  <begin>2026-08-14T04:44:26.804327+00:00</begin>
                  <end>2026-08-14T04:44:27.804327+00:00</end>
                </TimeSpan>
                <Point>
                  <coordinates>8.520498291302074,47.37358362174207,0</coordinates>
                </Point>
              </Placemark>
              <Placemark>
                <name>Telemetry 55</name>
                <styleUrl>#modifiedtelemetry</styleUrl>
                <TimeSpan>
                  <begin>2026-08-14T04:44:27.804327+00:00</begin>
                  <end>2026-08-14T04:44:28.804327+00:00</end>
                </TimeSpan>
                <Point>
                  <coordinates>8.520431828059808,47.37363375310444,0</coordinates>
                </Point>
              </Placemark>
              <Placemark>
                <name>Telemetry 56</name>
                <styleUrl>#modifiedtelemetry</styleUrl>
                <TimeSpan>
                  <begin>2026-08-14T04:44:28.804327+00:00</begin>
                  <end>2026-08-14T04:44:29.804327+00:00</end>
                </TimeSpan>
                <Point>
                  <coordinates>8.520365364817543,47.373683884466814,0</coordinates>
                </Point>
              </Placemark>
              <Placemark>
                <name>Telemetry 57</name>
                <styleUrl>#modifiedtelemetry</styleUrl>
                <TimeSpan>
                  <begin>2026-08-14T04:44:29.804327+00:00</begin>
                  <end>2026-08-14T04:44:30.804327+00:00</end>
                </TimeSpan>
                <Point>
                  <coordinates>8.520303903282091,47.37373680594896,0</coordinates>
                </Point>
              </Placemark>
              <Placemark>
                <name>Telemetry 58</name>
                <styleUrl>#modifiedtelemetry</styleUrl>
                <TimeSpan>
                  <begin>2026-08-14T04:44:30.804327+00:00</begin>
                  <end>2026-08-14T04:44:31.804327+00:00</end>
                </TimeSpan>
                <Point>
                  <coordinates>8.520235595452737,47.373798117289056,0</coordinates>
                </Point>
              </Placemark>
              <Placemark>
                <name>Telemetry 59</name>
                <styleUrl>#modifiedtelemetry</styleUrl>
                <TimeSpan>
                  <begin>2026-08-14T04:44:31.804327+00:00</begin>
                  <end>2026-08-14T04:44:32.804327+00:00</end>
                </TimeSpan>
                <Point>
                  <coordinates>8.520167287623382,47.373859428629146,0</coordinates>
                </Point>
              </Placemark>
              <Placemark>
                <name>Telemetry 60</name>
                <styleUrl>#modifiedtelemetry</styleUrl>
                <TimeSpan>
                  <begin>2026-08-14T04:44:32.804327+00:00</begin>
                  <end>2026-08-14T04:44:33.804327+00:00</end>
                </TimeSpan>
                <Point>
                  <coordinates>8.520098979794028,47.37392073996924,0</coordinates>
                </Point>
              </Placemark>
              <Placemark>
                <name>Telemetry 61</name>
                <styleUrl>#modifiedtelemetry</styleUrl>
                <TimeSpan>
                  <begin>2026-08-14T04:44:33.804327+00:00</begin>
                  <end>2026-08-14T04:44:34.804327+00:00</end>
                </TimeSpan>
                <Point>
                  <coordinates>8.520030671964673,47.37398205130934,0</coordinates>
                </Point>
              </Placemark>
              <Placemark>
                <name>Telemetry 62</name>
                <styleUrl>#modifiedtelemetry</styleUrl>
                <TimeSpan>
                  <begin>2026-08-14T04:44:34.804327+00:00</begin>
                  <end>2026-08-14T04:44:35.804327+00:00</end>
                </TimeSpan>
                <Point>
                  <coordinates>8.519962364135319,47.37404336264943,0</coordinates>
                </Point>
              </Placemark>
              <Placemark>
                <name>Telemetry 63</name>
                <styleUrl>#modifiedtelemetry</styleUrl>
                <TimeSpan>
                  <begin>2026-08-14T04:44:35.804327+00:00</begin>
                  <end>2026-08-14T04:44:36.804327+00:00</end>
                </TimeSpan>
                <Point>
                  <coordinates>8.519895098918301,47.374105167193115,0</coordinates>
                </Point>
              </Placemark>
            </Folder>
          </Folder>
        </Folder>
        <Folder>
          <name>Service Provider polling</name>
        </Folder>
        <Folder>
          <name>Service Provider polling</name>
        </Folder>
        <Folder>
          <name>Service Provider polling</name>
        </Folder>
        <Folder>
          <name>Service Provider polling</name>
        </Folder>
        <Folder>
          <name>Service Provider polling</name>
        </Folder>
        <Folder>
          <name>Verify operator notification</name>
        </Folder>
        <Folder>
          <name>Intermediate cleanup</name>
        </Folder>
        <Folder>
          <name>Retrieve pre-existing operator notification</name>
        </Folder>
        <Folder>
          <name>Injection</name>
          <Folder>
            <name>E44: uss1 interuss.automated_testing.rid.v1.injection.createTest</name>
            <Folder>
              <name>Test flight 5985fd92-2469-4292-86e1-bfb81cfe093a</name>
              <Placemark>
                <name>Telemetry 0</name>
                <styleUrl>#modifiedtelemetry</styleUrl>
                <TimeSpan>
                  <begin>2026-08-14T04:43:43.337225+00:00</begin>
                  <end>2026-08-14T04:43:44.337225+00:00</end>
                </TimeSpan>
                <Point>
                  <coordinates>8.523321827032547,47.3715045208158,0</coordinates>
                </Point>
              </Placemark>
              <Placemark>
                <name>Telemetry 1</name>
                <styleUrl>#modifiedtelemetry</styleUrl>
                <TimeSpan>
                  <begin>2026-08-14T04:43:44.337225+00:00</begin>
                  <end>2026-08-14T04:43:45.337225+00:00</end>
                </TimeSpan>
                <Point>
                  <coordinates>8.523282890548819,47.371540881223694,0</coordinates>
                </Point>
              </Placemark>
              <Placemark>
                <name>Telemetry 2</name>
                <styleUrl>#modifiedtelemetry</styleUrl>
                <TimeSpan>
                  <begin>2026-08-14T04:43:45.337225+00:00</begin>
                  <end>2026-08-14T04:43:46.337225+00:00</end>
                </TimeSpan>
                <Point>
                  <coordinates>8.52324395406509,47.37157724163159,0</coordinates>
                </Point>
              </Placemark>
              <Placemark>
                <name>Telemetry 3</name>
                <styleUrl>#modifiedtelemetry</styleUrl>
                <TimeSpan>
                  <begin>2026-08-14T04:43:46.337225+00:00</begin>
                  <end>2026-08-14T04:43:47.337225+00:00</end>
                </TimeSpan>
                <Point>
                  <coordinates>8.523205017581365,47.37161360203949,0</coordinates>
                </Point>
              </Placemark>
              <Placemark>
                <name>Telemetry 4</name>
                <styleUrl>#modifiedtelemetry</styleUrl>
                <TimeSpan>
                  <begin>2026-08-14T04:43:47.337225+00:00</begin>
                  <end>2026-08-14T04:43:48.337225+00:00</end>
                </TimeSpan>
                <Point>
                  <coordinates>8.523166081097637,47.371649962447385,0</coordinates>
                </Point>
              </Placemark>
              <Placemark>
                <name>Telemetry 5</name>
                <styleUrl>#modifiedtelemetry</styleUrl>
                <TimeSpan>
                  <begin>2026-08-14T04:43:48.337225+00:00</begin>
                  <end>2026-08-14T04:43:49.337225+00:00</end>
                </TimeSpan>
                <Point>
                  <coordinates>8.523118769605144,47.37168134446735,0</coordinates>
                </Point>
              </Placemark>
              <Placemark>
                <name>Telemetry 6</name>
                <styleUrl>#modifiedtelemetry</styleUrl>
                <TimeSpan>
                  <begin>2026-08-14T04:43:49.337225+00:00</begin>
                  <end>2026-08-14T04:43:50.337225+00:00</end>
                </TimeSpan>
                <Point>
                  <coordinates>8.523070583658326,47.37171220668214,0</coordinates>
                </Point>
              </Placemark>
              <Placemark>
                <name>Telemetry 7</name>
                <styleUrl>#modifiedtelemetry</styleUrl>
                <TimeSpan>
                  <begin>2026-08-14T04:43:50.337225+00:00</begin>
                  <end>2026-08-14T04:43:51.337225+00:00</end>
                </TimeSpan>
                <Point>
                  <coordinates>8.523022397711506,47.371743068896926,0</coordinates>
                </Point>
              </Placemark>
              <Placemark>
                <name>Telemetry 8</name>
                <styleUrl>#modifiedtelemetry</styleUrl>
                <TimeSpan>
                  <begin>2026-08-14T04:43:51.337225+00:00</begin>
                  <end>2026-08-14T04:43:52.337225+00:00</end>
                </TimeSpan>
                <Point>
                  <coordinates>8.5229757392881,47.371774910132885,0</coordinates>
                </Point>
              </Placemark>
              <Placemark>
                <name>Telemetry 9</name>
                <styleUrl>#modifiedtelemetry</styleUrl>
                <TimeSpan>
                  <begin>2026-08-14T04:43:52.337225+00:00</begin>
                  <end>2026-08-14T04:43:53.337225+00:00</end>
                </TimeSpan>
                <Point>
                  <coordinates>8.522932891599606,47.371809193747204,0</coordinates>
                </Point>
              </Placemark>
              <Placemark>
                <name>Telemetry 10</name>
                <styleUrl>#modifiedtelemetry</styleUrl>
                <TimeSpan>
                  <begin>2026-08-14T04:43:53.337225+00:00</begin>
                  <end>2026-08-14T04:43:54.337225+00:00</end>
                </TimeSpan>
                <Point>
                  <coordinates>8.522890043911113,47.37184347736152,0</coordinates>
                </Point>
              </Placemark>
              <Placemark>
                <name>Telemetry 11</name>
                <styleUrl>#modifiedtelemetry</styleUrl>
                <TimeSpan>
                  <begin>2026-08-14T04:43:54.337225+00:00</begin>
                  <end>2026-08-14T04:43:55.337225+00:00</end>
                </TimeSpan>
                <Point>
                  <coordinates>8.52284719622262,47.37187776097584,0</coordinates>
                </Point>
              </Placemark>
              <Placemark>
                <name>Telemetry 12</name>
                <styleUrl>#modifiedtelemetry</styleUrl>
                <TimeSpan>
                  <begin>2026-08-14T04:43:55.337225+00:00</begin>
                  <end>2026-08-14T04:43:56.337225+00:00</end>
                </TimeSpan>
                <Point>
                  <coordinates>8.522804348534127,47.37191204459016,0</coordinates>
                </Point>
              </Placemark>
              <Placemark>
                <name>Telemetry 13</name>
                <styleUrl>#modifiedtelemetry</styleUrl>
                <TimeSpan>
                  <begin>2026-08-14T04:43:56.337225+00:00</begin>
                  <end>2026-08-14T04:43:57.337225+00:00</end>
                </TimeSpan>
                <Point>
                  <coordinates>8.522761500845634,47.37194632820448,0</coordinates>
                </Point>
              </Placemark>
              <Placemark>
                <name>Telemetry 14</name>
                <styleUrl>#modifiedtelemetry</styleUrl>
                <TimeSpan>
                  <begin>2026-08-14T04:43:57.337225+00:00</begin>
                  <end>2026-08-14T04:43:58.337225+00:00</end>
                </TimeSpan>
                <Point>
                  <coordinates>8.522718653157142,47.371980611818806,0</coordinates>
                </Point>
              </Placemark>
              <Placemark>
                <name>Telemetry 15</name>
                <styleUrl>#modifiedtelemetry</styleUrl>
                <TimeSpan>
                  <begin>2026-08-14T04:43:58.337225+00:00</begin>
                  <end>2026-08-14T04:43:59.337225+00:00</end>
                </TimeSpan>
                <Point>
                  <coordinates>8.522675805468648,47.372014895433125,0</coordinates>
                </Point>
              </Placemark>
              <Placemark>
                <name>Telemetry 16</name>
                <styleUrl>#modifiedtelemetry</styleUrl>
                <TimeSpan>
                  <begin>2026-08-14T04:43:59.337225+00:00</begin>
                  <end>2026-08-14T04:44:00.337225+00:00</end>
                </TimeSpan>
                <Point>
                  <coordinates>8.522630095760274,47.37204743572325,0</coordinates>
                </Point>
              </Placemark>
              <Placemark>
                <name>Telemetry 17</name>
                <styleUrl>#modifiedtelemetry</styleUrl>
                <TimeSpan>
                  <begin>2026-08-14T04:44:00.337225+00:00</begin>
                  <end>2026-08-14T04:44:01.337225+00:00</end>
                </TimeSpan>
                <Point>
                  <coordinates>8.522580799973472,47.372082380767935,0</coordinates>
                </Point>
              </Placemark>
              <Placemark>
                <name>Telemetry 18</name>
                <styleUrl>#modifiedtelemetry</styleUrl>
                <TimeSpan>
                  <begin>2026-08-14T04:44:01.337225+00:00</begin>
                  <end>2026-08-14T04:44:02.337225+00:00</end>
                </TimeSpan>
                <Point>
                  <coordinates>8.52253150418667,47.372117325812624,0</coordinates>
                </Point>
              </Placemark>
              <Placemark>
                <name>Telemetry 19</name>
                <styleUrl>#modifiedtelemetry</styleUrl>
                <TimeSpan>
                  <begin>2026-08-14T04:44:02.337225+00:00</begin>
                  <end>2026-08-14T04:44:03.337225+00:00</end>
                </TimeSpan>
                <Point>
                  <coordinates>8.52248220839987,47.372152270857306,0</coordinates>
                </Point>
              </Placemark>
              <Placemark>
                <name>Telemetry 20</name>
                <styleUrl>#modifiedtelemetry</styleUrl>
                <TimeSpan>
                  <begin>2026-08-14T04:44:03.337225+00:00</begin>
                  <end>2026-08-14T04:44:04.337225+00:00</end>
                </TimeSpan>
                <Point>
                  <coordinates>8.522432912613064,47.372187215901995,0</coordinates>
                </Point>
              </Placemark>
              <Placemark>
                <name>Telemetry 21</name>
                <styleUrl>#modifiedtelemetry</styleUrl>
                <TimeSpan>
                  <begin>2026-08-14T04:44:04.337225+00:00</begin>
                  <end>2026-08-14T04:44:05.337225+00:00</end>
                </TimeSpan>
                <Point>
                  <coordinates>8.522383616826263,47.37222216094668,0</coordinates>
                </Point>
              </Placemark>
              <Placemark>
                <name>Telemetry 22</name>
                <styleUrl>#modifiedtelemetry</styleUrl>
                <TimeSpan>
                  <begin>2026-08-14T04:44:05.337225+00:00</begin>
                  <end>2026-08-14T04:44:06.337225+00:00</end>
                </TimeSpan>
                <Point>
                  <coordinates>8.52233432103946,47.372257105991366,0</coordinates>
                </Point>
              </Placemark>
              <Placemark>
                <name>Telemetry 23</name>
                <styleUrl>#modifiedtelemetry</styleUrl>
                <TimeSpan>
                  <begin>2026-08-14T04:44:06.337225+00:00</begin>
                  <end>2026-08-14T04:44:07.337225+00:00</end>
                </TimeSpan>
                <Point>
                  <coordinates>8.52228502525266,47.37229205103605,0</coordinates>
                </Point>
              </Placemark>
              <Placemark>
                <name>Telemetry 24</name>
                <styleUrl>#modifiedtelemetry</styleUrl>
                <TimeSpan>
                  <begin>2026-08-14T04:44:07.337225+00:00</begin>
                  <end>2026-08-14T04:44:08.337225+00:00</end>
                </TimeSpan>
                <Point>
                  <coordinates>8.522235729465857,47.37232699608074,0</coordinates>
                </Point>
              </Placemark>
              <Placemark>
                <name>Telemetry 25</name>
                <styleUrl>#modifiedtelemetry</styleUrl>
                <TimeSpan>
                  <begin>2026-08-14T04:44:08.337225+00:00</begin>
                  <end>2026-08-14T04:44:09.337225+00:00</end>
                </TimeSpan>
                <Point>
                  <coordinates>8.522186433679055,47.37236194112542,0</coordinates>
                </Point>
              </Placemark>
              <Placemark>
                <name>Telemetry 26</name>
                <styleUrl>#modifiedtelemetry</styleUrl>
                <TimeSpan>
                  <begin>2026-08-14T04:44:09.337225+00:00</begin>
                  <end>2026-08-14T04:44:10.337225+00:00</end>
                </TimeSpan>
                <Point>
                  <coordinates>8.522137137892253,47.37239688617011,0</coordinates>
                </Point>
              </Placemark>
              <Placemark>
                <name>Telemetry 27</name>
                <styleUrl>#modifiedtelemetry</styleUrl>
                <TimeSpan>
                  <begin>2026-08-14T04:44:10.337225+00:00</begin>
                  <end>2026-08-14T04:44:11.337225+00:00</end>
                </TimeSpan>
                <Point>
                  <coordinates>8.522087838468211,47.37243182886079,0</coordinates>
                </Point>
              </Placemark>
              <Placemark>
                <name>Telemetry 28</name>
                <styleUrl>#modifiedtelemetry</styleUrl>
                <TimeSpan>
                  <begin>2026-08-14T04:44:11.337225+00:00</begin>
                  <end>2026-08-14T04:44:12.337225+00:00</end>
                </TimeSpan>
                <Point>
                  <coordinates>8.522032112466293,47.37247131013179,0</coordinates>
                </Point>
              </Placemark>
              <Placemark>
                <name>Telemetry 29</name>
                <styleUrl>#modifiedtelemetry</styleUrl>
                <TimeSpan>
                  <begin>2026-08-14T04:44:12.337225+00:00</begin>
                  <end>2026-08-14T04:44:13.337225+00:00</end>
                </TimeSpan>
                <Point>
                  <coordinates>8.521976386464376,47.37251079140279,0</coordinates>
                </Point>
              </Placemark>
              <Placemark>
                <name>Telemetry 30</name>
                <styleUrl>#modifiedtelemetry</styleUrl>
                <TimeSpan>
                  <begin>2026-08-14T04:44:13.337225+00:00</begin>
                  <end>2026-08-14T04:44:14.337225+00:00</end>
                </TimeSpan>
                <Point>
                  <coordinates>8.521920660462458,47.37255027267379,0</coordinates>
                </Point>
              </Placemark>
              <Placemark>
                <name>Telemetry 31</name>
                <styleUrl>#modifiedtelemetry</styleUrl>
                <TimeSpan>
                  <begin>2026-08-14T04:44:14.337225+00:00</begin>
                  <end>2026-08-14T04:44:15.337225+00:00</end>
                </TimeSpan>
                <Point>
                  <coordinates>8.521864934460542,47.37258975394479,0</coordinates>
                </Point>
              </Placemark>
              <Placemark>
                <name>Telemetry 32</name>
                <styleUrl>#modifiedtelemetry</styleUrl>
                <TimeSpan>
                  <begin>2026-08-14T04:44:15.337225+00:00</begin>
                  <end>2026-08-14T04:44:16.337225+00:00</end>
                </TimeSpan>
                <Point>
                  <coordinates>8.521809208458624,47.37262923521579,0</coordinates>
                </Point>
              </Placemark>
              <Placemark>
                <name>Telemetry 33</name>
                <styleUrl>#modifiedtelemetry</styleUrl>
                <TimeSpan>
                  <begin>2026-08-14T04:44:16.337225+00:00</begin>
                  <end>2026-08-14T04:44:17.337225+00:00</end>
                </TimeSpan>
                <Point>
                  <coordinates>8.521753482456708,47.372668716486785,0</coordinates>
                </Point>
              </Placemark>
              <Placemark>
                <name>Telemetry 34</name>
                <styleUrl>#modifiedtelemetry</styleUrl>
                <TimeSpan>
                  <begin>2026-08-14T04:44:17.337225+00:00</begin>
                  <end>2026-08-14T04:44:18.337225+00:00</end>
                </TimeSpan>
                <Point>
                  <coordinates>8.521697756454788,47.37270819775779,0</coordinates>
                </Point>
              </Placemark>
              <Placemark>
                <name>Telemetry 35</name>
                <styleUrl>#modifiedtelemetry</styleUrl>
                <TimeSpan>
                  <begin>2026-08-14T04:44:18.337225+00:00</begin>
                  <end>2026-08-14T04:44:19.337225+00:00</end>
                </TimeSpan>
                <Point>
                  <coordinates>8.52164203045287,47.372747679028784,0</coordinates>
                </Point>
              </Placemark>
              <Placemark>
                <name>Telemetry 36</name>
                <styleUrl>#modifiedtelemetry</styleUrl>
                <TimeSpan>
                  <begin>2026-08-14T04:44:19.337225+00:00</begin>
                  <end>2026-08-14T04:44:20.337225+00:00</end>
                </TimeSpan>
                <Point>
                  <coordinates>8.521586304450953,47.37278716029979,0</coordinates>
                </Point>
              </Placemark>
              <Placemark>
                <name>Telemetry 37</name>
                <styleUrl>#modifiedtelemetry</styleUrl>
                <TimeSpan>
                  <begin>2026-08-14T04:44:20.337225+00:00</begin>
                  <end>2026-08-14T04:44:21.337225+00:00</end>
                </TimeSpan>
                <Point>
                  <coordinates>8.521530578449035,47.37282664157078,0</coordinates>
                </Point>
              </Placemark>
              <Placemark>
                <name>Telemetry 38</name>
                <styleUrl>#modifiedtelemetry</styleUrl>
                <TimeSpan>
                  <begin>2026-08-14T04:44:21.337225+00:00</begin>
                  <end>2026-08-14T04:44:22.337225+00:00</end>
                </TimeSpan>
                <Point>
                  <coordinates>8.521474852447117,47.372866122841785,0</coordinates>
                </Point>
              </Placemark>
              <Placemark>
                <name>Telemetry 39</name>
                <styleUrl>#modifiedtelemetry</styleUrl>
                <TimeSpan>
                  <begin>2026-08-14T04:44:22.337225+00:00</begin>
                  <end>2026-08-14T04:44:23.337225+00:00</end>
                </TimeSpan>
                <Point>
                  <coordinates>8.5214191264452,47.37290560411278,0</coordinates>
                </Point>
              </Placemark>
              <Placemark>
                <name>Telemetry 40</name>
                <styleUrl>#modifiedtelemetry</styleUrl>
                <TimeSpan>
                  <begin>2026-08-14T04:44:23.337225+00:00</begin>
                  <end>2026-08-14T04:44:24.337225+00:00</end>
                </TimeSpan>
                <Point>
                  <coordinates>8.521363400443283,47.37294508538378,0</coordinates>
                </Point>
              </Placemark>
              <Placemark>
                <name>Telemetry 41</name>
                <styleUrl>#modifiedtelemetry</styleUrl>
                <TimeSpan>
                  <begin>2026-08-14T04:44:24.337225+00:00</begin>
                  <end>2026-08-14T04:44:25.337225+00:00</end>
                </TimeSpan>
                <Point>
                  <coordinates>8.521307674441365,47.37298456665478,0</coordinates>
                </Point>
              </Placemark>
              <Placemark>
                <name>Telemetry 42</name>
                <styleUrl>#modifiedtelemetry</styleUrl>
                <TimeSpan>
                  <begin>2026-08-14T04:44:25.337225+00:00</begin>
                  <end>2026-08-14T04:44:26.337225+00:00</end>
                </TimeSpan>
                <Point>
                  <coordinates>8.521251948439447,47.37302404792578,0</coordinates>
                </Point>
              </Placemark>
              <Placemark>
                <name>Telemetry 43</name>
                <styleUrl>#modifiedtelemetry</styleUrl>
                <TimeSpan>
                  <begin>2026-08-14T04:44:26.337225+00:00</begin>
                  <end>2026-08-14T04:44:27.337225+00:00</end>
                </TimeSpan>
                <Point>
                  <coordinates>8.52119622243753,47.37306352919678,0</coordinates>
                </Point>
              </Placemark>
              <Placemark>
                <name>Telemetry 44</name>
                <styleUrl>#modifiedtelemetry</styleUrl>
                <TimeSpan>
                  <begin>2026-08-14T04:44:27.337225+00:00</begin>
                  <end>2026-08-14T04:44:28.337225+00:00</end>
                </TimeSpan>
                <Point>
                  <coordinates>8.521140496435612,47.37310301046778,0</coordinates>
                </Point>
              </Placemark>
              <Placemark>
                <name>Telemetry 45</name>
                <styleUrl>#modifiedtelemetry</styleUrl>
                <TimeSpan>
                  <begin>2026-08-14T04:44:28.337225+00:00</begin>
                  <end>2026-08-14T04:44:29.337225+00:00</end>
                </TimeSpan>
                <Point>
                  <coordinates>8.521084770433694,47.373142491738776,0</coordinates>
                </Point>
              </Placemark>
              <Placemark>
                <name>Telemetry 46</name>
                <styleUrl>#modifiedtelemetry</styleUrl>
                <TimeSpan>
                  <begin>2026-08-14T04:44:29.337225+00:00</begin>
                  <end>2026-08-14T04:44:30.337225+00:00</end>
                </TimeSpan>
                <Point>
                  <coordinates>8.521029997240193,47.37318257084312,0</coordinates>
                </Point>
              </Placemark>
              <Placemark>
                <name>Telemetry 47</name>
                <styleUrl>#modifiedtelemetry</styleUrl>
                <TimeSpan>
                  <begin>2026-08-14T04:44:30.337225+00:00</begin>
                  <end>2026-08-14T04:44:31.337225+00:00</end>
                </TimeSpan>
                <Point>
                  <coordinates>8.520963533997929,47.37323270220549,0</coordinates>
                </Point>
              </Placemark>
              <Placemark>
                <name>Telemetry 48</name>
                <styleUrl>#modifiedtelemetry</styleUrl>
                <TimeSpan>
                  <begin>2026-08-14T04:44:31.337225+00:00</begin>
                  <end>2026-08-14T04:44:32.337225+00:00</end>
                </TimeSpan>
                <Point>
                  <coordinates>8.520897070755662,47.37328283356786,0</coordinates>
                </Point>
              </Placemark>
              <Placemark>
                <name>Telemetry 49</name>
                <styleUrl>#modifiedtelemetry</styleUrl>
                <TimeSpan>
                  <begin>2026-08-14T04:44:32.337225+00:00</begin>
                  <end>2026-08-14T04:44:33.337225+00:00</end>
                </TimeSpan>
                <Point>
                  <coordinates>8.520830607513398,47.37333296493023,0</coordinates>
                </Point>
              </Placemark>
              <Placemark>
                <name>Telemetry 50</name>
                <styleUrl>#modifiedtelemetry</styleUrl>
                <TimeSpan>
                  <begin>2026-08-14T04:44:33.337225+00:00</begin>
                  <end>2026-08-14T04:44:34.337225+00:00</end>
                </TimeSpan>
                <Point>
                  <coordinates>8.520764144271133,47.3733830962926,0</coordinates>
                </Point>
              </Placemark>
              <Placemark>
                <name>Telemetry 51</name>
                <styleUrl>#modifiedtelemetry</styleUrl>
                <TimeSpan>
                  <begin>2026-08-14T04:44:34.337225+00:00</begin>
                  <end>2026-08-14T04:44:35.337225+00:00</end>
                </TimeSpan>
                <Point>
                  <coordinates>8.520697681028867,47.37343322765497,0</coordinates>
                </Point>
              </Placemark>
              <Placemark>
                <name>Telemetry 52</name>
                <styleUrl>#modifiedtelemetry</styleUrl>
                <TimeSpan>
                  <begin>2026-08-14T04:44:35.337225+00:00</begin>
                  <end>2026-08-14T04:44:36.337225+00:00</end>
                </TimeSpan>
                <Point>
                  <coordinates>8.520631217786603,47.373483359017335,0</coordinates>
                </Point>
              </Placemark>
              <Placemark>
                <name>Telemetry 53</name>
                <styleUrl>#modifiedtelemetry</styleUrl>
                <TimeSpan>
                  <begin>2026-08-14T04:44:36.337225+00:00</begin>
                  <end>2026-08-14T04:44:37.337225+00:00</end>
                </TimeSpan>
                <Point>
                  <coordinates>8.520564754544338,47.37353349037971,0</coordinates>
                </Point>
              </Placemark>
              <Placemark>
                <name>Telemetry 54</name>
                <styleUrl>#modifiedtelemetry</styleUrl>
                <TimeSpan>
                  <begin>2026-08-14T04:44:37.337225+00:00</begin>
                  <end>2026-08-14T04:44:38.337225+00:00</end>
                </TimeSpan>
                <Point>
                  <coordinates>8.520498291302074,47.37358362174207,0</coordinates>
                </Point>
              </Placemark>
              <Placemark>
                <name>Telemetry 55</name>
                <styleUrl>#modifiedtelemetry</styleUrl>
                <TimeSpan>
                  <begin>2026-08-14T04:44:38.337225+00:00</begin>
                  <end>2026-08-14T04:44:39.337225+00:00</end>
                </TimeSpan>
                <Point>
                  <coordinates>8.520431828059808,47.37363375310444,0</coordinates>
                </Point>
              </Placemark>
              <Placemark>
                <name>Telemetry 56</name>
                <styleUrl>#modifiedtelemetry</styleUrl>
                <TimeSpan>
                  <begin>2026-08-14T04:44:39.337225+00:00</begin>
                  <end>2026-08-14T04:44:40.337225+00:00</end>
                </TimeSpan>
                <Point>
                  <coordinates>8.520365364817543,47.373683884466814,0</coordinates>
                </Point>
              </Placemark>
              <Placemark>
                <name>Telemetry 57</name>
                <styleUrl>#modifiedtelemetry</styleUrl>
                <TimeSpan>
                  <begin>2026-08-14T04:44:40.337225+00:00</begin>
                  <end>2026-08-14T04:44:41.337225+00:00</end>
                </TimeSpan>
                <Point>
                  <coordinates>8.520303903282091,47.37373680594896,0</coordinates>
                </Point>
              </Placemark>
              <Placemark>
                <name>Telemetry 58</name>
                <styleUrl>#modifiedtelemetry</styleUrl>
                <TimeSpan>
                  <begin>2026-08-14T04:44:41.337225+00:00</begin>
                  <end>2026-08-14T04:44:42.337225+00:00</end>
                </TimeSpan>
                <Point>
                  <coordinates>8.520235595452737,47.373798117289056,0</coordinates>
                </Point>
              </Placemark>
              <Placemark>
                <name>Telemetry 59</name>
                <styleUrl>#modifiedtelemetry</styleUrl>
                <TimeSpan>
                  <begin>2026-08-14T04:44:42.337225+00:00</begin>
                  <end>2026-08-14T04:44:43.337225+00:00</end>
                </TimeSpan>
                <Point>
                  <coordinates>8.520167287623382,47.373859428629146,0</coordinates>
                </Point>
              </Placemark>
              <Placemark>
                <name>Telemetry 60</name>
                <styleUrl>#modifiedtelemetry</styleUrl>
                <TimeSpan>
                  <begin>2026-08-14T04:44:43.337225+00:00</begin>
                  <end>2026-08-14T04:44:44.337225+00:00</end>
                </TimeSpan>
                <Point>
                  <coordinates>8.520098979794028,47.37392073996924,0</coordinates>
                </Point>
              </Placemark>
              <Placemark>
                <name>Telemetry 61</name>
                <styleUrl>#modifiedtelemetry</styleUrl>
                <TimeSpan>
                  <begin>2026-08-14T04:44:44.337225+00:00</begin>
                  <end>2026-08-14T04:44:45.337225+00:00</end>
                </TimeSpan>
                <Point>
                  <coordinates>8.520030671964673,47.37398205130934,0</coordinates>
                </Point>
              </Placemark>
              <Placemark>
                <name>Telemetry 62</name>
                <styleUrl>#modifiedtelemetry</styleUrl>
                <TimeSpan>
                  <begin>2026-08-14T04:44:45.337225+00:00</begin>
                  <end>2026-08-14T04:44:46.337225+00:00</end>
                </TimeSpan>
                <Point>
                  <coordinates>8.519962364135319,47.37404336264943,0</coordinates>
                </Point>
              </Placemark>
              <Placemark>
                <name>Telemetry 63</name>
                <styleUrl>#modifiedtelemetry</styleUrl>
                <TimeSpan>
                  <begin>2026-08-14T04:44:46.337225+00:00</begin>
                  <end>2026-08-14T04:44:47.337225+00:00</end>
                </TimeSpan>
                <Point>
                  <coordinates>8.519895098918301,47.374105167193115,0</coordinates>
                </Point>
              </Placemark>
            </Folder>
          </Folder>
        </Folder>
        <Folder>
          <name>Service Provider polling</name>
        </Folder>
        <Folder>
          <name>Service Provider polling</name>
        </Folder>
        <Folder>
          <name>Service Provider polling</name>
        </Folder>
        <Folder>
          <name>Service Provider polling</name>
        </Folder>
        <Folder>
          <name>Service Provider polling</name>
        </Folder>
        <Folder>
          <name>Verify operator notification</name>
        </Folder>
        <Folder>
          <name>Intermediate cleanup</name>
        </Folder>
        <Folder>
          <name>Retrieve pre-existing operator notification</name>
        </Folder>
        <Folder>
          <name>Injection</name>
          <Folder>
            <name>E64: uss1 interuss.automated_testing.rid.v1.injection.createTest</name>
            <Folder>
              <name>Test flight a7ea394e-0ded-4051-a91b-eeacc7e1060e</name>
              <Placemark>
                <name>Telemetry 0</name>
                <styleUrl>#modifiedtelemetry</styleUrl>
                <TimeSpan>
                  <begin>2026-08-14T04:43:53.826658+00:00</begin>
                  <end>2026-08-14T04:43:54.826658+00:00</end>
                </TimeSpan>
                <Point>
                  <coordinates>8.523321827032547,47.3715045208158,0</coordinates>
                </Point>
              </Placemark>
              <Placemark>
                <name>Telemetry 1</name>
                <styleUrl>#modifiedtelemetry</styleUrl>
                <TimeSpan>
                  <begin>2026-08-14T04:43:54.826658+00:00</begin>
                  <end>2026-08-14T04:43:55.826658+00:00</end>
                </TimeSpan>
                <Point>
                  <coordinates>8.523282890548819,47.371540881223694,0</coordinates>
                </Point>
              </Placemark>
              <Placemark>
                <name>Telemetry 2</name>
                <styleUrl>#modifiedtelemetry</styleUrl>
                <TimeSpan>
                  <begin>2026-08-14T04:43:55.826658+00:00</begin>
                  <end>2026-08-14T04:43:56.826658+00:00</end>
                </TimeSpan>
                <Point>
                  <coordinates>8.52324395406509,47.37157724163159,0</coordinates>
                </Point>
              </Placemark>
              <Placemark>
                <name>Telemetry 3</name>
                <styleUrl>#modifiedtelemetry</styleUrl>
                <TimeSpan>
                  <begin>2026-08-14T04:43:56.826658+00:00</begin>
                  <end>2026-08-14T04:43:57.826658+00:00</end>
                </TimeSpan>
                <Point>
                  <coordinates>8.523205017581365,47.37161360203949,0</coordinates>
                </Point>
              </Placemark>
              <Placemark>
                <name>Telemetry 4</name>
                <styleUrl>#modifiedtelemetry</styleUrl>
                <TimeSpan>
                  <begin>2026-08-14T04:43:57.826658+00:00</begin>
                  <end>2026-08-14T04:43:58.826658+00:00</end>
                </TimeSpan>
                <Point>
                  <coordinates>8.523166081097637,47.371649962447385,0</coordinates>
                </Point>
              </Placemark>
              <Placemark>
                <name>Telemetry 5</name>
                <styleUrl>#modifiedtelemetry</styleUrl>
                <TimeSpan>
                  <begin>2026-08-14T04:43:58.826658+00:00</begin>
                  <end>2026-08-14T04:43:59.826658+00:00</end>
                </TimeSpan>
                <Point>
                  <coordinates>8.523118769605144,47.37168134446735,0</coordinates>
                </Point>
              </Placemark>
              <Placemark>
                <name>Telemetry 6</name>
                <styleUrl>#modifiedtelemetry</styleUrl>
                <TimeSpan>
                  <begin>2026-08-14T04:43:59.826658+00:00</begin>
                  <end>2026-08-14T04:44:00.826658+00:00</end>
                </TimeSpan>
                <Point>
                  <coordinates>8.523070583658326,47.37171220668214,0</coordinates>
                </Point>
              </Placemark>
              <Placemark>
                <name>Telemetry 7</name>
                <styleUrl>#modifiedtelemetry</styleUrl>
                <TimeSpan>
                  <begin>2026-08-14T04:44:00.826658+00:00</begin>
                  <end>2026-08-14T04:44:01.826658+00:00</end>
                </TimeSpan>
                <Point>
                  <coordinates>8.523022397711506,47.371743068896926,0</coordinates>
                </Point>
              </Placemark>
              <Placemark>
                <name>Telemetry 8</name>
                <styleUrl>#modifiedtelemetry</styleUrl>
                <TimeSpan>
                  <begin>2026-08-14T04:44:01.826658+00:00</begin>
                  <end>2026-08-14T04:44:02.826658+00:00</end>
                </TimeSpan>
                <Point>
                  <coordinates>8.5229757392881,47.371774910132885,0</coordinates>
                </Point>
              </Placemark>
              <Placemark>
                <name>Telemetry 9</name>
                <styleUrl>#modifiedtelemetry</styleUrl>
                <TimeSpan>
                  <begin>2026-08-14T04:44:02.826658+00:00</begin>
                  <end>2026-08-14T04:44:03.826658+00:00</end>
                </TimeSpan>
                <Point>
                  <coordinates>8.522932891599606,47.371809193747204,0</coordinates>
                </Point>
              </Placemark>
              <Placemark>
                <name>Telemetry 10</name>
                <styleUrl>#modifiedtelemetry</styleUrl>
                <TimeSpan>
                  <begin>2026-08-14T04:44:03.826658+00:00</begin>
                  <end>2026-08-14T04:44:04.826658+00:00</end>
                </TimeSpan>
                <Point>
                  <coordinates>8.522890043911113,47.37184347736152,0</coordinates>
                </Point>
              </Placemark>
              <Placemark>
                <name>Telemetry 11</name>
                <styleUrl>#modifiedtelemetry</styleUrl>
                <TimeSpan>
                  <begin>2026-08-14T04:44:04.826658+00:00</begin>
                  <end>2026-08-14T04:44:05.826658+00:00</end>
                </TimeSpan>
                <Point>
                  <coordinates>8.52284719622262,47.37187776097584,0</coordinates>
                </Point>
              </Placemark>
              <Placemark>
                <name>Telemetry 12</name>
                <styleUrl>#modifiedtelemetry</styleUrl>
                <TimeSpan>
                  <begin>2026-08-14T04:44:05.826658+00:00</begin>
                  <end>2026-08-14T04:44:06.826658+00:00</end>
                </TimeSpan>
                <Point>
                  <coordinates>8.522804348534127,47.37191204459016,0</coordinates>
                </Point>
              </Placemark>
              <Placemark>
                <name>Telemetry 13</name>
                <styleUrl>#modifiedtelemetry</styleUrl>
                <TimeSpan>
                  <begin>2026-08-14T04:44:06.826658+00:00</begin>
                  <end>2026-08-14T04:44:07.826658+00:00</end>
                </TimeSpan>
                <Point>
                  <coordinates>8.522761500845634,47.37194632820448,0</coordinates>
                </Point>
              </Placemark>
              <Placemark>
                <name>Telemetry 14</name>
                <styleUrl>#modifiedtelemetry</styleUrl>
                <TimeSpan>
                  <begin>2026-08-14T04:44:07.826658+00:00</begin>
                  <end>2026-08-14T04:44:08.826658+00:00</end>
                </TimeSpan>
                <Point>
                  <coordinates>8.522718653157142,47.371980611818806,0</coordinates>
                </Point>
              </Placemark>
              <Placemark>
                <name>Telemetry 15</name>
                <styleUrl>#modifiedtelemetry</styleUrl>
                <TimeSpan>
                  <begin>2026-08-14T04:44:08.826658+00:00</begin>
                  <end>2026-08-14T04:44:09.826658+00:00</end>
                </TimeSpan>
                <Point>
                  <coordinates>8.522675805468648,47.372014895433125,0</coordinates>
                </Point>
              </Placemark>
              <Placemark>
                <name>Telemetry 16</name>
                <styleUrl>#modifiedtelemetry</styleUrl>
                <TimeSpan>
                  <begin>2026-08-14T04:44:09.826658+00:00</begin>
                  <end>2026-08-14T04:44:10.826658+00:00</end>
                </TimeSpan>
                <Point>
                  <coordinates>8.522630095760274,47.37204743572325,0</coordinates>
                </Point>
              </Placemark>
              <Placemark>
                <name>Telemetry 17</name>
                <styleUrl>#modifiedtelemetry</styleUrl>
                <TimeSpan>
                  <begin>2026-08-14T04:44:10.826658+00:00</begin>
                  <end>2026-08-14T04:44:11.826658+00:00</end>
                </TimeSpan>
                <Point>
                  <coordinates>8.522580799973472,47.372082380767935,0</coordinates>
                </Point>
              </Placemark>
              <Placemark>
                <name>Telemetry 18</name>
                <styleUrl>#modifiedtelemetry</styleUrl>
                <TimeSpan>
                  <begin>2026-08-14T04:44:11.826658+00:00</begin>
                  <end>2026-08-14T04:44:12.826658+00:00</end>
                </TimeSpan>
                <Point>
                  <coordinates>8.52253150418667,47.372117325812624,0</coordinates>
                </Point>
              </Placemark>
              <Placemark>
                <name>Telemetry 19</name>
                <styleUrl>#modifiedtelemetry</styleUrl>
                <TimeSpan>
                  <begin>2026-08-14T04:44:12.826658+00:00</begin>
                  <end>2026-08-14T04:44:13.826658+00:00</end>
                </TimeSpan>
                <Point>
                  <coordinates>8.52248220839987,47.372152270857306,0</coordinates>
                </Point>
              </Placemark>
              <Placemark>
                <name>Telemetry 20</name>
                <styleUrl>#modifiedtelemetry</styleUrl>
                <TimeSpan>
                  <begin>2026-08-14T04:44:13.826658+00:00</begin>
                  <end>2026-08-14T04:44:14.826658+00:00</end>
                </TimeSpan>
                <Point>
                  <coordinates>8.522432912613064,47.372187215901995,0</coordinates>
                </Point>
              </Placemark>
              <Placemark>
                <name>Telemetry 21</name>
                <styleUrl>#modifiedtelemetry</styleUrl>
                <TimeSpan>
                  <begin>2026-08-14T04:44:14.826658+00:00</begin>
                  <end>2026-08-14T04:44:15.826658+00:00</end>
                </TimeSpan>
                <Point>
                  <coordinates>8.522383616826263,47.37222216094668,0</coordinates>
                </Point>
              </Placemark>
              <Placemark>
                <name>Telemetry 22</name>
                <styleUrl>#modifiedtelemetry</styleUrl>
                <TimeSpan>
                  <begin>2026-08-14T04:44:15.826658+00:00</begin>
                  <end>2026-08-14T04:44:16.826658+00:00</end>
                </TimeSpan>
                <Point>
                  <coordinates>8.52233432103946,47.372257105991366,0</coordinates>
                </Point>
              </Placemark>
              <Placemark>
                <name>Telemetry 23</name>
                <styleUrl>#modifiedtelemetry</styleUrl>
                <TimeSpan>
                  <begin>2026-08-14T04:44:16.826658+00:00</begin>
                  <end>2026-08-14T04:44:17.826658+00:00</end>
                </TimeSpan>
                <Point>
                  <coordinates>8.52228502525266,47.37229205103605,0</coordinates>
                </Point>
              </Placemark>
              <Placemark>
                <name>Telemetry 24</name>
                <styleUrl>#modifiedtelemetry</styleUrl>
                <TimeSpan>
                  <begin>2026-08-14T04:44:17.826658+00:00</begin>
                  <end>2026-08-14T04:44:18.826658+00:00</end>
                </TimeSpan>
                <Point>
                  <coordinates>8.522235729465857,47.37232699608074,0</coordinates>
                </Point>
              </Placemark>
              <Placemark>
                <name>Telemetry 25</name>
                <styleUrl>#modifiedtelemetry</styleUrl>
                <TimeSpan>
                  <begin>2026-08-14T04:44:18.826658+00:00</begin>
                  <end>2026-08-14T04:44:19.826658+00:00</end>
                </TimeSpan>
                <Point>
                  <coordinates>8.522186433679055,47.37236194112542,0</coordinates>
                </Point>
              </Placemark>
              <Placemark>
                <name>Telemetry 26</name>
                <styleUrl>#modifiedtelemetry</styleUrl>
                <TimeSpan>
                  <begin>2026-08-14T04:44:19.826658+00:00</begin>
                  <end>2026-08-14T04:44:20.826658+00:00</end>
                </TimeSpan>
                <Point>
                  <coordinates>8.522137137892253,47.37239688617011,0</coordinates>
                </Point>
              </Placemark>
              <Placemark>
                <name>Telemetry 27</name>
                <styleUrl>#modifiedtelemetry</styleUrl>
                <TimeSpan>
                  <begin>2026-08-14T04:44:20.826658+00:00</begin>
                  <end>2026-08-14T04:44:21.826658+00:00</end>
                </TimeSpan>
                <Point>
                  <coordinates>8.522087838468211,47.37243182886079,0</coordinates>
                </Point>
              </Placemark>
              <Placemark>
                <name>Telemetry 28</name>
                <styleUrl>#modifiedtelemetry</styleUrl>
                <TimeSpan>
                  <begin>2026-08-14T04:44:21.826658+00:00</begin>
                  <end>2026-08-14T04:44:22.826658+00:00</end>
                </TimeSpan>
                <Point>
                  <coordinates>8.522032112466293,47.37247131013179,0</coordinates>
                </Point>
              </Placemark>
              <Placemark>
                <name>Telemetry 29</name>
                <styleUrl>#modifiedtelemetry</styleUrl>
                <TimeSpan>
                  <begin>2026-08-14T04:44:22.826658+00:00</begin>
                  <end>2026-08-14T04:44:23.826658+00:00</end>
                </TimeSpan>
                <Point>
                  <coordinates>8.521976386464376,47.37251079140279,0</coordinates>
                </Point>
              </Placemark>
              <Placemark>
                <name>Telemetry 30</name>
                <styleUrl>#modifiedtelemetry</styleUrl>
                <TimeSpan>
                  <begin>2026-08-14T04:44:23.826658+00:00</begin>
                  <end>2026-08-14T04:44:24.826658+00:00</end>
                </TimeSpan>
                <Point>
                  <coordinates>8.521920660462458,47.37255027267379,0</coordinates>
                </Point>
              </Placemark>
              <Placemark>
                <name>Telemetry 31</name>
                <styleUrl>#modifiedtelemetry</styleUrl>
                <TimeSpan>
                  <begin>2026-08-14T04:44:24.826658+00:00</begin>
                  <end>2026-08-14T04:44:25.826658+00:00</end>
                </TimeSpan>
                <Point>
                  <coordinates>8.521864934460542,47.37258975394479,0</coordinates>
                </Point>
              </Placemark>
              <Placemark>
                <name>Telemetry 32</name>
                <styleUrl>#modifiedtelemetry</styleUrl>
                <TimeSpan>
                  <begin>2026-08-14T04:44:25.826658+00:00</begin>
                  <end>2026-08-14T04:44:26.826658+00:00</end>
                </TimeSpan>
                <Point>
                  <coordinates>8.521809208458624,47.37262923521579,0</coordinates>
                </Point>
              </Placemark>
              <Placemark>
                <name>Telemetry 33</name>
                <styleUrl>#modifiedtelemetry</styleUrl>
                <TimeSpan>
                  <begin>2026-08-14T04:44:26.826658+00:00</begin>
                  <end>2026-08-14T04:44:27.826658+00:00</end>
                </TimeSpan>
                <Point>
                  <coordinates>8.521753482456708,47.372668716486785,0</coordinates>
                </Point>
              </Placemark>
              <Placemark>
                <name>Telemetry 34</name>
                <styleUrl>#modifiedtelemetry</styleUrl>
                <TimeSpan>
                  <begin>2026-08-14T04:44:27.826658+00:00</begin>
                  <end>2026-08-14T04:44:28.826658+00:00</end>
                </TimeSpan>
                <Point>
                  <coordinates>8.521697756454788,47.37270819775779,0</coordinates>
                </Point>
              </Placemark>
              <Placemark>
                <name>Telemetry 35</name>
                <styleUrl>#modifiedtelemetry</styleUrl>
                <TimeSpan>
                  <begin>2026-08-14T04:44:28.826658+00:00</begin>
                  <end>2026-08-14T04:44:29.826658+00:00</end>
                </TimeSpan>
                <Point>
                  <coordinates>8.52164203045287,47.372747679028784,0</coordinates>
                </Point>
              </Placemark>
              <Placemark>
                <name>Telemetry 36</name>
                <styleUrl>#modifiedtelemetry</styleUrl>
                <TimeSpan>
                  <begin>2026-08-14T04:44:29.826658+00:00</begin>
                  <end>2026-08-14T04:44:30.826658+00:00</end>
                </TimeSpan>
                <Point>
                  <coordinates>8.521586304450953,47.37278716029979,0</coordinates>
                </Point>
              </Placemark>
              <Placemark>
                <name>Telemetry 37</name>
                <styleUrl>#modifiedtelemetry</styleUrl>
                <TimeSpan>
                  <begin>2026-08-14T04:44:30.826658+00:00</begin>
                  <end>2026-08-14T04:44:31.826658+00:00</end>
                </TimeSpan>
                <Point>
                  <coordinates>8.521530578449035,47.37282664157078,0</coordinates>
                </Point>
              </Placemark>
              <Placemark>
                <name>Telemetry 38</name>
                <styleUrl>#modifiedtelemetry</styleUrl>
                <TimeSpan>
                  <begin>2026-08-14T04:44:31.826658+00:00</begin>
                  <end>2026-08-14T04:44:32.826658+00:00</end>
                </TimeSpan>
                <Point>
                  <coordinates>8.521474852447117,47.372866122841785,0</coordinates>
                </Point>
              </Placemark>
              <Placemark>
                <name>Telemetry 39</name>
                <styleUrl>#modifiedtelemetry</styleUrl>
                <TimeSpan>
                  <begin>2026-08-14T04:44:32.826658+00:00</begin>
                  <end>2026-08-14T04:44:33.826658+00:00</end>
                </TimeSpan>
                <Point>
                  <coordinates>8.5214191264452,47.37290560411278,0</coordinates>
                </Point>
              </Placemark>
              <Placemark>
                <name>Telemetry 40</name>
                <styleUrl>#modifiedtelemetry</styleUrl>
                <TimeSpan>
                  <begin>2026-08-14T04:44:33.826658+00:00</begin>
                  <end>2026-08-14T04:44:34.826658+00:00</end>
                </TimeSpan>
                <Point>
                  <coordinates>8.521363400443283,47.37294508538378,0</coordinates>
                </Point>
              </Placemark>
              <Placemark>
                <name>Telemetry 41</name>
                <styleUrl>#modifiedtelemetry</styleUrl>
                <TimeSpan>
                  <begin>2026-08-14T04:44:34.826658+00:00</begin>
                  <end>2026-08-14T04:44:35.826658+00:00</end>
                </TimeSpan>
                <Point>
                  <coordinates>8.521307674441365,47.37298456665478,0</coordinates>
                </Point>
              </Placemark>
              <Placemark>
                <name>Telemetry 42</name>
                <styleUrl>#modifiedtelemetry</styleUrl>
                <TimeSpan>
                  <begin>2026-08-14T04:44:35.826658+00:00</begin>
                  <end>2026-08-14T04:44:36.826658+00:00</end>
                </TimeSpan>
                <Point>
                  <coordinates>8.521251948439447,47.37302404792578,0</coordinates>
                </Point>
              </Placemark>
              <Placemark>
                <name>Telemetry 43</name>
                <styleUrl>#modifiedtelemetry</styleUrl>
                <TimeSpan>
                  <begin>2026-08-14T04:44:36.826658+00:00</begin>
                  <end>2026-08-14T04:44:37.826658+00:00</end>
                </TimeSpan>
                <Point>
                  <coordinates>8.52119622243753,47.37306352919678,0</coordinates>
                </Point>
              </Placemark>
              <Placemark>
                <name>Telemetry 44</name>
                <styleUrl>#modifiedtelemetry</styleUrl>
                <TimeSpan>
                  <begin>2026-08-14T04:44:37.826658+00:00</begin>
                  <end>2026-08-14T04:44:38.826658+00:00</end>
                </TimeSpan>
                <Point>
                  <coordinates>8.521140496435612,47.37310301046778,0</coordinates>
                </Point>
              </Placemark>
              <Placemark>
                <name>Telemetry 45</name>
                <styleUrl>#modifiedtelemetry</styleUrl>
                <TimeSpan>
                  <begin>2026-08-14T04:44:38.826658+00:00</begin>
                  <end>2026-08-14T04:44:39.826658+00:00</end>
                </TimeSpan>
                <Point>
                  <coordinates>8.521084770433694,47.373142491738776,0</coordinates>
                </Point>
              </Placemark>
              <Placemark>
                <name>Telemetry 46</name>
                <styleUrl>#modifiedtelemetry</styleUrl>
                <TimeSpan>
                  <begin>2026-08-14T04:44:39.826658+00:00</begin>
                  <end>2026-08-14T04:44:40.826658+00:00</end>
                </TimeSpan>
                <Point>
                  <coordinates>8.521029997240193,47.37318257084312,0</coordinates>
                </Point>
              </Placemark>
              <Placemark>
                <name>Telemetry 47</name>
                <styleUrl>#modifiedtelemetry</styleUrl>
                <TimeSpan>
                  <begin>2026-08-14T04:44:40.826658+00:00</begin>
                  <end>2026-08-14T04:44:41.826658+00:00</end>
                </TimeSpan>
                <Point>
                  <coordinates>8.520963533997929,47.37323270220549,0</coordinates>
                </Point>
              </Placemark>
              <Placemark>
                <name>Telemetry 48</name>
                <styleUrl>#modifiedtelemetry</styleUrl>
                <TimeSpan>
                  <begin>2026-08-14T04:44:41.826658+00:00</begin>
                  <end>2026-08-14T04:44:42.826658+00:00</end>
                </TimeSpan>
                <Point>
                  <coordinates>8.520897070755662,47.37328283356786,0</coordinates>
                </Point>
              </Placemark>
              <Placemark>
                <name>Telemetry 49</name>
                <styleUrl>#modifiedtelemetry</styleUrl>
                <TimeSpan>
                  <begin>2026-08-14T04:44:42.826658+00:00</begin>
                  <end>2026-08-14T04:44:43.826658+00:00</end>
                </TimeSpan>
                <Point>
                  <coordinates>8.520830607513398,47.37333296493023,0</coordinates>
                </Point>
              </Placemark>
              <Placemark>
                <name>Telemetry 50</name>
                <styleUrl>#modifiedtelemetry</styleUrl>
                <TimeSpan>
                  <begin>2026-08-14T04:44:43.826658+00:00</begin>
                  <end>2026-08-14T04:44:44.826658+00:00</end>
                </TimeSpan>
                <Point>
                  <coordinates>8.520764144271133,47.3733830962926,0</coordinates>
                </Point>
              </Placemark>
              <Placemark>
                <name>Telemetry 51</name>
                <styleUrl>#modifiedtelemetry</styleUrl>
                <TimeSpan>
                  <begin>2026-08-14T04:44:44.826658+00:00</begin>
                  <end>2026-08-14T04:44:45.826658+00:00</end>
                </TimeSpan>
                <Point>
                  <coordinates>8.520697681028867,47.37343322765497,0</coordinates>
                </Point>
              </Placemark>
              <Placemark>
                <name>Telemetry 52</name>
                <styleUrl>#modifiedtelemetry</styleUrl>
                <TimeSpan>
                  <begin>2026-08-14T04:44:45.826658+00:00</begin>
                  <end>2026-08-14T04:44:46.826658+00:00</end>
                </TimeSpan>
                <Point>
                  <coordinates>8.520631217786603,47.373483359017335,0</coordinates>
                </Point>
              </Placemark>
              <Placemark>
                <name>Telemetry 53</name>
                <styleUrl>#modifiedtelemetry</styleUrl>
                <TimeSpan>
                  <begin>2026-08-14T04:44:46.826658+00:00</begin>
                  <end>2026-08-14T04:44:47.826658+00:00</end>
                </TimeSpan>
                <Point>
                  <coordinates>8.520564754544338,47.37353349037971,0</coordinates>
                </Point>
              </Placemark>
              <Placemark>
                <name>Telemetry 54</name>
                <styleUrl>#modifiedtelemetry</styleUrl>
                <TimeSpan>
                  <begin>2026-08-14T04:44:47.826658+00:00</begin>
                  <end>2026-08-14T04:44:48.826658+00:00</end>
                </TimeSpan>
                <Point>
                  <coordinates>8.520498291302074,47.37358362174207,0</coordinates>
                </Point>
              </Placemark>
              <Placemark>
                <name>Telemetry 55</name>
                <styleUrl>#modifiedtelemetry</styleUrl>
                <TimeSpan>
                  <begin>2026-08-14T04:44:48.826658+00:00</begin>
                  <end>2026-08-14T04:44:49.826658+00:00</end>
                </TimeSpan>
                <Point>
                  <coordinates>8.520431828059808,47.37363375310444,0</coordinates>
                </Point>
              </Placemark>
              <Placemark>
                <name>Telemetry 56</name>
                <styleUrl>#modifiedtelemetry</styleUrl>
                <TimeSpan>
                  <begin>2026-08-14T04:44:49.826658+00:00</begin>
                  <end>2026-08-14T04:44:50.826658+00:00</end>
                </TimeSpan>
                <Point>
                  <coordinates>8.520365364817543,47.373683884466814,0</coordinates>
                </Point>
              </Placemark>
              <Placemark>
                <name>Telemetry 57</name>
                <styleUrl>#modifiedtelemetry</styleUrl>
                <TimeSpan>
                  <begin>2026-08-14T04:44:50.826658+00:00</begin>
                  <end>2026-08-14T04:44:51.826658+00:00</end>
                </TimeSpan>
                <Point>
                  <coordinates>8.520303903282091,47.37373680594896,0</coordinates>
                </Point>
              </Placemark>
              <Placemark>
                <name>Telemetry 58</name>
                <styleUrl>#modifiedtelemetry</styleUrl>
                <TimeSpan>
                  <begin>2026-08-14T04:44:51.826658+00:00</begin>
                  <end>2026-08-14T04:44:52.826658+00:00</end>
                </TimeSpan>
                <Point>
                  <coordinates>8.520235595452737,47.373798117289056,0</coordinates>
                </Point>
              </Placemark>
              <Placemark>
                <name>Telemetry 59</name>
                <styleUrl>#modifiedtelemetry</styleUrl>
                <TimeSpan>
                  <begin>2026-08-14T04:44:52.826658+00:00</begin>
                  <end>2026-08-14T04:44:53.826658+00:00</end>
                </TimeSpan>
                <Point>
                  <coordinates>8.520167287623382,47.373859428629146,0</coordinates>
                </Point>
              </Placemark>
              <Placemark>
                <name>Telemetry 60</name>
                <styleUrl>#modifiedtelemetry</styleUrl>
                <TimeSpan>
                  <begin>2026-08-14T04:44:53.826658+00:00</begin>
                  <end>2026-08-14T04:44:54.826658+00:00</end>
                </TimeSpan>
                <Point>
                  <coordinates>8.520098979794028,47.37392073996924,0</coordinates>
                </Point>
              </Placemark>
              <Placemark>
                <name>Telemetry 61</name>
                <styleUrl>#modifiedtelemetry</styleUrl>
                <TimeSpan>
                  <begin>2026-08-14T04:44:54.826658+00:00</begin>
                  <end>2026-08-14T04:44:55.826658+00:00</end>
                </TimeSpan>
                <Point>
                  <coordinates>8.520030671964673,47.37398205130934,0</coordinates>
                </Point>
              </Placemark>
              <Placemark>
                <name>Telemetry 62</name>
                <styleUrl>#modifiedtelemetry</styleUrl>
                <TimeSpan>
                  <begin>2026-08-14T04:44:55.826658+00:00</begin>
                  <end>2026-08-14T04:44:56.826658+00:00</end>
                </TimeSpan>
                <Point>
                  <coordinates>8.519962364135319,47.37404336264943,0</coordinates>
                </Point>
              </Placemark>
              <Placemark>
                <name>Telemetry 63</name>
                <styleUrl>#modifiedtelemetry</styleUrl>
                <TimeSpan>
                  <begin>2026-08-14T04:44:56.826658+00:00</begin>
                  <end>2026-08-14T04:44:57.826658+00:00</end>
                </TimeSpan>
                <Point>
                  <coordinates>8.519895098918301,47.374105167193115,0</coordinates>
                </Point>
              </Placemark>
            </Folder>
          </Folder>
        </Folder>
        <Folder>
          <name>Service Provider polling</name>
        </Folder>
        <Folder>
          <name>Service Provider polling</name>
        </Folder>
        <Folder>
          <name>Service Provider polling</name>
        </Folder>
        <Folder>
          <name>Service Provider polling</name>
        </Folder>
        <Folder>
          <name>Service Provider polling</name>
        </Folder>
        <Folder>
          <name>Verify operator notification</name>
        </Folder>
        <Folder>
          <name>Intermediate cleanup</name>
        </Folder>
        <Folder>
          <name>Retrieve pre-existing operator notification</name>
        </Folder>
        <Folder>
          <name>Injection</name>
          <Folder>
            <name>E84: uss1 interuss.automated_testing.rid.v1.injection.createTest</name>
            <Folder>
              <name>Test flight 90c2fbfa-5f36-4aab-b104-4770f3ddbe86</name>
              <Placemark>
                <name>Telemetry 0</name>
                <styleUrl>#modifiedtelemetry</styleUrl>
                <TimeSpan>
                  <begin>2026-08-14T04:44:04.356065+00:00</begin>
                  <end>2026-08-14T04:44:05.356065+00:00</end>
                </TimeSpan>
                <Point>
                  <coordinates>8.523321827032547,47.3715045208158,0</coordinates>
                </Point>
              </Placemark>
              <Placemark>
                <name>Telemetry 1</name>
                <styleUrl>#modifiedtelemetry</styleUrl>
                <TimeSpan>
                  <begin>2026-08-14T04:44:05.356065+00:00</begin>
                  <end>2026-08-14T04:44:06.356065+00:00</end>
                </TimeSpan>
                <Point>
                  <coordinates>8.523282890548819,47.371540881223694,0</coordinates>
                </Point>
              </Placemark>
              <Placemark>
                <name>Telemetry 2</name>
                <styleUrl>#modifiedtelemetry</styleUrl>
                <TimeSpan>
                  <begin>2026-08-14T04:44:06.356065+00:00</begin>
                  <end>2026-08-14T04:44:07.356065+00:00</end>
                </TimeSpan>
                <Point>
                  <coordinates>8.52324395406509,47.37157724163159,0</coordinates>
                </Point>
              </Placemark>
              <Placemark>
                <name>Telemetry 3</name>
                <styleUrl>#modifiedtelemetry</styleUrl>
                <TimeSpan>
                  <begin>2026-08-14T04:44:07.356065+00:00</begin>
                  <end>2026-08-14T04:44:08.356065+00:00</end>
                </TimeSpan>
                <Point>
                  <coordinates>8.523205017581365,47.37161360203949,0</coordinates>
                </Point>
              </Placemark>
              <Placemark>
                <name>Telemetry 4</name>
                <styleUrl>#modifiedtelemetry</styleUrl>
                <TimeSpan>
                  <begin>2026-08-14T04:44:08.356065+00:00</begin>
                  <end>2026-08-14T04:44:09.356065+00:00</end>
                </TimeSpan>
                <Point>
                  <coordinates>8.523166081097637,47.371649962447385,0</coordinates>
                </Point>
              </Placemark>
              <Placemark>
                <name>Telemetry 5</name>
                <styleUrl>#modifiedtelemetry</styleUrl>
                <TimeSpan>
                  <begin>2026-08-14T04:44:09.356065+00:00</begin>
                  <end>2026-08-14T04:44:10.356065+00:00</end>
                </TimeSpan>
                <Point>
                  <coordinates>8.523118769605144,47.37168134446735,0</coordinates>
                </Point>
              </Placemark>
              <Placemark>
                <name>Telemetry 6</name>
                <styleUrl>#modifiedtelemetry</styleUrl>
                <TimeSpan>
                  <begin>2026-08-14T04:44:10.356065+00:00</begin>
                  <end>2026-08-14T04:44:11.356065+00:00</end>
                </TimeSpan>
                <Point>
                  <coordinates>8.523070583658326,47.37171220668214,0</coordinates>
                </Point>
              </Placemark>
              <Placemark>
                <name>Telemetry 7</name>
                <styleUrl>#modifiedtelemetry</styleUrl>
                <TimeSpan>
                  <begin>2026-08-14T04:44:11.356065+00:00</begin>
                  <end>2026-08-14T04:44:12.356065+00:00</end>
                </TimeSpan>
                <Point>
                  <coordinates>8.523022397711506,47.371743068896926,0</coordinates>
                </Point>
              </Placemark>
              <Placemark>
                <name>Telemetry 8</name>
                <styleUrl>#modifiedtelemetry</styleUrl>
                <TimeSpan>
                  <begin>2026-08-14T04:44:12.356065+00:00</begin>
                  <end>2026-08-14T04:44:13.356065+00:00</end>
                </TimeSpan>
                <Point>
                  <coordinates>8.5229757392881,47.371774910132885,0</coordinates>
                </Point>
              </Placemark>
              <Placemark>
                <name>Telemetry 9</name>
                <styleUrl>#modifiedtelemetry</styleUrl>
                <TimeSpan>
                  <begin>2026-08-14T04:44:13.356065+00:00</begin>
                  <end>2026-08-14T04:44:14.356065+00:00</end>
                </TimeSpan>
                <Point>
                  <coordinates>8.522932891599606,47.371809193747204,0</coordinates>
                </Point>
              </Placemark>
              <Placemark>
                <name>Telemetry 10</name>
                <styleUrl>#modifiedtelemetry</styleUrl>
                <TimeSpan>
                  <begin>2026-08-14T04:44:14.356065+00:00</begin>
                  <end>2026-08-14T04:44:15.356065+00:00</end>
                </TimeSpan>
                <Point>
                  <coordinates>8.522890043911113,47.37184347736152,0</coordinates>
                </Point>
              </Placemark>
              <Placemark>
                <name>Telemetry 11</name>
                <styleUrl>#modifiedtelemetry</styleUrl>
                <TimeSpan>
                  <begin>2026-08-14T04:44:15.356065+00:00</begin>
                  <end>2026-08-14T04:44:16.356065+00:00</end>
                </TimeSpan>
                <Point>
                  <coordinates>8.52284719622262,47.37187776097584,0</coordinates>
                </Point>
              </Placemark>
              <Placemark>
                <name>Telemetry 12</name>
                <styleUrl>#modifiedtelemetry</styleUrl>
                <TimeSpan>
                  <begin>2026-08-14T04:44:16.356065+00:00</begin>
                  <end>2026-08-14T04:44:17.356065+00:00</end>
                </TimeSpan>
                <Point>
                  <coordinates>8.522804348534127,47.37191204459016,0</coordinates>
                </Point>
              </Placemark>
              <Placemark>
                <name>Telemetry 13</name>
                <styleUrl>#modifiedtelemetry</styleUrl>
                <TimeSpan>
                  <begin>2026-08-14T04:44:17.356065+00:00</begin>
                  <end>2026-08-14T04:44:18.356065+00:00</end>
                </TimeSpan>
                <Point>
                  <coordinates>8.522761500845634,47.37194632820448,0</coordinates>
                </Point>
              </Placemark>
              <Placemark>
                <name>Telemetry 14</name>
                <styleUrl>#modifiedtelemetry</styleUrl>
                <TimeSpan>
                  <begin>2026-08-14T04:44:18.356065+00:00</begin>
                  <end>2026-08-14T04:44:19.356065+00:00</end>
                </TimeSpan>
                <Point>
                  <coordinates>8.522718653157142,47.371980611818806,0</coordinates>
                </Point>
              </Placemark>
              <Placemark>
                <name>Telemetry 15</name>
                <styleUrl>#modifiedtelemetry</styleUrl>
                <TimeSpan>
                  <begin>2026-08-14T04:44:19.356065+00:00</begin>
                  <end>2026-08-14T04:44:20.356065+00:00</end>
                </TimeSpan>
                <Point>
                  <coordinates>8.522675805468648,47.372014895433125,0</coordinates>
                </Point>
              </Placemark>
              <Placemark>
                <name>Telemetry 16</name>
                <styleUrl>#modifiedtelemetry</styleUrl>
                <TimeSpan>
                  <begin>2026-08-14T04:44:20.356065+00:00</begin>
                  <end>2026-08-14T04:44:21.356065+00:00</end>
                </TimeSpan>
                <Point>
                  <coordinates>8.522630095760274,47.37204743572325,0</coordinates>
                </Point>
              </Placemark>
              <Placemark>
                <name>Telemetry 17</name>
                <styleUrl>#modifiedtelemetry</styleUrl>
                <TimeSpan>
                  <begin>2026-08-14T04:44:21.356065+00:00</begin>
                  <end>2026-08-14T04:44:22.356065+00:00</end>
                </TimeSpan>
                <Point>
                  <coordinates>8.522580799973472,47.372082380767935,0</coordinates>
                </Point>
              </Placemark>
              <Placemark>
                <name>Telemetry 18</name>
                <styleUrl>#modifiedtelemetry</styleUrl>
                <TimeSpan>
                  <begin>2026-08-14T04:44:22.356065+00:00</begin>
                  <end>2026-08-14T04:44:23.356065+00:00</end>
                </TimeSpan>
                <Point>
                  <coordinates>8.52253150418667,47.372117325812624,0</coordinates>
                </Point>
              </Placemark>
              <Placemark>
                <name>Telemetry 19</name>
                <styleUrl>#modifiedtelemetry</styleUrl>
                <TimeSpan>
                  <begin>2026-08-14T04:44:23.356065+00:00</begin>
                  <end>2026-08-14T04:44:24.356065+00:00</end>
                </TimeSpan>
                <Point>
                  <coordinates>8.52248220839987,47.372152270857306,0</coordinates>
                </Point>
              </Placemark>
              <Placemark>
                <name>Telemetry 20</name>
                <styleUrl>#modifiedtelemetry</styleUrl>
                <TimeSpan>
                  <begin>2026-08-14T04:44:24.356065+00:00</begin>
                  <end>2026-08-14T04:44:25.356065+00:00</end>
                </TimeSpan>
                <Point>
                  <coordinates>8.522432912613064,47.372187215901995,0</coordinates>
                </Point>
              </Placemark>
              <Placemark>
                <name>Telemetry 21</name>
                <styleUrl>#modifiedtelemetry</styleUrl>
                <TimeSpan>
                  <begin>2026-08-14T04:44:25.356065+00:00</begin>
                  <end>2026-08-14T04:44:26.356065+00:00</end>
                </TimeSpan>
                <Point>
                  <coordinates>8.522383616826263,47.37222216094668,0</coordinates>
                </Point>
              </Placemark>
              <Placemark>
                <name>Telemetry 22</name>
                <styleUrl>#modifiedtelemetry</styleUrl>
                <TimeSpan>
                  <begin>2026-08-14T04:44:26.356065+00:00</begin>
                  <end>2026-08-14T04:44:27.356065+00:00</end>
                </TimeSpan>
                <Point>
                  <coordinates>8.52233432103946,47.372257105991366,0</coordinates>
                </Point>
              </Placemark>
              <Placemark>
                <name>Telemetry 23</name>
                <styleUrl>#modifiedtelemetry</styleUrl>
                <TimeSpan>
                  <begin>2026-08-14T04:44:27.356065+00:00</begin>
                  <end>2026-08-14T04:44:28.356065+00:00</end>
                </TimeSpan>
                <Point>
                  <coordinates>8.52228502525266,47.37229205103605,0</coordinates>
                </Point>
              </Placemark>
              <Placemark>
                <name>Telemetry 24</name>
                <styleUrl>#modifiedtelemetry</styleUrl>
                <TimeSpan>
                  <begin>2026-08-14T04:44:28.356065+00:00</begin>
                  <end>2026-08-14T04:44:29.356065+00:00</end>
                </TimeSpan>
                <Point>
                  <coordinates>8.522235729465857,47.37232699608074,0</coordinates>
                </Point>
              </Placemark>
              <Placemark>
                <name>Telemetry 25</name>
                <styleUrl>#modifiedtelemetry</styleUrl>
                <TimeSpan>
                  <begin>2026-08-14T04:44:29.356065+00:00</begin>
                  <end>2026-08-14T04:44:30.356065+00:00</end>
                </TimeSpan>
                <Point>
                  <coordinates>8.522186433679055,47.37236194112542,0</coordinates>
                </Point>
              </Placemark>
              <Placemark>
                <name>Telemetry 26</name>
                <styleUrl>#modifiedtelemetry</styleUrl>
                <TimeSpan>
                  <begin>2026-08-14T04:44:30.356065+00:00</begin>
                  <end>2026-08-14T04:44:31.356065+00:00</end>
                </TimeSpan>
                <Point>
                  <coordinates>8.522137137892253,47.37239688617011,0</coordinates>
                </Point>
              </Placemark>
              <Placemark>
                <name>Telemetry 27</name>
                <styleUrl>#modifiedtelemetry</styleUrl>
                <TimeSpan>
                  <begin>2026-08-14T04:44:31.356065+00:00</begin>
                  <end>2026-08-14T04:44:32.356065+00:00</end>
                </TimeSpan>
                <Point>
                  <coordinates>8.522087838468211,47.37243182886079,0</coordinates>
                </Point>
              </Placemark>
              <Placemark>
                <name>Telemetry 28</name>
                <styleUrl>#modifiedtelemetry</styleUrl>
                <TimeSpan>
                  <begin>2026-08-14T04:44:32.356065+00:00</begin>
                  <end>2026-08-14T04:44:33.356065+00:00</end>
                </TimeSpan>
                <Point>
                  <coordinates>8.522032112466293,47.37247131013179,0</coordinates>
                </Point>
              </Placemark>
              <Placemark>
                <name>Telemetry 29</name>
                <styleUrl>#modifiedtelemetry</styleUrl>
                <TimeSpan>
                  <begin>2026-08-14T04:44:33.356065+00:00</begin>
                  <end>2026-08-14T04:44:34.356065+00:00</end>
                </TimeSpan>
                <Point>
                  <coordinates>8.521976386464376,47.37251079140279,0</coordinates>
                </Point>
              </Placemark>
              <Placemark>
                <name>Telemetry 30</name>
                <styleUrl>#modifiedtelemetry</styleUrl>
                <TimeSpan>
                  <begin>2026-08-14T04:44:34.356065+00:00</begin>
                  <end>2026-08-14T04:44:35.356065+00:00</end>
                </TimeSpan>
                <Point>
                  <coordinates>8.521920660462458,47.37255027267379,0</coordinates>
                </Point>
              </Placemark>
              <Placemark>
                <name>Telemetry 31</name>
                <styleUrl>#modifiedtelemetry</styleUrl>
                <TimeSpan>
                  <begin>2026-08-14T04:44:35.356065+00:00</begin>
                  <end>2026-08-14T04:44:36.356065+00:00</end>
                </TimeSpan>
                <Point>
                  <coordinates>8.521864934460542,47.37258975394479,0</coordinates>
                </Point>
              </Placemark>
              <Placemark>
                <name>Telemetry 32</name>
                <styleUrl>#modifiedtelemetry</styleUrl>
                <TimeSpan>
                  <begin>2026-08-14T04:44:36.356065+00:00</begin>
                  <end>2026-08-14T04:44:37.356065+00:00</end>
                </TimeSpan>
                <Point>
                  <coordinates>8.521809208458624,47.37262923521579,0</coordinates>
                </Point>
              </Placemark>
              <Placemark>
                <name>Telemetry 33</name>
                <styleUrl>#modifiedtelemetry</styleUrl>
                <TimeSpan>
                  <begin>2026-08-14T04:44:37.356065+00:00</begin>
                  <end>2026-08-14T04:44:38.356065+00:00</end>
                </TimeSpan>
                <Point>
                  <coordinates>8.521753482456708,47.372668716486785,0</coordinates>
                </Point>
              </Placemark>
              <Placemark>
                <name>Telemetry 34</name>
                <styleUrl>#modifiedtelemetry</styleUrl>
                <TimeSpan>
                  <begin>2026-08-14T04:44:38.356065+00:00</begin>
                  <end>2026-08-14T04:44:39.356065+00:00</end>
                </TimeSpan>
                <Point>
                  <coordinates>8.521697756454788,47.37270819775779,0</coordinates>
                </Point>
              </Placemark>
              <Placemark>
                <name>Telemetry 35</name>
                <styleUrl>#modifiedtelemetry</styleUrl>
                <TimeSpan>
                  <begin>2026-08-14T04:44:39.356065+00:00</begin>
                  <end>2026-08-14T04:44:40.356065+00:00</end>
                </TimeSpan>
                <Point>
                  <coordinates>8.52164203045287,47.372747679028784,0</coordinates>
                </Point>
              </Placemark>
              <Placemark>
                <name>Telemetry 36</name>
                <styleUrl>#modifiedtelemetry</styleUrl>
                <TimeSpan>
                  <begin>2026-08-14T04:44:40.356065+00:00</begin>
                  <end>2026-08-14T04:44:41.356065+00:00</end>
                </TimeSpan>
                <Point>
                  <coordinates>8.521586304450953,47.37278716029979,0</coordinates>
                </Point>
              </Placemark>
              <Placemark>
                <name>Telemetry 37</name>
                <styleUrl>#modifiedtelemetry</styleUrl>
                <TimeSpan>
                  <begin>2026-08-14T04:44:41.356065+00:00</begin>
                  <end>2026-08-14T04:44:42.356065+00:00</end>
                </TimeSpan>
                <Point>
                  <coordinates>8.521530578449035,47.37282664157078,0</coordinates>
                </Point>
              </Placemark>
              <Placemark>
                <name>Telemetry 38</name>
                <styleUrl>#modifiedtelemetry</styleUrl>
                <TimeSpan>
                  <begin>2026-08-14T04:44:42.356065+00:00</begin>
                  <end>2026-08-14T04:44:43.356065+00:00</end>
                </TimeSpan>
                <Point>
                  <coordinates>8.521474852447117,47.372866122841785,0</coordinates>
                </Point>
              </Placemark>
              <Placemark>
                <name>Telemetry 39</name>
                <styleUrl>#modifiedtelemetry</styleUrl>
                <TimeSpan>
                  <begin>2026-08-14T04:44:43.356065+00:00</begin>
                  <end>2026-08-14T04:44:44.356065+00:00</end>
                </TimeSpan>
                <Point>
                  <coordinates>8.5214191264452,47.37290560411278,0</coordinates>
                </Point>
              </Placemark>
              <Placemark>
                <name>Telemetry 40</name>
                <styleUrl>#modifiedtelemetry</styleUrl>
                <TimeSpan>
                  <begin>2026-08-14T04:44:44.356065+00:00</begin>
                  <end>2026-08-14T04:44:45.356065+00:00</end>
                </TimeSpan>
                <Point>
                  <coordinates>8.521363400443283,47.37294508538378,0</coordinates>
                </Point>
              </Placemark>
              <Placemark>
                <name>Telemetry 41</name>
                <styleUrl>#modifiedtelemetry</styleUrl>
                <TimeSpan>
                  <begin>2026-08-14T04:44:45.356065+00:00</begin>
                  <end>2026-08-14T04:44:46.356065+00:00</end>
                </TimeSpan>
                <Point>
                  <coordinates>8.521307674441365,47.37298456665478,0</coordinates>
                </Point>
              </Placemark>
              <Placemark>
                <name>Telemetry 42</name>
                <styleUrl>#modifiedtelemetry</styleUrl>
                <TimeSpan>
                  <begin>2026-08-14T04:44:46.356065+00:00</begin>
                  <end>2026-08-14T04:44:47.356065+00:00</end>
                </TimeSpan>
                <Point>
                  <coordinates>8.521251948439447,47.37302404792578,0</coordinates>
                </Point>
              </Placemark>
              <Placemark>
                <name>Telemetry 43</name>
                <styleUrl>#modifiedtelemetry</styleUrl>
                <TimeSpan>
                  <begin>2026-08-14T04:44:47.356065+00:00</begin>
                  <end>2026-08-14T04:44:48.356065+00:00</end>
                </TimeSpan>
                <Point>
                  <coordinates>8.52119622243753,47.37306352919678,0</coordinates>
                </Point>
              </Placemark>
              <Placemark>
                <name>Telemetry 44</name>
                <styleUrl>#modifiedtelemetry</styleUrl>
                <TimeSpan>
                  <begin>2026-08-14T04:44:48.356065+00:00</begin>
                  <end>2026-08-14T04:44:49.356065+00:00</end>
                </TimeSpan>
                <Point>
                  <coordinates>8.521140496435612,47.37310301046778,0</coordinates>
                </Point>
              </Placemark>
              <Placemark>
                <name>Telemetry 45</name>
                <styleUrl>#modifiedtelemetry</styleUrl>
                <TimeSpan>
                  <begin>2026-08-14T04:44:49.356065+00:00</begin>
                  <end>2026-08-14T04:44:50.356065+00:00</end>
                </TimeSpan>
                <Point>
                  <coordinates>8.521084770433694,47.373142491738776,0</coordinates>
                </Point>
              </Placemark>
              <Placemark>
                <name>Telemetry 46</name>
                <styleUrl>#modifiedtelemetry</styleUrl>
                <TimeSpan>
                  <begin>2026-08-14T04:44:50.356065+00:00</begin>
                  <end>2026-08-14T04:44:51.356065+00:00</end>
                </TimeSpan>
                <Point>
                  <coordinates>8.521029997240193,47.37318257084312,0</coordinates>
                </Point>
              </Placemark>
              <Placemark>
                <name>Telemetry 47</name>
                <styleUrl>#modifiedtelemetry</styleUrl>
                <TimeSpan>
                  <begin>2026-08-14T04:44:51.356065+00:00</begin>
                  <end>2026-08-14T04:44:52.356065+00:00</end>
                </TimeSpan>
                <Point>
                  <coordinates>8.520963533997929,47.37323270220549,0</coordinates>
                </Point>
              </Placemark>
              <Placemark>
                <name>Telemetry 48</name>
                <styleUrl>#modifiedtelemetry</styleUrl>
                <TimeSpan>
                  <begin>2026-08-14T04:44:52.356065+00:00</begin>
                  <end>2026-08-14T04:44:53.356065+00:00</end>
                </TimeSpan>
                <Point>
                  <coordinates>8.520897070755662,47.37328283356786,0</coordinates>
                </Point>
              </Placemark>
              <Placemark>
                <name>Telemetry 49</name>
                <styleUrl>#modifiedtelemetry</styleUrl>
                <TimeSpan>
                  <begin>2026-08-14T04:44:53.356065+00:00</begin>
                  <end>2026-08-14T04:44:54.356065+00:00</end>
                </TimeSpan>
                <Point>
                  <coordinates>8.520830607513398,47.37333296493023,0</coordinates>
                </Point>
              </Placemark>
              <Placemark>
                <name>Telemetry 50</name>
                <styleUrl>#modifiedtelemetry</styleUrl>
                <TimeSpan>
                  <begin>2026-08-14T04:44:54.356065+00:00</begin>
                  <end>2026-08-14T04:44:55.356065+00:00</end>
                </TimeSpan>
                <Point>
                  <coordinates>8.520764144271133,47.3733830962926,0</coordinates>
                </Point>
              </Placemark>
              <Placemark>
                <name>Telemetry 51</name>
                <styleUrl>#modifiedtelemetry</styleUrl>
                <TimeSpan>
                  <begin>2026-08-14T04:44:55.356065+00:00</begin>
                  <end>2026-08-14T04:44:56.356065+00:00</end>
                </TimeSpan>
                <Point>
                  <coordinates>8.520697681028867,47.37343322765497,0</coordinates>
                </Point>
              </Placemark>
              <Placemark>
                <name>Telemetry 52</name>
                <styleUrl>#modifiedtelemetry</styleUrl>
                <TimeSpan>
                  <begin>2026-08-14T04:44:56.356065+00:00</begin>
                  <end>2026-08-14T04:44:57.356065+00:00</end>
                </TimeSpan>
                <Point>
                  <coordinates>8.520631217786603,47.373483359017335,0</coordinates>
                </Point>
              </Placemark>
              <Placemark>
                <name>Telemetry 53</name>
                <styleUrl>#modifiedtelemetry</styleUrl>
                <TimeSpan>
                  <begin>2026-08-14T04:44:57.356065+00:00</begin>
                  <end>2026-08-14T04:44:58.356065+00:00</end>
                </TimeSpan>
                <Point>
                  <coordinates>8.520564754544338,47.37353349037971,0</coordinates>
                </Point>
              </Placemark>
              <Placemark>
                <name>Telemetry 54</name>
                <styleUrl>#modifiedtelemetry</styleUrl>
                <TimeSpan>
                  <begin>2026-08-14T04:44:58.356065+00:00</begin>
                  <end>2026-08-14T04:44:59.356065+00:00</end>
                </TimeSpan>
                <Point>
                  <coordinates>8.520498291302074,47.37358362174207,0</coordinates>
                </Point>
              </Placemark>
              <Placemark>
                <name>Telemetry 55</name>
                <styleUrl>#modifiedtelemetry</styleUrl>
                <TimeSpan>
                  <begin>2026-08-14T04:44:59.356065+00:00</begin>
                  <end>2026-08-14T04:45:00.356065+00:00</end>
                </TimeSpan>
                <Point>
                  <coordinates>8.520431828059808,47.37363375310444,0</coordinates>
                </Point>
              </Placemark>
              <Placemark>
                <name>Telemetry 56</name>
                <styleUrl>#modifiedtelemetry</styleUrl>
                <TimeSpan>
                  <begin>2026-08-14T04:45:00.356065+00:00</begin>
                  <end>2026-08-14T04:45:01.356065+00:00</end>
                </TimeSpan>
                <Point>
                  <coordinates>8.520365364817543,47.373683884466814,0</coordinates>
                </Point>
              </Placemark>
              <Placemark>
                <name>Telemetry 57</name>
                <styleUrl>#modifiedtelemetry</styleUrl>
                <TimeSpan>
                  <begin>2026-08-14T04:45:01.356065+00:00</begin>
                  <end>2026-08-14T04:45:02.356065+00:00</end>
                </TimeSpan>
                <Point>
                  <coordinates>8.520303903282091,47.37373680594896,0</coordinates>
                </Point>
              </Placemark>
              <Placemark>
                <name>Telemetry 58</name>
                <styleUrl>#modifiedtelemetry</styleUrl>
                <TimeSpan>
                  <begin>2026-08-14T04:45:02.356065+00:00</begin>
                  <end>2026-08-14T04:45:03.356065+00:00</end>
                </TimeSpan>
                <Point>
                  <coordinates>8.520235595452737,47.373798117289056,0</coordinates>
                </Point>
              </Placemark>
              <Placemark>
                <name>Telemetry 59</name>
                <styleUrl>#modifiedtelemetry</styleUrl>
                <TimeSpan>
                  <begin>2026-08-14T04:45:03.356065+00:00</begin>
                  <end>2026-08-14T04:45:04.356065+00:00</end>
                </TimeSpan>
                <Point>
                  <coordinates>8.520167287623382,47.373859428629146,0</coordinates>
                </Point>
              </Placemark>
              <Placemark>
                <name>Telemetry 60</name>
                <styleUrl>#modifiedtelemetry</styleUrl>
                <TimeSpan>
                  <begin>2026-08-14T04:45:04.356065+00:00</begin>
                  <end>2026-08-14T04:45:05.356065+00:00</end>
                </TimeSpan>
                <Point>
                  <coordinates>8.520098979794028,47.37392073996924,0</coordinates>
                </Point>
              </Placemark>
              <Placemark>
                <name>Telemetry 61</name>
                <styleUrl>#modifiedtelemetry</styleUrl>
                <TimeSpan>
                  <begin>2026-08-14T04:45:05.356065+00:00</begin>
                  <end>2026-08-14T04:45:06.356065+00:00</end>
                </TimeSpan>
                <Point>
                  <coordinates>8.520030671964673,47.37398205130934,0</coordinates>
                </Point>
              </Placemark>
              <Placemark>
                <name>Telemetry 62</name>
                <styleUrl>#modifiedtelemetry</styleUrl>
                <TimeSpan>
                  <begin>2026-08-14T04:45:06.356065+00:00</begin>
                  <end>2026-08-14T04:45:07.356065+00:00</end>
                </TimeSpan>
                <Point>
                  <coordinates>8.519962364135319,47.37404336264943,0</coordinates>
                </Point>
              </Placemark>
              <Placemark>
                <name>Telemetry 63</name>
                <styleUrl>#modifiedtelemetry</styleUrl>
                <TimeSpan>
                  <begin>2026-08-14T04:45:07.356065+00:00</begin>
                  <end>2026-08-14T04:45:08.356065+00:00</end>
                </TimeSpan>
                <Point>
                  <coordinates>8.519895098918301,47.374105167193115,0</coordinates>
                </Point>
              </Placemark>
            </Folder>
          </Folder>
        </Folder>
        <Folder>
          <name>Service Provider polling</name>
        </Folder>
        <Folder>
          <name>Service Provider polling</name>
        </Folder>
        <Folder>
          <name>Service Provider polling</name>
        </Folder>
        <Folder>
          <name>Service Provider polling</name>
        </Folder>
        <Folder>
          <name>Service Provider polling</name>
        </Folder>
        <Folder>
          <name>Verify operator notification</name>
        </Folder>
        <Folder>
          <name>Intermediate cleanup</name>
        </Folder>
        <Folder>
          <name>Retrieve pre-existing operator notification</name>
        </Folder>
        <Folder>
          <name>Injection</name>
          <Folder>
            <name>E104: uss1 interuss.automated_testing.rid.v1.injection.createTest</name>
            <Folder>
              <name>Test flight 0bbcf500-07c9-4af6-9007-cc3baa3fb7cf</name>
              <Placemark>
                <name>Telemetry 0</name>
                <styleUrl>#modifiedtelemetry</styleUrl>
                <TimeSpan>
                  <begin>2026-08-14T04:44:14.838489+00:00</begin>
                  <end>2026-08-14T04:44:15.838489+00:00</end>
                </TimeSpan>
                <Point>
                  <coordinates>8.523321827032547,47.3715045208158,0</coordinates>
                </Point>
              </Placemark>
              <Placemark>
                <name>Telemetry 1</name>
                <styleUrl>#modifiedtelemetry</styleUrl>
                <TimeSpan>
                  <begin>2026-08-14T04:44:15.838489+00:00</begin>
                  <end>2026-08-14T04:44:16.838489+00:00</end>
                </TimeSpan>
                <Point>
                  <coordinates>8.523282890548819,47.371540881223694,0</coordinates>
                </Point>
              </Placemark>
              <Placemark>
                <name>Telemetry 2</name>
                <styleUrl>#modifiedtelemetry</styleUrl>
                <TimeSpan>
                  <begin>2026-08-14T04:44:16.838489+00:00</begin>
                  <end>2026-08-14T04:44:17.838489+00:00</end>
                </TimeSpan>
                <Point>
                  <coordinates>8.52324395406509,47.37157724163159,0</coordinates>
                </Point>
              </Placemark>
              <Placemark>
                <name>Telemetry 3</name>
                <styleUrl>#modifiedtelemetry</styleUrl>
                <TimeSpan>
                  <begin>2026-08-14T04:44:17.838489+00:00</begin>
                  <end>2026-08-14T04:44:18.838489+00:00</end>
                </TimeSpan>
                <Point>
                  <coordinates>8.523205017581365,47.37161360203949,0</coordinates>
                </Point>
              </Placemark>
              <Placemark>
                <name>Telemetry 4</name>
                <styleUrl>#modifiedtelemetry</styleUrl>
                <TimeSpan>
                  <begin>2026-08-14T04:44:18.838489+00:00</begin>
                  <end>2026-08-14T04:44:19.838489+00:00</end>
                </TimeSpan>
                <Point>
                  <coordinates>8.523166081097637,47.371649962447385,0</coordinates>
                </Point>
              </Placemark>
              <Placemark>
                <name>Telemetry 5</name>
                <styleUrl>#modifiedtelemetry</styleUrl>
                <TimeSpan>
                  <begin>2026-08-14T04:44:19.838489+00:00</begin>
                  <end>2026-08-14T04:44:20.838489+00:00</end>
                </TimeSpan>
                <Point>
                  <coordinates>8.523118769605144,47.37168134446735,0</coordinates>
                </Point>
              </Placemark>
              <Placemark>
                <name>Telemetry 6</name>
                <styleUrl>#modifiedtelemetry</styleUrl>
                <TimeSpan>
                  <begin>2026-08-14T04:44:20.838489+00:00</begin>
                  <end>2026-08-14T04:44:21.838489+00:00</end>
                </TimeSpan>
                <Point>
                  <coordinates>8.523070583658326,47.37171220668214,0</coordinates>
                </Point>
              </Placemark>
              <Placemark>
                <name>Telemetry 7</name>
                <styleUrl>#modifiedtelemetry</styleUrl>
                <TimeSpan>
                  <begin>2026-08-14T04:44:21.838489+00:00</begin>
                  <end>2026-08-14T04:44:22.838489+00:00</end>
                </TimeSpan>
                <Point>
                  <coordinates>8.523022397711506,47.371743068896926,0</coordinates>
                </Point>
              </Placemark>
              <Placemark>
                <name>Telemetry 8</name>
                <styleUrl>#modifiedtelemetry</styleUrl>
                <TimeSpan>
                  <begin>2026-08-14T04:44:22.838489+00:00</begin>
                  <end>2026-08-14T04:44:23.838489+00:00</end>
                </TimeSpan>
                <Point>
                  <coordinates>8.5229757392881,47.371774910132885,0</coordinates>
                </Point>
              </Placemark>
              <Placemark>
                <name>Telemetry 9</name>
                <styleUrl>#modifiedtelemetry</styleUrl>
                <TimeSpan>
                  <begin>2026-08-14T04:44:23.838489+00:00</begin>
                  <end>2026-08-14T04:44:24.838489+00:00</end>
                </TimeSpan>
                <Point>
                  <coordinates>8.522932891599606,47.371809193747204,0</coordinates>
                </Point>
              </Placemark>
              <Placemark>
                <name>Telemetry 10</name>
                <styleUrl>#modifiedtelemetry</styleUrl>
                <TimeSpan>
                  <begin>2026-08-14T04:44:24.838489+00:00</begin>
                  <end>2026-08-14T04:44:25.838489+00:00</end>
                </TimeSpan>
                <Point>
                  <coordinates>8.522890043911113,47.37184347736152,0</coordinates>
                </Point>
              </Placemark>
              <Placemark>
                <name>Telemetry 11</name>
                <styleUrl>#modifiedtelemetry</styleUrl>
                <TimeSpan>
                  <begin>2026-08-14T04:44:25.838489+00:00</begin>
                  <end>2026-08-14T04:44:26.838489+00:00</end>
                </TimeSpan>
                <Point>
                  <coordinates>8.52284719622262,47.37187776097584,0</coordinates>
                </Point>
              </Placemark>
              <Placemark>
                <name>Telemetry 12</name>
                <styleUrl>#modifiedtelemetry</styleUrl>
                <TimeSpan>
                  <begin>2026-08-14T04:44:26.838489+00:00</begin>
                  <end>2026-08-14T04:44:27.838489+00:00</end>
                </TimeSpan>
                <Point>
                  <coordinates>8.522804348534127,47.37191204459016,0</coordinates>
                </Point>
              </Placemark>
              <Placemark>
                <name>Telemetry 13</name>
                <styleUrl>#modifiedtelemetry</styleUrl>
                <TimeSpan>
                  <begin>2026-08-14T04:44:27.838489+00:00</begin>
                  <end>2026-08-14T04:44:28.838489+00:00</end>
                </TimeSpan>
                <Point>
                  <coordinates>8.522761500845634,47.37194632820448,0</coordinates>
                </Point>
              </Placemark>
              <Placemark>
                <name>Telemetry 14</name>
                <styleUrl>#modifiedtelemetry</styleUrl>
                <TimeSpan>
                  <begin>2026-08-14T04:44:28.838489+00:00</begin>
                  <end>2026-08-14T04:44:29.838489+00:00</end>
                </TimeSpan>
                <Point>
                  <coordinates>8.522718653157142,47.371980611818806,0</coordinates>
                </Point>
              </Placemark>
              <Placemark>
                <name>Telemetry 15</name>
                <styleUrl>#modifiedtelemetry</styleUrl>
                <TimeSpan>
                  <begin>2026-08-14T04:44:29.838489+00:00</begin>
                  <end>2026-08-14T04:44:30.838489+00:00</end>
                </TimeSpan>
                <Point>
                  <coordinates>8.522675805468648,47.372014895433125,0</coordinates>
                </Point>
              </Placemark>
              <Placemark>
                <name>Telemetry 16</name>
                <styleUrl>#modifiedtelemetry</styleUrl>
                <TimeSpan>
                  <begin>2026-08-14T04:44:30.838489+00:00</begin>
                  <end>2026-08-14T04:44:31.838489+00:00</end>
                </TimeSpan>
                <Point>
                  <coordinates>8.522630095760274,47.37204743572325,0</coordinates>
                </Point>
              </Placemark>
              <Placemark>
                <name>Telemetry 17</name>
                <styleUrl>#modifiedtelemetry</styleUrl>
                <TimeSpan>
                  <begin>2026-08-14T04:44:31.838489+00:00</begin>
                  <end>2026-08-14T04:44:32.838489+00:00</end>
                </TimeSpan>
                <Point>
                  <coordinates>8.522580799973472,47.372082380767935,0</coordinates>
                </Point>
              </Placemark>
              <Placemark>
                <name>Telemetry 18</name>
                <styleUrl>#modifiedtelemetry</styleUrl>
                <TimeSpan>
                  <begin>2026-08-14T04:44:32.838489+00:00</begin>
                  <end>2026-08-14T04:44:33.838489+00:00</end>
                </TimeSpan>
                <Point>
                  <coordinates>8.52253150418667,47.372117325812624,0</coordinates>
                </Point>
              </Placemark>
              <Placemark>
                <name>Telemetry 19</name>
                <styleUrl>#modifiedtelemetry</styleUrl>
                <TimeSpan>
                  <begin>2026-08-14T04:44:33.838489+00:00</begin>
                  <end>2026-08-14T04:44:34.838489+00:00</end>
                </TimeSpan>
                <Point>
                  <coordinates>8.52248220839987,47.372152270857306,0</coordinates>
                </Point>
              </Placemark>
              <Placemark>
                <name>Telemetry 20</name>
                <styleUrl>#modifiedtelemetry</styleUrl>
                <TimeSpan>
                  <begin>2026-08-14T04:44:34.838489+00:00</begin>
                  <end>2026-08-14T04:44:35.838489+00:00</end>
                </TimeSpan>
                <Point>
                  <coordinates>8.522432912613064,47.372187215901995,0</coordinates>
                </Point>
              </Placemark>
              <Placemark>
                <name>Telemetry 21</name>
                <styleUrl>#modifiedtelemetry</styleUrl>
                <TimeSpan>
                  <begin>2026-08-14T04:44:35.838489+00:00</begin>
                  <end>2026-08-14T04:44:36.838489+00:00</end>
                </TimeSpan>
                <Point>
                  <coordinates>8.522383616826263,47.37222216094668,0</coordinates>
                </Point>
              </Placemark>
              <Placemark>
                <name>Telemetry 22</name>
                <styleUrl>#modifiedtelemetry</styleUrl>
                <TimeSpan>
                  <begin>2026-08-14T04:44:36.838489+00:00</begin>
                  <end>2026-08-14T04:44:37.838489+00:00</end>
                </TimeSpan>
                <Point>
                  <coordinates>8.52233432103946,47.372257105991366,0</coordinates>
                </Point>
              </Placemark>
              <Placemark>
                <name>Telemetry 23</name>
                <styleUrl>#modifiedtelemetry</styleUrl>
                <TimeSpan>
                  <begin>2026-08-14T04:44:37.838489+00:00</begin>
                  <end>2026-08-14T04:44:38.838489+00:00</end>
                </TimeSpan>
                <Point>
                  <coordinates>8.52228502525266,47.37229205103605,0</coordinates>
                </Point>
              </Placemark>
              <Placemark>
                <name>Telemetry 24</name>
                <styleUrl>#modifiedtelemetry</styleUrl>
                <TimeSpan>
                  <begin>2026-08-14T04:44:38.838489+00:00</begin>
                  <end>2026-08-14T04:44:39.838489+00:00</end>
                </TimeSpan>
                <Point>
                  <coordinates>8.522235729465857,47.37232699608074,0</coordinates>
                </Point>
              </Placemark>
              <Placemark>
                <name>Telemetry 25</name>
                <styleUrl>#modifiedtelemetry</styleUrl>
                <TimeSpan>
                  <begin>2026-08-14T04:44:39.838489+00:00</begin>
                  <end>2026-08-14T04:44:40.838489+00:00</end>
                </TimeSpan>
                <Point>
                  <coordinates>8.522186433679055,47.37236194112542,0</coordinates>
                </Point>
              </Placemark>
              <Placemark>
                <name>Telemetry 26</name>
                <styleUrl>#modifiedtelemetry</styleUrl>
                <TimeSpan>
                  <begin>2026-08-14T04:44:40.838489+00:00</begin>
                  <end>2026-08-14T04:44:41.838489+00:00</end>
                </TimeSpan>
                <Point>
                  <coordinates>8.522137137892253,47.37239688617011,0</coordinates>
                </Point>
              </Placemark>
              <Placemark>
                <name>Telemetry 27</name>
                <styleUrl>#modifiedtelemetry</styleUrl>
                <TimeSpan>
                  <begin>2026-08-14T04:44:41.838489+00:00</begin>
                  <end>2026-08-14T04:44:42.838489+00:00</end>
                </TimeSpan>
                <Point>
                  <coordinates>8.522087838468211,47.37243182886079,0</coordinates>
                </Point>
              </Placemark>
              <Placemark>
                <name>Telemetry 28</name>
                <styleUrl>#modifiedtelemetry</styleUrl>
                <TimeSpan>
                  <begin>2026-08-14T04:44:42.838489+00:00</begin>
                  <end>2026-08-14T04:44:43.838489+00:00</end>
                </TimeSpan>
                <Point>
                  <coordinates>8.522032112466293,47.37247131013179,0</coordinates>
                </Point>
              </Placemark>
              <Placemark>
                <name>Telemetry 29</name>
                <styleUrl>#modifiedtelemetry</styleUrl>
                <TimeSpan>
                  <begin>2026-08-14T04:44:43.838489+00:00</begin>
                  <end>2026-08-14T04:44:44.838489+00:00</end>
                </TimeSpan>
                <Point>
                  <coordinates>8.521976386464376,47.37251079140279,0</coordinates>
                </Point>
              </Placemark>
              <Placemark>
                <name>Telemetry 30</name>
                <styleUrl>#modifiedtelemetry</styleUrl>
                <TimeSpan>
                  <begin>2026-08-14T04:44:44.838489+00:00</begin>
                  <end>2026-08-14T04:44:45.838489+00:00</end>
                </TimeSpan>
                <Point>
                  <coordinates>8.521920660462458,47.37255027267379,0</coordinates>
                </Point>
              </Placemark>
              <Placemark>
                <name>Telemetry 31</name>
                <styleUrl>#modifiedtelemetry</styleUrl>
                <TimeSpan>
                  <begin>2026-08-14T04:44:45.838489+00:00</begin>
                  <end>2026-08-14T04:44:46.838489+00:00</end>
                </TimeSpan>
                <Point>
                  <coordinates>8.521864934460542,47.37258975394479,0</coordinates>
                </Point>
              </Placemark>
              <Placemark>
                <name>Telemetry 32</name>
                <styleUrl>#modifiedtelemetry</styleUrl>
                <TimeSpan>
                  <begin>2026-08-14T04:44:46.838489+00:00</begin>
                  <end>2026-08-14T04:44:47.838489+00:00</end>
                </TimeSpan>
                <Point>
                  <coordinates>8.521809208458624,47.37262923521579,0</coordinates>
                </Point>
              </Placemark>
              <Placemark>
                <name>Telemetry 33</name>
                <styleUrl>#modifiedtelemetry</styleUrl>
                <TimeSpan>
                  <begin>2026-08-14T04:44:47.838489+00:00</begin>
                  <end>2026-08-14T04:44:48.838489+00:00</end>
                </TimeSpan>
                <Point>
                  <coordinates>8.521753482456708,47.372668716486785,0</coordinates>
                </Point>
              </Placemark>
              <Placemark>
                <name>Telemetry 34</name>
                <styleUrl>#modifiedtelemetry</styleUrl>
                <TimeSpan>
                  <begin>2026-08-14T04:44:48.838489+00:00</begin>
                  <end>2026-08-14T04:44:49.838489+00:00</end>
                </TimeSpan>
                <Point>
                  <coordinates>8.521697756454788,47.37270819775779,0</coordinates>
                </Point>
              </Placemark>
              <Placemark>
                <name>Telemetry 35</name>
                <styleUrl>#modifiedtelemetry</styleUrl>
                <TimeSpan>
                  <begin>2026-08-14T04:44:49.838489+00:00</begin>
                  <end>2026-08-14T04:44:50.838489+00:00</end>
                </TimeSpan>
                <Point>
                  <coordinates>8.52164203045287,47.372747679028784,0</coordinates>
                </Point>
              </Placemark>
              <Placemark>
                <name>Telemetry 36</name>
                <styleUrl>#modifiedtelemetry</styleUrl>
                <TimeSpan>
                  <begin>2026-08-14T04:44:50.838489+00:00</begin>
                  <end>2026-08-14T04:44:51.838489+00:00</end>
                </TimeSpan>
                <Point>
                  <coordinates>8.521586304450953,47.37278716029979,0</coordinates>
                </Point>
              </Placemark>
              <Placemark>
                <name>Telemetry 37</name>
                <styleUrl>#modifiedtelemetry</styleUrl>
                <TimeSpan>
                  <begin>2026-08-14T04:44:51.838489+00:00</begin>
                  <end>2026-08-14T04:44:52.838489+00:00</end>
                </TimeSpan>
                <Point>
                  <coordinates>8.521530578449035,47.37282664157078,0</coordinates>
                </Point>
              </Placemark>
              <Placemark>
                <name>Telemetry 38</name>
                <styleUrl>#modifiedtelemetry</styleUrl>
                <TimeSpan>
                  <begin>2026-08-14T04:44:52.838489+00:00</begin>
                  <end>2026-08-14T04:44:53.838489+00:00</end>
                </TimeSpan>
                <Point>
                  <coordinates>8.521474852447117,47.372866122841785,0</coordinates>
                </Point>
              </Placemark>
              <Placemark>
                <name>Telemetry 39</name>
                <styleUrl>#modifiedtelemetry</styleUrl>
                <TimeSpan>
                  <begin>2026-08-14T04:44:53.838489+00:00</begin>
                  <end>2026-08-14T04:44:54.838489+00:00</end>
                </TimeSpan>
                <Point>
                  <coordinates>8.5214191264452,47.37290560411278,0</coordinates>
                </Point>
              </Placemark>
              <Placemark>
                <name>Telemetry 40</name>
                <styleUrl>#modifiedtelemetry</styleUrl>
                <TimeSpan>
                  <begin>2026-08-14T04:44:54.838489+00:00</begin>
                  <end>2026-08-14T04:44:55.838489+00:00</end>
                </TimeSpan>
                <Point>
                  <coordinates>8.521363400443283,47.37294508538378,0</coordinates>
                </Point>
              </Placemark>
              <Placemark>
                <name>Telemetry 41</name>
                <styleUrl>#modifiedtelemetry</styleUrl>
                <TimeSpan>
                  <begin>2026-08-14T04:44:55.838489+00:00</begin>
                  <end>2026-08-14T04:44:56.838489+00:00</end>
                </TimeSpan>
                <Point>
                  <coordinates>8.521307674441365,47.37298456665478,0</coordinates>
                </Point>
              </Placemark>
              <Placemark>
                <name>Telemetry 42</name>
                <styleUrl>#modifiedtelemetry</styleUrl>
                <TimeSpan>
                  <begin>2026-08-14T04:44:56.838489+00:00</begin>
                  <end>2026-08-14T04:44:57.838489+00:00</end>
                </TimeSpan>
                <Point>
                  <coordinates>8.521251948439447,47.37302404792578,0</coordinates>
                </Point>
              </Placemark>
              <Placemark>
                <name>Telemetry 43</name>
                <styleUrl>#modifiedtelemetry</styleUrl>
                <TimeSpan>
                  <begin>2026-08-14T04:44:57.838489+00:00</begin>
                  <end>2026-08-14T04:44:58.838489+00:00</end>
                </TimeSpan>
                <Point>
                  <coordinates>8.52119622243753,47.37306352919678,0</coordinates>
                </Point>
              </Placemark>
              <Placemark>
                <name>Telemetry 44</name>
                <styleUrl>#modifiedtelemetry</styleUrl>
                <TimeSpan>
                  <begin>2026-08-14T04:44:58.838489+00:00</begin>
                  <end>2026-08-14T04:44:59.838489+00:00</end>
                </TimeSpan>
                <Point>
                  <coordinates>8.521140496435612,47.37310301046778,0</coordinates>
                </Point>
              </Placemark>
              <Placemark>
                <name>Telemetry 45</name>
                <styleUrl>#modifiedtelemetry</styleUrl>
                <TimeSpan>
                  <begin>2026-08-14T04:44:59.838489+00:00</begin>
                  <end>2026-08-14T04:45:00.838489+00:00</end>
                </TimeSpan>
                <Point>
                  <coordinates>8.521084770433694,47.373142491738776,0</coordinates>
                </Point>
              </Placemark>
              <Placemark>
                <name>Telemetry 46</name>
                <styleUrl>#modifiedtelemetry</styleUrl>
                <TimeSpan>
                  <begin>2026-08-14T04:45:00.838489+00:00</begin>
                  <end>2026-08-14T04:45:01.838489+00:00</end>
                </TimeSpan>
                <Point>
                  <coordinates>8.521029997240193,47.37318257084312,0</coordinates>
                </Point>
              </Placemark>
              <Placemark>
                <name>Telemetry 47</name>
                <styleUrl>#modifiedtelemetry</styleUrl>
                <TimeSpan>
                  <begin>2026-08-14T04:45:01.838489+00:00</begin>
                  <end>2026-08-14T04:45:02.838489+00:00</end>
                </TimeSpan>
                <Point>
                  <coordinates>8.520963533997929,47.37323270220549,0</coordinates>
                </Point>
              </Placemark>
              <Placemark>
                <name>Telemetry 48</name>
                <styleUrl>#modifiedtelemetry</styleUrl>
                <TimeSpan>
                  <begin>2026-08-14T04:45:02.838489+00:00</begin>
                  <end>2026-08-14T04:45:03.838489+00:00</end>
                </TimeSpan>
                <Point>
                  <coordinates>8.520897070755662,47.37328283356786,0</coordinates>
                </Point>
              </Placemark>
              <Placemark>
                <name>Telemetry 49</name>
                <styleUrl>#modifiedtelemetry</styleUrl>
                <TimeSpan>
                  <begin>2026-08-14T04:45:03.838489+00:00</begin>
                  <end>2026-08-14T04:45:04.838489+00:00</end>
                </TimeSpan>
                <Point>
                  <coordinates>8.520830607513398,47.37333296493023,0</coordinates>
                </Point>
              </Placemark>
              <Placemark>
                <name>Telemetry 50</name>
                <styleUrl>#modifiedtelemetry</styleUrl>
                <TimeSpan>
                  <begin>2026-08-14T04:45:04.838489+00:00</begin>
                  <end>2026-08-14T04:45:05.838489+00:00</end>
                </TimeSpan>
                <Point>
                  <coordinates>8.520764144271133,47.3733830962926,0</coordinates>
                </Point>
              </Placemark>
              <Placemark>
                <name>Telemetry 51</name>
                <styleUrl>#modifiedtelemetry</styleUrl>
                <TimeSpan>
                  <begin>2026-08-14T04:45:05.838489+00:00</begin>
                  <end>2026-08-14T04:45:06.838489+00:00</end>
                </TimeSpan>
                <Point>
                  <coordinates>8.520697681028867,47.37343322765497,0</coordinates>
                </Point>
              </Placemark>
              <Placemark>
                <name>Telemetry 52</name>
                <styleUrl>#modifiedtelemetry</styleUrl>
                <TimeSpan>
                  <begin>2026-08-14T04:45:06.838489+00:00</begin>
                  <end>2026-08-14T04:45:07.838489+00:00</end>
                </TimeSpan>
                <Point>
                  <coordinates>8.520631217786603,47.373483359017335,0</coordinates>
                </Point>
              </Placemark>
              <Placemark>
                <name>Telemetry 53</name>
                <styleUrl>#modifiedtelemetry</styleUrl>
                <TimeSpan>
                  <begin>2026-08-14T04:45:07.838489+00:00</begin>
                  <end>2026-08-14T04:45:08.838489+00:00</end>
                </TimeSpan>
                <Point>
                  <coordinates>8.520564754544338,47.37353349037971,0</coordinates>
                </Point>
              </Placemark>
              <Placemark>
                <name>Telemetry 54</name>
                <styleUrl>#modifiedtelemetry</styleUrl>
                <TimeSpan>
                  <begin>2026-08-14T04:45:08.838489+00:00</begin>
                  <end>2026-08-14T04:45:09.838489+00:00</end>
                </TimeSpan>
                <Point>
                  <coordinates>8.520498291302074,47.37358362174207,0</coordinates>
                </Point>
              </Placemark>
              <Placemark>
                <name>Telemetry 55</name>
                <styleUrl>#modifiedtelemetry</styleUrl>
                <TimeSpan>
                  <begin>2026-08-14T04:45:09.838489+00:00</begin>
                  <end>2026-08-14T04:45:10.838489+00:00</end>
                </TimeSpan>
                <Point>
                  <coordinates>8.520431828059808,47.37363375310444,0</coordinates>
                </Point>
              </Placemark>
              <Placemark>
                <name>Telemetry 56</name>
                <styleUrl>#modifiedtelemetry</styleUrl>
                <TimeSpan>
                  <begin>2026-08-14T04:45:10.838489+00:00</begin>
                  <end>2026-08-14T04:45:11.838489+00:00</end>
                </TimeSpan>
                <Point>
                  <coordinates>8.520365364817543,47.373683884466814,0</coordinates>
                </Point>
              </Placemark>
              <Placemark>
                <name>Telemetry 57</name>
                <styleUrl>#modifiedtelemetry</styleUrl>
                <TimeSpan>
                  <begin>2026-08-14T04:45:11.838489+00:00</begin>
                  <end>2026-08-14T04:45:12.838489+00:00</end>
                </TimeSpan>
                <Point>
                  <coordinates>8.520303903282091,47.37373680594896,0</coordinates>
                </Point>
              </Placemark>
              <Placemark>
                <name>Telemetry 58</name>
                <styleUrl>#modifiedtelemetry</styleUrl>
                <TimeSpan>
                  <begin>2026-08-14T04:45:12.838489+00:00</begin>
                  <end>2026-08-14T04:45:13.838489+00:00</end>
                </TimeSpan>
                <Point>
                  <coordinates>8.520235595452737,47.373798117289056,0</coordinates>
                </Point>
              </Placemark>
              <Placemark>
                <name>Telemetry 59</name>
                <styleUrl>#modifiedtelemetry</styleUrl>
                <TimeSpan>
                  <begin>2026-08-14T04:45:13.838489+00:00</begin>
                  <end>2026-08-14T04:45:14.838489+00:00</end>
                </TimeSpan>
                <Point>
                  <coordinates>8.520167287623382,47.373859428629146,0</coordinates>
                </Point>
              </Placemark>
              <Placemark>
                <name>Telemetry 60</name>
                <styleUrl>#modifiedtelemetry</styleUrl>
                <TimeSpan>
                  <begin>2026-08-14T04:45:14.838489+00:00</begin>
                  <end>2026-08-14T04:45:15.838489+00:00</end>
                </TimeSpan>
                <Point>
                  <coordinates>8.520098979794028,47.37392073996924,0</coordinates>
                </Point>
              </Placemark>
              <Placemark>
                <name>Telemetry 61</name>
                <styleUrl>#modifiedtelemetry</styleUrl>
                <TimeSpan>
                  <begin>2026-08-14T04:45:15.838489+00:00</begin>
                  <end>2026-08-14T04:45:16.838489+00:00</end>
                </TimeSpan>
                <Point>
                  <coordinates>8.520030671964673,47.37398205130934,0</coordinates>
                </Point>
              </Placemark>
              <Placemark>
                <name>Telemetry 62</name>
                <styleUrl>#modifiedtelemetry</styleUrl>
                <TimeSpan>
                  <begin>2026-08-14T04:45:16.838489+00:00</begin>
                  <end>2026-08-14T04:45:17.838489+00:00</end>
                </TimeSpan>
                <Point>
                  <coordinates>8.519962364135319,47.37404336264943,0</coordinates>
                </Point>
              </Placemark>
              <Placemark>
                <name>Telemetry 63</name>
                <styleUrl>#modifiedtelemetry</styleUrl>
                <TimeSpan>
                  <begin>2026-08-14T04:45:17.838489+00:00</begin>
                  <end>2026-08-14T04:45:18.838489+00:00</end>
                </TimeSpan>
                <Point>
                  <coordinates>8.519895098918301,47.374105167193115,0</coordinates>
                </Point>
              </Placemark>
            </Folder>
          </Folder>
        </Folder>
        <Folder>
          <name>Service Provider polling</name>
        </Folder>
        <Folder>
          <name>Service Provider polling</name>
        </Folder>
        <Folder>
          <name>Service Provider polling</name>
        </Folder>
        <Folder>
          <name>Service Provider polling</name>
        </Folder>
        <Folder>
          <name>Service Provider polling</name>
        </Folder>
        <Folder>
          <name>Verify operator notification</name>
        </Folder>
        <Folder>
          <name>Intermediate cleanup</name>
        </Folder>
        <Folder>
          <name>Retrieve pre-existing operator notification</name>
        </Folder>
        <Folder>
          <name>Injection</name>
          <Folder>
            <name>E124: uss1 interuss.automated_testing.rid.v1.injection.createTest</name>
            <Folder>
              <name>Test flight ecfeeb30-48d7-43eb-8fc4-21933c96973e</name>
              <Placemark>
                <name>Telemetry 0</name>
                <styleUrl>#modifiedtelemetry</styleUrl>
                <TimeSpan>
                  <begin>2026-08-14T04:44:25.367720+00:00</begin>
                  <end>2026-08-14T04:44:26.367720+00:00</end>
                </TimeSpan>
                <Point>
                  <coordinates>8.523321827032547,47.3715045208158,0</coordinates>
                </Point>
              </Placemark>
              <Placemark>
                <name>Telemetry 1</name>
                <styleUrl>#modifiedtelemetry</styleUrl>
                <TimeSpan>
                  <begin>2026-08-14T04:44:26.367720+00:00</begin>
                  <end>2026-08-14T04:44:27.367720+00:00</end>
                </TimeSpan>
                <Point>
                  <coordinates>8.523282890548819,47.371540881223694,0</coordinates>
                </Point>
              </Placemark>
              <Placemark>
                <name>Telemetry 2</name>
                <styleUrl>#modifiedtelemetry</styleUrl>
                <TimeSpan>
                  <begin>2026-08-14T04:44:27.367720+00:00</begin>
                  <end>2026-08-14T04:44:28.367720+00:00</end>
                </TimeSpan>
                <Point>
                  <coordinates>8.52324395406509,47.37157724163159,0</coordinates>
                </Point>
              </Placemark>
              <Placemark>
                <name>Telemetry 3</name>
                <styleUrl>#modifiedtelemetry</styleUrl>
                <TimeSpan>
                  <begin>2026-08-14T04:44:28.367720+00:00</begin>
                  <end>2026-08-14T04:44:29.367720+00:00</end>
                </TimeSpan>
                <Point>
                  <coordinates>8.523205017581365,47.37161360203949,0</coordinates>
                </Point>
              </Placemark>
              <Placemark>
                <name>Telemetry 4</name>
                <styleUrl>#modifiedtelemetry</styleUrl>
                <TimeSpan>
                  <begin>2026-08-14T04:44:29.367720+00:00</begin>
                  <end>2026-08-14T04:44:30.367720+00:00</end>
                </TimeSpan>
                <Point>
                  <coordinates>8.523166081097637,47.371649962447385,0</coordinates>
                </Point>
              </Placemark>
              <Placemark>
                <name>Telemetry 5</name>
                <styleUrl>#modifiedtelemetry</styleUrl>
                <TimeSpan>
                  <begin>2026-08-14T04:44:30.367720+00:00</begin>
                  <end>2026-08-14T04:44:31.367720+00:00</end>
                </TimeSpan>
                <Point>
                  <coordinates>8.523118769605144,47.37168134446735,0</coordinates>
                </Point>
              </Placemark>
              <Placemark>
                <name>Telemetry 6</name>
                <styleUrl>#modifiedtelemetry</styleUrl>
                <TimeSpan>
                  <begin>2026-08-14T04:44:31.367720+00:00</begin>
                  <end>2026-08-14T04:44:32.367720+00:00</end>
                </TimeSpan>
                <Point>
                  <coordinates>8.523070583658326,47.37171220668214,0</coordinates>
                </Point>
              </Placemark>
              <Placemark>
                <name>Telemetry 7</name>
                <styleUrl>#modifiedtelemetry</styleUrl>
                <TimeSpan>
                  <begin>2026-08-14T04:44:32.367720+00:00</begin>
                  <end>2026-08-14T04:44:33.367720+00:00</end>
                </TimeSpan>
                <Point>
                  <coordinates>8.523022397711506,47.371743068896926,0</coordinates>
                </Point>
              </Placemark>
              <Placemark>
                <name>Telemetry 8</name>
                <styleUrl>#modifiedtelemetry</styleUrl>
                <TimeSpan>
                  <begin>2026-08-14T04:44:33.367720+00:00</begin>
                  <end>2026-08-14T04:44:34.367720+00:00</end>
                </TimeSpan>
                <Point>
                  <coordinates>8.5229757392881,47.371774910132885,0</coordinates>
                </Point>
              </Placemark>
              <Placemark>
                <name>Telemetry 9</name>
                <styleUrl>#modifiedtelemetry</styleUrl>
                <TimeSpan>
                  <begin>2026-08-14T04:44:34.367720+00:00</begin>
                  <end>2026-08-14T04:44:35.367720+00:00</end>
                </TimeSpan>
                <Point>
                  <coordinates>8.522932891599606,47.371809193747204,0</coordinates>
                </Point>
              </Placemark>
              <Placemark>
                <name>Telemetry 10</name>
                <styleUrl>#modifiedtelemetry</styleUrl>
                <TimeSpan>
                  <begin>2026-08-14T04:44:35.367720+00:00</begin>
                  <end>2026-08-14T04:44:36.367720+00:00</end>
                </TimeSpan>
                <Point>
                  <coordinates>8.522890043911113,47.37184347736152,0</coordinates>
                </Point>
              </Placemark>
              <Placemark>
                <name>Telemetry 11</name>
                <styleUrl>#modifiedtelemetry</styleUrl>
                <TimeSpan>
                  <begin>2026-08-14T04:44:36.367720+00:00</begin>
                  <end>2026-08-14T04:44:37.367720+00:00</end>
                </TimeSpan>
                <Point>
                  <coordinates>8.52284719622262,47.37187776097584,0</coordinates>
                </Point>
              </Placemark>
              <Placemark>
                <name>Telemetry 12</name>
                <styleUrl>#modifiedtelemetry</styleUrl>
                <TimeSpan>
                  <begin>2026-08-14T04:44:37.367720+00:00</begin>
                  <end>2026-08-14T04:44:38.367720+00:00</end>
                </TimeSpan>
                <Point>
                  <coordinates>8.522804348534127,47.37191204459016,0</coordinates>
                </Point>
              </Placemark>
              <Placemark>
                <name>Telemetry 13</name>
                <styleUrl>#modifiedtelemetry</styleUrl>
                <TimeSpan>
                  <begin>2026-08-14T04:44:38.367720+00:00</begin>
                  <end>2026-08-14T04:44:39.367720+00:00</end>
                </TimeSpan>
                <Point>
                  <coordinates>8.522761500845634,47.37194632820448,0</coordinates>
                </Point>
              </Placemark>
              <Placemark>
                <name>Telemetry 14</name>
                <styleUrl>#modifiedtelemetry</styleUrl>
                <TimeSpan>
                  <begin>2026-08-14T04:44:39.367720+00:00</begin>
                  <end>2026-08-14T04:44:40.367720+00:00</end>
                </TimeSpan>
                <Point>
                  <coordinates>8.522718653157142,47.371980611818806,0</coordinates>
                </Point>
              </Placemark>
              <Placemark>
                <name>Telemetry 15</name>
                <styleUrl>#modifiedtelemetry</styleUrl>
                <TimeSpan>
                  <begin>2026-08-14T04:44:40.367720+00:00</begin>
                  <end>2026-08-14T04:44:41.367720+00:00</end>
                </TimeSpan>
                <Point>
                  <coordinates>8.522675805468648,47.372014895433125,0</coordinates>
                </Point>
              </Placemark>
              <Placemark>
                <name>Telemetry 16</name>
                <styleUrl>#modifiedtelemetry</styleUrl>
                <TimeSpan>
                  <begin>2026-08-14T04:44:41.367720+00:00</begin>
                  <end>2026-08-14T04:44:42.367720+00:00</end>
                </TimeSpan>
                <Point>
                  <coordinates>8.522630095760274,47.37204743572325,0</coordinates>
                </Point>
              </Placemark>
              <Placemark>
                <name>Telemetry 17</name>
                <styleUrl>#modifiedtelemetry</styleUrl>
                <TimeSpan>
                  <begin>2026-08-14T04:44:42.367720+00:00</begin>
                  <end>2026-08-14T04:44:43.367720+00:00</end>
                </TimeSpan>
                <Point>
                  <coordinates>8.522580799973472,47.372082380767935,0</coordinates>
                </Point>
              </Placemark>
              <Placemark>
                <name>Telemetry 18</name>
                <styleUrl>#modifiedtelemetry</styleUrl>
                <TimeSpan>
                  <begin>2026-08-14T04:44:43.367720+00:00</begin>
                  <end>2026-08-14T04:44:44.367720+00:00</end>
                </TimeSpan>
                <Point>
                  <coordinates>8.52253150418667,47.372117325812624,0</coordinates>
                </Point>
              </Placemark>
              <Placemark>
                <name>Telemetry 19</name>
                <styleUrl>#modifiedtelemetry</styleUrl>
                <TimeSpan>
                  <begin>2026-08-14T04:44:44.367720+00:00</begin>
                  <end>2026-08-14T04:44:45.367720+00:00</end>
                </TimeSpan>
                <Point>
                  <coordinates>8.52248220839987,47.372152270857306,0</coordinates>
                </Point>
              </Placemark>
              <Placemark>
                <name>Telemetry 20</name>
                <styleUrl>#modifiedtelemetry</styleUrl>
                <TimeSpan>
                  <begin>2026-08-14T04:44:45.367720+00:00</begin>
                  <end>2026-08-14T04:44:46.367720+00:00</end>
                </TimeSpan>
                <Point>
                  <coordinates>8.522432912613064,47.372187215901995,0</coordinates>
                </Point>
              </Placemark>
              <Placemark>
                <name>Telemetry 21</name>
                <styleUrl>#modifiedtelemetry</styleUrl>
                <TimeSpan>
                  <begin>2026-08-14T04:44:46.367720+00:00</begin>
                  <end>2026-08-14T04:44:47.367720+00:00</end>
                </TimeSpan>
                <Point>
                  <coordinates>8.522383616826263,47.37222216094668,0</coordinates>
                </Point>
              </Placemark>
              <Placemark>
                <name>Telemetry 22</name>
                <styleUrl>#modifiedtelemetry</styleUrl>
                <TimeSpan>
                  <begin>2026-08-14T04:44:47.367720+00:00</begin>
                  <end>2026-08-14T04:44:48.367720+00:00</end>
                </TimeSpan>
                <Point>
                  <coordinates>8.52233432103946,47.372257105991366,0</coordinates>
                </Point>
              </Placemark>
              <Placemark>
                <name>Telemetry 23</name>
                <styleUrl>#modifiedtelemetry</styleUrl>
                <TimeSpan>
                  <begin>2026-08-14T04:44:48.367720+00:00</begin>
                  <end>2026-08-14T04:44:49.367720+00:00</end>
                </TimeSpan>
                <Point>
                  <coordinates>8.52228502525266,47.37229205103605,0</coordinates>
                </Point>
              </Placemark>
              <Placemark>
                <name>Telemetry 24</name>
                <styleUrl>#modifiedtelemetry</styleUrl>
                <TimeSpan>
                  <begin>2026-08-14T04:44:49.367720+00:00</begin>
                  <end>2026-08-14T04:44:50.367720+00:00</end>
                </TimeSpan>
                <Point>
                  <coordinates>8.522235729465857,47.37232699608074,0</coordinates>
                </Point>
              </Placemark>
              <Placemark>
                <name>Telemetry 25</name>
                <styleUrl>#modifiedtelemetry</styleUrl>
                <TimeSpan>
                  <begin>2026-08-14T04:44:50.367720+00:00</begin>
                  <end>2026-08-14T04:44:51.367720+00:00</end>
                </TimeSpan>
                <Point>
                  <coordinates>8.522186433679055,47.37236194112542,0</coordinates>
                </Point>
              </Placemark>
              <Placemark>
                <name>Telemetry 26</name>
                <styleUrl>#modifiedtelemetry</styleUrl>
                <TimeSpan>
                  <begin>2026-08-14T04:44:51.367720+00:00</begin>
                  <end>2026-08-14T04:44:52.367720+00:00</end>
                </TimeSpan>
                <Point>
                  <coordinates>8.522137137892253,47.37239688617011,0</coordinates>
                </Point>
              </Placemark>
              <Placemark>
                <name>Telemetry 27</name>
                <styleUrl>#modifiedtelemetry</styleUrl>
                <TimeSpan>
                  <begin>2026-08-14T04:44:52.367720+00:00</begin>
                  <end>2026-08-14T04:44:53.367720+00:00</end>
                </TimeSpan>
                <Point>
                  <coordinates>8.522087838468211,47.37243182886079,0</coordinates>
                </Point>
              </Placemark>
              <Placemark>
                <name>Telemetry 28</name>
                <styleUrl>#modifiedtelemetry</styleUrl>
                <TimeSpan>
                  <begin>2026-08-14T04:44:53.367720+00:00</begin>
                  <end>2026-08-14T04:44:54.367720+00:00</end>
                </TimeSpan>
                <Point>
                  <coordinates>8.522032112466293,47.37247131013179,0</coordinates>
                </Point>
              </Placemark>
              <Placemark>
                <name>Telemetry 29</name>
                <styleUrl>#modifiedtelemetry</styleUrl>
                <TimeSpan>
                  <begin>2026-08-14T04:44:54.367720+00:00</begin>
                  <end>2026-08-14T04:44:55.367720+00:00</end>
                </TimeSpan>
                <Point>
                  <coordinates>8.521976386464376,47.37251079140279,0</coordinates>
                </Point>
              </Placemark>
              <Placemark>
                <name>Telemetry 30</name>
                <styleUrl>#modifiedtelemetry</styleUrl>
                <TimeSpan>
                  <begin>2026-08-14T04:44:55.367720+00:00</begin>
                  <end>2026-08-14T04:44:56.367720+00:00</end>
                </TimeSpan>
                <Point>
                  <coordinates>8.521920660462458,47.37255027267379,0</coordinates>
                </Point>
              </Placemark>
              <Placemark>
                <name>Telemetry 31</name>
                <styleUrl>#modifiedtelemetry</styleUrl>
                <TimeSpan>
                  <begin>2026-08-14T04:44:56.367720+00:00</begin>
                  <end>2026-08-14T04:44:57.367720+00:00</end>
                </TimeSpan>
                <Point>
                  <coordinates>8.521864934460542,47.37258975394479,0</coordinates>
                </Point>
              </Placemark>
              <Placemark>
                <name>Telemetry 32</name>
                <styleUrl>#modifiedtelemetry</styleUrl>
                <TimeSpan>
                  <begin>2026-08-14T04:44:57.367720+00:00</begin>
                  <end>2026-08-14T04:44:58.367720+00:00</end>
                </TimeSpan>
                <Point>
                  <coordinates>8.521809208458624,47.37262923521579,0</coordinates>
                </Point>
              </Placemark>
              <Placemark>
                <name>Telemetry 33</name>
                <styleUrl>#modifiedtelemetry</styleUrl>
                <TimeSpan>
                  <begin>2026-08-14T04:44:58.367720+00:00</begin>
                  <end>2026-08-14T04:44:59.367720+00:00</end>
                </TimeSpan>
                <Point>
                  <coordinates>8.521753482456708,47.372668716486785,0</coordinates>
                </Point>
              </Placemark>
              <Placemark>
                <name>Telemetry 34</name>
                <styleUrl>#modifiedtelemetry</styleUrl>
                <TimeSpan>
                  <begin>2026-08-14T04:44:59.367720+00:00</begin>
                  <end>2026-08-14T04:45:00.367720+00:00</end>
                </TimeSpan>
                <Point>
                  <coordinates>8.521697756454788,47.37270819775779,0</coordinates>
                </Point>
              </Placemark>
              <Placemark>
                <name>Telemetry 35</name>
                <styleUrl>#modifiedtelemetry</styleUrl>
                <TimeSpan>
                  <begin>2026-08-14T04:45:00.367720+00:00</begin>
                  <end>2026-08-14T04:45:01.367720+00:00</end>
                </TimeSpan>
                <Point>
                  <coordinates>8.52164203045287,47.372747679028784,0</coordinates>
                </Point>
              </Placemark>
              <Placemark>
                <name>Telemetry 36</name>
                <styleUrl>#modifiedtelemetry</styleUrl>
                <TimeSpan>
                  <begin>2026-08-14T04:45:01.367720+00:00</begin>
                  <end>2026-08-14T04:45:02.367720+00:00</end>
                </TimeSpan>
                <Point>
                  <coordinates>8.521586304450953,47.37278716029979,0</coordinates>
                </Point>
              </Placemark>
              <Placemark>
                <name>Telemetry 37</name>
                <styleUrl>#modifiedtelemetry</styleUrl>
                <TimeSpan>
                  <begin>2026-08-14T04:45:02.367720+00:00</begin>
                  <end>2026-08-14T04:45:03.367720+00:00</end>
                </TimeSpan>
                <Point>
                  <coordinates>8.521530578449035,47.37282664157078,0</coordinates>
                </Point>
              </Placemark>
              <Placemark>
                <name>Telemetry 38</name>
                <styleUrl>#modifiedtelemetry</styleUrl>
                <TimeSpan>
                  <begin>2026-08-14T04:45:03.367720+00:00</begin>
                  <end>2026-08-14T04:45:04.367720+00:00</end>
                </TimeSpan>
                <Point>
                  <coordinates>8.521474852447117,47.372866122841785,0</coordinates>
                </Point>
              </Placemark>
              <Placemark>
                <name>Telemetry 39</name>
                <styleUrl>#modifiedtelemetry</styleUrl>
                <TimeSpan>
                  <begin>2026-08-14T04:45:04.367720+00:00</begin>
                  <end>2026-08-14T04:45:05.367720+00:00</end>
                </TimeSpan>
                <Point>
                  <coordinates>8.5214191264452,47.37290560411278,0</coordinates>
                </Point>
              </Placemark>
              <Placemark>
                <name>Telemetry 40</name>
                <styleUrl>#modifiedtelemetry</styleUrl>
                <TimeSpan>
                  <begin>2026-08-14T04:45:05.367720+00:00</begin>
                  <end>2026-08-14T04:45:06.367720+00:00</end>
                </TimeSpan>
                <Point>
                  <coordinates>8.521363400443283,47.37294508538378,0</coordinates>
                </Point>
              </Placemark>
              <Placemark>
                <name>Telemetry 41</name>
                <styleUrl>#modifiedtelemetry</styleUrl>
                <TimeSpan>
                  <begin>2026-08-14T04:45:06.367720+00:00</begin>
                  <end>2026-08-14T04:45:07.367720+00:00</end>
                </TimeSpan>
                <Point>
                  <coordinates>8.521307674441365,47.37298456665478,0</coordinates>
                </Point>
              </Placemark>
              <Placemark>
                <name>Telemetry 42</name>
                <styleUrl>#modifiedtelemetry</styleUrl>
                <TimeSpan>
                  <begin>2026-08-14T04:45:07.367720+00:00</begin>
                  <end>2026-08-14T04:45:08.367720+00:00</end>
                </TimeSpan>
                <Point>
                  <coordinates>8.521251948439447,47.37302404792578,0</coordinates>
                </Point>
              </Placemark>
              <Placemark>
                <name>Telemetry 43</name>
                <styleUrl>#modifiedtelemetry</styleUrl>
                <TimeSpan>
                  <begin>2026-08-14T04:45:08.367720+00:00</begin>
                  <end>2026-08-14T04:45:09.367720+00:00</end>
                </TimeSpan>
                <Point>
                  <coordinates>8.52119622243753,47.37306352919678,0</coordinates>
                </Point>
              </Placemark>
              <Placemark>
                <name>Telemetry 44</name>
                <styleUrl>#modifiedtelemetry</styleUrl>
                <TimeSpan>
                  <begin>2026-08-14T04:45:09.367720+00:00</begin>
                  <end>2026-08-14T04:45:10.367720+00:00</end>
                </TimeSpan>
                <Point>
                  <coordinates>8.521140496435612,47.37310301046778,0</coordinates>
                </Point>
              </Placemark>
              <Placemark>
                <name>Telemetry 45</name>
                <styleUrl>#modifiedtelemetry</styleUrl>
                <TimeSpan>
                  <begin>2026-08-14T04:45:10.367720+00:00</begin>
                  <end>2026-08-14T04:45:11.367720+00:00</end>
                </TimeSpan>
                <Point>
                  <coordinates>8.521084770433694,47.373142491738776,0</coordinates>
                </Point>
              </Placemark>
              <Placemark>
                <name>Telemetry 46</name>
                <styleUrl>#modifiedtelemetry</styleUrl>
                <TimeSpan>
                  <begin>2026-08-14T04:45:11.367720+00:00</begin>
                  <end>2026-08-14T04:45:12.367720+00:00</end>
                </TimeSpan>
                <Point>
                  <coordinates>8.521029997240193,47.37318257084312,0</coordinates>
                </Point>
              </Placemark>
              <Placemark>
                <name>Telemetry 47</name>
                <styleUrl>#modifiedtelemetry</styleUrl>
                <TimeSpan>
                  <begin>2026-08-14T04:45:12.367720+00:00</begin>
                  <end>2026-08-14T04:45:13.367720+00:00</end>
                </TimeSpan>
                <Point>
                  <coordinates>8.520963533997929,47.37323270220549,0</coordinates>
                </Point>
              </Placemark>
              <Placemark>
                <name>Telemetry 48</name>
                <styleUrl>#modifiedtelemetry</styleUrl>
                <TimeSpan>
                  <begin>2026-08-14T04:45:13.367720+00:00</begin>
                  <end>2026-08-14T04:45:14.367720+00:00</end>
                </TimeSpan>
                <Point>
                  <coordinates>8.520897070755662,47.37328283356786,0</coordinates>
                </Point>
              </Placemark>
              <Placemark>
                <name>Telemetry 49</name>
                <styleUrl>#modifiedtelemetry</styleUrl>
                <TimeSpan>
                  <begin>2026-08-14T04:45:14.367720+00:00</begin>
                  <end>2026-08-14T04:45:15.367720+00:00</end>
                </TimeSpan>
                <Point>
                  <coordinates>8.520830607513398,47.37333296493023,0</coordinates>
                </Point>
              </Placemark>
              <Placemark>
                <name>Telemetry 50</name>
                <styleUrl>#modifiedtelemetry</styleUrl>
                <TimeSpan>
                  <begin>2026-08-14T04:45:15.367720+00:00</begin>
                  <end>2026-08-14T04:45:16.367720+00:00</end>
                </TimeSpan>
                <Point>
                  <coordinates>8.520764144271133,47.3733830962926,0</coordinates>
                </Point>
              </Placemark>
              <Placemark>
                <name>Telemetry 51</name>
                <styleUrl>#modifiedtelemetry</styleUrl>
                <TimeSpan>
                  <begin>2026-08-14T04:45:16.367720+00:00</begin>
                  <end>2026-08-14T04:45:17.367720+00:00</end>
                </TimeSpan>
                <Point>
                  <coordinates>8.520697681028867,47.37343322765497,0</coordinates>
                </Point>
              </Placemark>
              <Placemark>
                <name>Telemetry 52</name>
                <styleUrl>#modifiedtelemetry</styleUrl>
                <TimeSpan>
                  <begin>2026-08-14T04:45:17.367720+00:00</begin>
                  <end>2026-08-14T04:45:18.367720+00:00</end>
                </TimeSpan>
                <Point>
                  <coordinates>8.520631217786603,47.373483359017335,0</coordinates>
                </Point>
              </Placemark>
              <Placemark>
                <name>Telemetry 53</name>
                <styleUrl>#modifiedtelemetry</styleUrl>
                <TimeSpan>
                  <begin>2026-08-14T04:45:18.367720+00:00</begin>
                  <end>2026-08-14T04:45:19.367720+00:00</end>
                </TimeSpan>
                <Point>
                  <coordinates>8.520564754544338,47.37353349037971,0</coordinates>
                </Point>
              </Placemark>
              <Placemark>
                <name>Telemetry 54</name>
                <styleUrl>#modifiedtelemetry</styleUrl>
                <TimeSpan>
                  <begin>2026-08-14T04:45:19.367720+00:00</begin>
                  <end>2026-08-14T04:45:20.367720+00:00</end>
                </TimeSpan>
                <Point>
                  <coordinates>8.520498291302074,47.37358362174207,0</coordinates>
                </Point>
              </Placemark>
              <Placemark>
                <name>Telemetry 55</name>
                <styleUrl>#modifiedtelemetry</styleUrl>
                <TimeSpan>
                  <begin>2026-08-14T04:45:20.367720+00:00</begin>
                  <end>2026-08-14T04:45:21.367720+00:00</end>
                </TimeSpan>
                <Point>
                  <coordinates>8.520431828059808,47.37363375310444,0</coordinates>
                </Point>
              </Placemark>
              <Placemark>
                <name>Telemetry 56</name>
                <styleUrl>#modifiedtelemetry</styleUrl>
                <TimeSpan>
                  <begin>2026-08-14T04:45:21.367720+00:00</begin>
                  <end>2026-08-14T04:45:22.367720+00:00</end>
                </TimeSpan>
                <Point>
                  <coordinates>8.520365364817543,47.373683884466814,0</coordinates>
                </Point>
              </Placemark>
              <Placemark>
                <name>Telemetry 57</name>
                <styleUrl>#modifiedtelemetry</styleUrl>
                <TimeSpan>
                  <begin>2026-08-14T04:45:22.367720+00:00</begin>
                  <end>2026-08-14T04:45:23.367720+00:00</end>
                </TimeSpan>
                <Point>
                  <coordinates>8.520303903282091,47.37373680594896,0</coordinates>
                </Point>
              </Placemark>
              <Placemark>
                <name>Telemetry 58</name>
                <styleUrl>#modifiedtelemetry</styleUrl>
                <TimeSpan>
                  <begin>2026-08-14T04:45:23.367720+00:00</begin>
                  <end>2026-08-14T04:45:24.367720+00:00</end>
                </TimeSpan>
                <Point>
                  <coordinates>8.520235595452737,47.373798117289056,0</coordinates>
                </Point>
              </Placemark>
              <Placemark>
                <name>Telemetry 59</name>
                <styleUrl>#modifiedtelemetry</styleUrl>
                <TimeSpan>
                  <begin>2026-08-14T04:45:24.367720+00:00</begin>
                  <end>2026-08-14T04:45:25.367720+00:00</end>
                </TimeSpan>
                <Point>
                  <coordinates>8.520167287623382,47.373859428629146,0</coordinates>
                </Point>
              </Placemark>
              <Placemark>
                <name>Telemetry 60</name>
                <styleUrl>#modifiedtelemetry</styleUrl>
                <TimeSpan>
                  <begin>2026-08-14T04:45:25.367720+00:00</begin>
                  <end>2026-08-14T04:45:26.367720+00:00</end>
                </TimeSpan>
                <Point>
                  <coordinates>8.520098979794028,47.37392073996924,0</coordinates>
                </Point>
              </Placemark>
              <Placemark>
                <name>Telemetry 61</name>
                <styleUrl>#modifiedtelemetry</styleUrl>
                <TimeSpan>
                  <begin>2026-08-14T04:45:26.367720+00:00</begin>
                  <end>2026-08-14T04:45:27.367720+00:00</end>
                </TimeSpan>
                <Point>
                  <coordinates>8.520030671964673,47.37398205130934,0</coordinates>
                </Point>
              </Placemark>
              <Placemark>
                <name>Telemetry 62</name>
                <styleUrl>#modifiedtelemetry</styleUrl>
                <TimeSpan>
                  <begin>2026-08-14T04:45:27.367720+00:00</begin>
                  <end>2026-08-14T04:45:28.367720+00:00</end>
                </TimeSpan>
                <Point>
                  <coordinates>8.519962364135319,47.37404336264943,0</coordinates>
                </Point>
              </Placemark>
              <Placemark>
                <name>Telemetry 63</name>
                <styleUrl>#modifiedtelemetry</styleUrl>
                <TimeSpan>
                  <begin>2026-08-14T04:45:28.367720+00:00</begin>
                  <end>2026-08-14T04:45:29.367720+00:00</end>
                </TimeSpan>
                <Point>
                  <coordinates>8.519895098918301,47.374105167193115,0</coordinates>
                </Point>
              </Placemark>
            </Folder>
          </Folder>
        </Folder>
        <Folder>
          <name>Service Provider polling</name>
        </Folder>
        <Folder>
          <name>Service Provider polling</name>
        </Folder>
        <Folder>
          <name>Service Provider polling</name>
        </Folder>
        <Folder>
          <name>Service Provider polling</name>
        </Folder>
        <Folder>
          <name>Service Provider polling</name>
        </Folder>
        <Folder>
          <name>Verify operator notification</name>
        </Folder>
        <Folder>
          <name>Intermediate cleanup</name>
        </Folder>
        <Folder>
          <name>Retrieve pre-existing operator notification</name>
        </Folder>
        <Folder>
          <name>Injection</name>
          <Folder>
            <name>E144: uss1 interuss.automated_testing.rid.v1.injection.createTest</name>
            <Folder>
              <name>Test flight d8545d53-a7c9-4424-882d-659a7bf6b702</name>
              <Placemark>
                <name>Telemetry 0</name>
                <styleUrl>#modifiedtelemetry</styleUrl>
                <TimeSpan>
                  <begin>2026-08-14T04:44:35.881843+00:00</begin>
                  <end>2026-08-14T04:44:36.881843+00:00</end>
                </TimeSpan>
                <Point>
                  <coordinates>8.523321827032547,47.3715045208158,0</coordinates>
                </Point>
              </Placemark>
              <Placemark>
                <name>Telemetry 1</name>
                <styleUrl>#modifiedtelemetry</styleUrl>
                <TimeSpan>
                  <begin>2026-08-14T04:44:36.881843+00:00</begin>
                  <end>2026-08-14T04:44:37.881843+00:00</end>
                </TimeSpan>
                <Point>
                  <coordinates>8.523282890548819,47.371540881223694,0</coordinates>
                </Point>
              </Placemark>
              <Placemark>
                <name>Telemetry 2</name>
                <styleUrl>#modifiedtelemetry</styleUrl>
                <TimeSpan>
                  <begin>2026-08-14T04:44:37.881843+00:00</begin>
                  <end>2026-08-14T04:44:38.881843+00:00</end>
                </TimeSpan>
                <Point>
                  <coordinates>8.52324395406509,47.37157724163159,0</coordinates>
                </Point>
              </Placemark>
              <Placemark>
                <name>Telemetry 3</name>
                <styleUrl>#modifiedtelemetry</styleUrl>
                <TimeSpan>
                  <begin>2026-08-14T04:44:38.881843+00:00</begin>
                  <end>2026-08-14T04:44:39.881843+00:00</end>
                </TimeSpan>
                <Point>
                  <coordinates>8.523205017581365,47.37161360203949,0</coordinates>
                </Point>
              </Placemark>
              <Placemark>
                <name>Telemetry 4</name>
                <styleUrl>#modifiedtelemetry</styleUrl>
                <TimeSpan>
                  <begin>2026-08-14T04:44:39.881843+00:00</begin>
                  <end>2026-08-14T04:44:40.881843+00:00</end>
                </TimeSpan>
                <Point>
                  <coordinates>8.523166081097637,47.371649962447385,0</coordinates>
                </Point>
              </Placemark>
              <Placemark>
                <name>Telemetry 5</name>
                <styleUrl>#modifiedtelemetry</styleUrl>
                <TimeSpan>
                  <begin>2026-08-14T04:44:40.881843+00:00</begin>
                  <end>2026-08-14T04:44:41.881843+00:00</end>
                </TimeSpan>
                <Point>
                  <coordinates>8.523118769605144,47.37168134446735,0</coordinates>
                </Point>
              </Placemark>
              <Placemark>
                <name>Telemetry 6</name>
                <styleUrl>#modifiedtelemetry</styleUrl>
                <TimeSpan>
                  <begin>2026-08-14T04:44:41.881843+00:00</begin>
                  <end>2026-08-14T04:44:42.881843+00:00</end>
                </TimeSpan>
                <Point>
                  <coordinates>8.523070583658326,47.37171220668214,0</coordinates>
                </Point>
              </Placemark>
              <Placemark>
                <name>Telemetry 7</name>
                <styleUrl>#modifiedtelemetry</styleUrl>
                <TimeSpan>
                  <begin>2026-08-14T04:44:42.881843+00:00</begin>
                  <end>2026-08-14T04:44:43.881843+00:00</end>
                </TimeSpan>
                <Point>
                  <coordinates>8.523022397711506,47.371743068896926,0</coordinates>
                </Point>
              </Placemark>
              <Placemark>
                <name>Telemetry 8</name>
                <styleUrl>#modifiedtelemetry</styleUrl>
                <TimeSpan>
                  <begin>2026-08-14T04:44:43.881843+00:00</begin>
                  <end>2026-08-14T04:44:44.881843+00:00</end>
                </TimeSpan>
                <Point>
                  <coordinates>8.5229757392881,47.371774910132885,0</coordinates>
                </Point>
              </Placemark>
              <Placemark>
                <name>Telemetry 9</name>
                <styleUrl>#modifiedtelemetry</styleUrl>
                <TimeSpan>
                  <begin>2026-08-14T04:44:44.881843+00:00</begin>
                  <end>2026-08-14T04:44:45.881843+00:00</end>
                </TimeSpan>
                <Point>
                  <coordinates>8.522932891599606,47.371809193747204,0</coordinates>
                </Point>
              </Placemark>
              <Placemark>
                <name>Telemetry 10</name>
                <styleUrl>#modifiedtelemetry</styleUrl>
                <TimeSpan>
                  <begin>2026-08-14T04:44:45.881843+00:00</begin>
                  <end>2026-08-14T04:44:46.881843+00:00</end>
                </TimeSpan>
                <Point>
                  <coordinates>8.522890043911113,47.37184347736152,0</coordinates>
                </Point>
              </Placemark>
              <Placemark>
                <name>Telemetry 11</name>
                <styleUrl>#modifiedtelemetry</styleUrl>
                <TimeSpan>
                  <begin>2026-08-14T04:44:46.881843+00:00</begin>
                  <end>2026-08-14T04:44:47.881843+00:00</end>
                </TimeSpan>
                <Point>
                  <coordinates>8.52284719622262,47.37187776097584,0</coordinates>
                </Point>
              </Placemark>
              <Placemark>
                <name>Telemetry 12</name>
                <styleUrl>#modifiedtelemetry</styleUrl>
                <TimeSpan>
                  <begin>2026-08-14T04:44:47.881843+00:00</begin>
                  <end>2026-08-14T04:44:48.881843+00:00</end>
                </TimeSpan>
                <Point>
                  <coordinates>8.522804348534127,47.37191204459016,0</coordinates>
                </Point>
              </Placemark>
              <Placemark>
                <name>Telemetry 13</name>
                <styleUrl>#modifiedtelemetry</styleUrl>
                <TimeSpan>
                  <begin>2026-08-14T04:44:48.881843+00:00</begin>
                  <end>2026-08-14T04:44:49.881843+00:00</end>
                </TimeSpan>
                <Point>
                  <coordinates>8.522761500845634,47.37194632820448,0</coordinates>
                </Point>
              </Placemark>
              <Placemark>
                <name>Telemetry 14</name>
                <styleUrl>#modifiedtelemetry</styleUrl>
                <TimeSpan>
                  <begin>2026-08-14T04:44:49.881843+00:00</begin>
                  <end>2026-08-14T04:44:50.881843+00:00</end>
                </TimeSpan>
                <Point>
                  <coordinates>8.522718653157142,47.371980611818806,0</coordinates>
                </Point>
              </Placemark>
              <Placemark>
                <name>Telemetry 15</name>
                <styleUrl>#modifiedtelemetry</styleUrl>
                <TimeSpan>
                  <begin>2026-08-14T04:44:50.881843+00:00</begin>
                  <end>2026-08-14T04:44:51.881843+00:00</end>
                </TimeSpan>
                <Point>
                  <coordinates>8.522675805468648,47.372014895433125,0</coordinates>
                </Point>
              </Placemark>
              <Placemark>
                <name>Telemetry 16</name>
                <styleUrl>#modifiedtelemetry</styleUrl>
                <TimeSpan>
                  <begin>2026-08-14T04:44:51.881843+00:00</begin>
                  <end>2026-08-14T04:44:52.881843+00:00</end>
                </TimeSpan>
                <Point>
                  <coordinates>8.522630095760274,47.37204743572325,0</coordinates>
                </Point>
              </Placemark>
              <Placemark>
                <name>Telemetry 17</name>
                <styleUrl>#modifiedtelemetry</styleUrl>
                <TimeSpan>
                  <begin>2026-08-14T04:44:52.881843+00:00</begin>
                  <end>2026-08-14T04:44:53.881843+00:00</end>
                </TimeSpan>
                <Point>
                  <coordinates>8.522580799973472,47.372082380767935,0</coordinates>
                </Point>
              </Placemark>
              <Placemark>
                <name>Telemetry 18</name>
                <styleUrl>#modifiedtelemetry</styleUrl>
                <TimeSpan>
                  <begin>2026-08-14T04:44:53.881843+00:00</begin>
                  <end>2026-08-14T04:44:54.881843+00:00</end>
                </TimeSpan>
                <Point>
                  <coordinates>8.52253150418667,47.372117325812624,0</coordinates>
                </Point>
              </Placemark>
              <Placemark>
                <name>Telemetry 19</name>
                <styleUrl>#modifiedtelemetry</styleUrl>
                <TimeSpan>
                  <begin>2026-08-14T04:44:54.881843+00:00</begin>
                  <end>2026-08-14T04:44:55.881843+00:00</end>
                </TimeSpan>
                <Point>
                  <coordinates>8.52248220839987,47.372152270857306,0</coordinates>
                </Point>
              </Placemark>
              <Placemark>
                <name>Telemetry 20</name>
                <styleUrl>#modifiedtelemetry</styleUrl>
                <TimeSpan>
                  <begin>2026-08-14T04:44:55.881843+00:00</begin>
                  <end>2026-08-14T04:44:56.881843+00:00</end>
                </TimeSpan>
                <Point>
                  <coordinates>8.522432912613064,47.372187215901995,0</coordinates>
                </Point>
              </Placemark>
              <Placemark>
                <name>Telemetry 21</name>
                <styleUrl>#modifiedtelemetry</styleUrl>
                <TimeSpan>
                  <begin>2026-08-14T04:44:56.881843+00:00</begin>
                  <end>2026-08-14T04:44:57.881843+00:00</end>
                </TimeSpan>
                <Point>
                  <coordinates>8.522383616826263,47.37222216094668,0</coordinates>
                </Point>
              </Placemark>
              <Placemark>
                <name>Telemetry 22</name>
                <styleUrl>#modifiedtelemetry</styleUrl>
                <TimeSpan>
                  <begin>2026-08-14T04:44:57.881843+00:00</begin>
                  <end>2026-08-14T04:44:58.881843+00:00</end>
                </TimeSpan>
                <Point>
                  <coordinates>8.52233432103946,47.372257105991366,0</coordinates>
                </Point>
              </Placemark>
              <Placemark>
                <name>Telemetry 23</name>
                <styleUrl>#modifiedtelemetry</styleUrl>
                <TimeSpan>
                  <begin>2026-08-14T04:44:58.881843+00:00</begin>
                  <end>2026-08-14T04:44:59.881843+00:00</end>
                </TimeSpan>
                <Point>
                  <coordinates>8.52228502525266,47.37229205103605,0</coordinates>
                </Point>
              </Placemark>
              <Placemark>
                <name>Telemetry 24</name>
                <styleUrl>#modifiedtelemetry</styleUrl>
                <TimeSpan>
                  <begin>2026-08-14T04:44:59.881843+00:00</begin>
                  <end>2026-08-14T04:45:00.881843+00:00</end>
                </TimeSpan>
                <Point>
                  <coordinates>8.522235729465857,47.37232699608074,0</coordinates>
                </Point>
              </Placemark>
              <Placemark>
                <name>Telemetry 25</name>
                <styleUrl>#modifiedtelemetry</styleUrl>
                <TimeSpan>
                  <begin>2026-08-14T04:45:00.881843+00:00</begin>
                  <end>2026-08-14T04:45:01.881843+00:00</end>
                </TimeSpan>
                <Point>
                  <coordinates>8.522186433679055,47.37236194112542,0</coordinates>
                </Point>
              </Placemark>
              <Placemark>
                <name>Telemetry 26</name>
                <styleUrl>#modifiedtelemetry</styleUrl>
                <TimeSpan>
                  <begin>2026-08-14T04:45:01.881843+00:00</begin>
                  <end>2026-08-14T04:45:02.881843+00:00</end>
                </TimeSpan>
                <Point>
                  <coordinates>8.522137137892253,47.37239688617011,0</coordinates>
                </Point>
              </Placemark>
              <Placemark>
                <name>Telemetry 27</name>
                <styleUrl>#modifiedtelemetry</styleUrl>
                <TimeSpan>
                  <begin>2026-08-14T04:45:02.881843+00:00</begin>
                  <end>2026-08-14T04:45:03.881843+00:00</end>
                </TimeSpan>
                <Point>
                  <coordinates>8.522087838468211,47.37243182886079,0</coordinates>
                </Point>
              </Placemark>
              <Placemark>
                <name>Telemetry 28</name>
                <styleUrl>#modifiedtelemetry</styleUrl>
                <TimeSpan>
                  <begin>2026-08-14T04:45:03.881843+00:00</begin>
                  <end>2026-08-14T04:45:04.881843+00:00</end>
                </TimeSpan>
                <Point>
                  <coordinates>8.522032112466293,47.37247131013179,0</coordinates>
                </Point>
              </Placemark>
              <Placemark>
                <name>Telemetry 29</name>
                <styleUrl>#modifiedtelemetry</styleUrl>
                <TimeSpan>
                  <begin>2026-08-14T04:45:04.881843+00:00</begin>
                  <end>2026-08-14T04:45:05.881843+00:00</end>
                </TimeSpan>
                <Point>
                  <coordinates>8.521976386464376,47.37251079140279,0</coordinates>
                </Point>
              </Placemark>
              <Placemark>
                <name>Telemetry 30</name>
                <styleUrl>#modifiedtelemetry</styleUrl>
                <TimeSpan>
                  <begin>2026-08-14T04:45:05.881843+00:00</begin>
                  <end>2026-08-14T04:45:06.881843+00:00</end>
                </TimeSpan>
                <Point>
                  <coordinates>8.521920660462458,47.37255027267379,0</coordinates>
                </Point>
              </Placemark>
              <Placemark>
                <name>Telemetry 31</name>
                <styleUrl>#modifiedtelemetry</styleUrl>
                <TimeSpan>
                  <begin>2026-08-14T04:45:06.881843+00:00</begin>
                  <end>2026-08-14T04:45:07.881843+00:00</end>
                </TimeSpan>
                <Point>
                  <coordinates>8.521864934460542,47.37258975394479,0</coordinates>
                </Point>
              </Placemark>
              <Placemark>
                <name>Telemetry 32</name>
                <styleUrl>#modifiedtelemetry</styleUrl>
                <TimeSpan>
                  <begin>2026-08-14T04:45:07.881843+00:00</begin>
                  <end>2026-08-14T04:45:08.881843+00:00</end>
                </TimeSpan>
                <Point>
                  <coordinates>8.521809208458624,47.37262923521579,0</coordinates>
                </Point>
              </Placemark>
              <Placemark>
                <name>Telemetry 33</name>
                <styleUrl>#modifiedtelemetry</styleUrl>
                <TimeSpan>
                  <begin>2026-08-14T04:45:08.881843+00:00</begin>
                  <end>2026-08-14T04:45:09.881843+00:00</end>
                </TimeSpan>
                <Point>
                  <coordinates>8.521753482456708,47.372668716486785,0</coordinates>
                </Point>
              </Placemark>
              <Placemark>
                <name>Telemetry 34</name>
                <styleUrl>#modifiedtelemetry</styleUrl>
                <TimeSpan>
                  <begin>2026-08-14T04:45:09.881843+00:00</begin>
                  <end>2026-08-14T04:45:10.881843+00:00</end>
                </TimeSpan>
                <Point>
                  <coordinates>8.521697756454788,47.37270819775779,0</coordinates>
                </Point>
              </Placemark>
              <Placemark>
                <name>Telemetry 35</name>
                <styleUrl>#modifiedtelemetry</styleUrl>
                <TimeSpan>
                  <begin>2026-08-14T04:45:10.881843+00:00</begin>
                  <end>2026-08-14T04:45:11.881843+00:00</end>
                </TimeSpan>
                <Point>
                  <coordinates>8.52164203045287,47.372747679028784,0</coordinates>
                </Point>
              </Placemark>
              <Placemark>
                <name>Telemetry 36</name>
                <styleUrl>#modifiedtelemetry</styleUrl>
                <TimeSpan>
                  <begin>2026-08-14T04:45:11.881843+00:00</begin>
                  <end>2026-08-14T04:45:12.881843+00:00</end>
                </TimeSpan>
                <Point>
                  <coordinates>8.521586304450953,47.37278716029979,0</coordinates>
                </Point>
              </Placemark>
              <Placemark>
                <name>Telemetry 37</name>
                <styleUrl>#modifiedtelemetry</styleUrl>
                <TimeSpan>
                  <begin>2026-08-14T04:45:12.881843+00:00</begin>
                  <end>2026-08-14T04:45:13.881843+00:00</end>
                </TimeSpan>
                <Point>
                  <coordinates>8.521530578449035,47.37282664157078,0</coordinates>
                </Point>
              </Placemark>
              <Placemark>
                <name>Telemetry 38</name>
                <styleUrl>#modifiedtelemetry</styleUrl>
                <TimeSpan>
                  <begin>2026-08-14T04:45:13.881843+00:00</begin>
                  <end>2026-08-14T04:45:14.881843+00:00</end>
                </TimeSpan>
                <Point>
                  <coordinates>8.521474852447117,47.372866122841785,0</coordinates>
                </Point>
              </Placemark>
              <Placemark>
                <name>Telemetry 39</name>
                <styleUrl>#modifiedtelemetry</styleUrl>
                <TimeSpan>
                  <begin>2026-08-14T04:45:14.881843+00:00</begin>
                  <end>2026-08-14T04:45:15.881843+00:00</end>
                </TimeSpan>
                <Point>
                  <coordinates>8.5214191264452,47.37290560411278,0</coordinates>
                </Point>
              </Placemark>
              <Placemark>
                <name>Telemetry 40</name>
                <styleUrl>#modifiedtelemetry</styleUrl>
                <TimeSpan>
                  <begin>2026-08-14T04:45:15.881843+00:00</begin>
                  <end>2026-08-14T04:45:16.881843+00:00</end>
                </TimeSpan>
                <Point>
                  <coordinates>8.521363400443283,47.37294508538378,0</coordinates>
                </Point>
              </Placemark>
              <Placemark>
                <name>Telemetry 41</name>
                <styleUrl>#modifiedtelemetry</styleUrl>
                <TimeSpan>
                  <begin>2026-08-14T04:45:16.881843+00:00</begin>
                  <end>2026-08-14T04:45:17.881843+00:00</end>
                </TimeSpan>
                <Point>
                  <coordinates>8.521307674441365,47.37298456665478,0</coordinates>
                </Point>
              </Placemark>
              <Placemark>
                <name>Telemetry 42</name>
                <styleUrl>#modifiedtelemetry</styleUrl>
                <TimeSpan>
                  <begin>2026-08-14T04:45:17.881843+00:00</begin>
                  <end>2026-08-14T04:45:18.881843+00:00</end>
                </TimeSpan>
                <Point>
                  <coordinates>8.521251948439447,47.37302404792578,0</coordinates>
                </Point>
              </Placemark>
              <Placemark>
                <name>Telemetry 43</name>
                <styleUrl>#modifiedtelemetry</styleUrl>
                <TimeSpan>
                  <begin>2026-08-14T04:45:18.881843+00:00</begin>
                  <end>2026-08-14T04:45:19.881843+00:00</end>
                </TimeSpan>
                <Point>
                  <coordinates>8.52119622243753,47.37306352919678,0</coordinates>
                </Point>
              </Placemark>
              <Placemark>
                <name>Telemetry 44</name>
                <styleUrl>#modifiedtelemetry</styleUrl>
                <TimeSpan>
                  <begin>2026-08-14T04:45:19.881843+00:00</begin>
                  <end>2026-08-14T04:45:20.881843+00:00</end>
                </TimeSpan>
                <Point>
                  <coordinates>8.521140496435612,47.37310301046778,0</coordinates>
                </Point>
              </Placemark>
              <Placemark>
                <name>Telemetry 45</name>
                <styleUrl>#modifiedtelemetry</styleUrl>
                <TimeSpan>
                  <begin>2026-08-14T04:45:20.881843+00:00</begin>
                  <end>2026-08-14T04:45:21.881843+00:00</end>
                </TimeSpan>
                <Point>
                  <coordinates>8.521084770433694,47.373142491738776,0</coordinates>
                </Point>
              </Placemark>
              <Placemark>
                <name>Telemetry 46</name>
                <styleUrl>#modifiedtelemetry</styleUrl>
                <TimeSpan>
                  <begin>2026-08-14T04:45:21.881843+00:00</begin>
                  <end>2026-08-14T04:45:22.881843+00:00</end>
                </TimeSpan>
                <Point>
                  <coordinates>8.521029997240193,47.37318257084312,0</coordinates>
                </Point>
              </Placemark>
              <Placemark>
                <name>Telemetry 47</name>
                <styleUrl>#modifiedtelemetry</styleUrl>
                <TimeSpan>
                  <begin>2026-08-14T04:45:22.881843+00:00</begin>
                  <end>2026-08-14T04:45:23.881843+00:00</end>
                </TimeSpan>
                <Point>
                  <coordinates>8.520963533997929,47.37323270220549,0</coordinates>
                </Point>
              </Placemark>
              <Placemark>
                <name>Telemetry 48</name>
                <styleUrl>#modifiedtelemetry</styleUrl>
                <TimeSpan>
                  <begin>2026-08-14T04:45:23.881843+00:00</begin>
                  <end>2026-08-14T04:45:24.881843+00:00</end>
                </TimeSpan>
                <Point>
                  <coordinates>8.520897070755662,47.37328283356786,0</coordinates>
                </Point>
              </Placemark>
              <Placemark>
                <name>Telemetry 49</name>
                <styleUrl>#modifiedtelemetry</styleUrl>
                <TimeSpan>
                  <begin>2026-08-14T04:45:24.881843+00:00</begin>
                  <end>2026-08-14T04:45:25.881843+00:00</end>
                </TimeSpan>
                <Point>
                  <coordinates>8.520830607513398,47.37333296493023,0</coordinates>
                </Point>
              </Placemark>
              <Placemark>
                <name>Telemetry 50</name>
                <styleUrl>#modifiedtelemetry</styleUrl>
                <TimeSpan>
                  <begin>2026-08-14T04:45:25.881843+00:00</begin>
                  <end>2026-08-14T04:45:26.881843+00:00</end>
                </TimeSpan>
                <Point>
                  <coordinates>8.520764144271133,47.3733830962926,0</coordinates>
                </Point>
              </Placemark>
              <Placemark>
                <name>Telemetry 51</name>
                <styleUrl>#modifiedtelemetry</styleUrl>
                <TimeSpan>
                  <begin>2026-08-14T04:45:26.881843+00:00</begin>
                  <end>2026-08-14T04:45:27.881843+00:00</end>
                </TimeSpan>
                <Point>
                  <coordinates>8.520697681028867,47.37343322765497,0</coordinates>
                </Point>
              </Placemark>
              <Placemark>
                <name>Telemetry 52</name>
                <styleUrl>#modifiedtelemetry</styleUrl>
                <TimeSpan>
                  <begin>2026-08-14T04:45:27.881843+00:00</begin>
                  <end>2026-08-14T04:45:28.881843+00:00</end>
                </TimeSpan>
                <Point>
                  <coordinates>8.520631217786603,47.373483359017335,0</coordinates>
                </Point>
              </Placemark>
              <Placemark>
                <name>Telemetry 53</name>
                <styleUrl>#modifiedtelemetry</styleUrl>
                <TimeSpan>
                  <begin>2026-08-14T04:45:28.881843+00:00</begin>
                  <end>2026-08-14T04:45:29.881843+00:00</end>
                </TimeSpan>
                <Point>
                  <coordinates>8.520564754544338,47.37353349037971,0</coordinates>
                </Point>
              </Placemark>
              <Placemark>
                <name>Telemetry 54</name>
                <styleUrl>#modifiedtelemetry</styleUrl>
                <TimeSpan>
                  <begin>2026-08-14T04:45:29.881843+00:00</begin>
                  <end>2026-08-14T04:45:30.881843+00:00</end>
                </TimeSpan>
                <Point>
                  <coordinates>8.520498291302074,47.37358362174207,0</coordinates>
                </Point>
              </Placemark>
              <Placemark>
                <name>Telemetry 55</name>
                <styleUrl>#modifiedtelemetry</styleUrl>
                <TimeSpan>
                  <begin>2026-08-14T04:45:30.881843+00:00</begin>
                  <end>2026-08-14T04:45:31.881843+00:00</end>
                </TimeSpan>
                <Point>
                  <coordinates>8.520431828059808,47.37363375310444,0</coordinates>
                </Point>
              </Placemark>
              <Placemark>
                <name>Telemetry 56</name>
                <styleUrl>#modifiedtelemetry</styleUrl>
                <TimeSpan>
                  <begin>2026-08-14T04:45:31.881843+00:00</begin>
                  <end>2026-08-14T04:45:32.881843+00:00</end>
                </TimeSpan>
                <Point>
                  <coordinates>8.520365364817543,47.373683884466814,0</coordinates>
                </Point>
              </Placemark>
              <Placemark>
                <name>Telemetry 57</name>
                <styleUrl>#modifiedtelemetry</styleUrl>
                <TimeSpan>
                  <begin>2026-08-14T04:45:32.881843+00:00</begin>
                  <end>2026-08-14T04:45:33.881843+00:00</end>
                </TimeSpan>
                <Point>
                  <coordinates>8.520303903282091,47.37373680594896,0</coordinates>
                </Point>
              </Placemark>
              <Placemark>
                <name>Telemetry 58</name>
                <styleUrl>#modifiedtelemetry</styleUrl>
                <TimeSpan>
                  <begin>2026-08-14T04:45:33.881843+00:00</begin>
                  <end>2026-08-14T04:45:34.881843+00:00</end>
                </TimeSpan>
                <Point>
                  <coordinates>8.520235595452737,47.373798117289056,0</coordinates>
                </Point>
              </Placemark>
              <Placemark>
                <name>Telemetry 59</name>
                <styleUrl>#modifiedtelemetry</styleUrl>
                <TimeSpan>
                  <begin>2026-08-14T04:45:34.881843+00:00</begin>
                  <end>2026-08-14T04:45:35.881843+00:00</end>
                </TimeSpan>
                <Point>
                  <coordinates>8.520167287623382,47.373859428629146,0</coordinates>
                </Point>
              </Placemark>
              <Placemark>
                <name>Telemetry 60</name>
                <styleUrl>#modifiedtelemetry</styleUrl>
                <TimeSpan>
                  <begin>2026-08-14T04:45:35.881843+00:00</begin>
                  <end>2026-08-14T04:45:36.881843+00:00</end>
                </TimeSpan>
                <Point>
                  <coordinates>8.520098979794028,47.37392073996924,0</coordinates>
                </Point>
              </Placemark>
              <Placemark>
                <name>Telemetry 61</name>
                <styleUrl>#modifiedtelemetry</styleUrl>
                <TimeSpan>
                  <begin>2026-08-14T04:45:36.881843+00:00</begin>
                  <end>2026-08-14T04:45:37.881843+00:00</end>
                </TimeSpan>
                <Point>
                  <coordinates>8.520030671964673,47.37398205130934,0</coordinates>
                </Point>
              </Placemark>
              <Placemark>
                <name>Telemetry 62</name>
                <styleUrl>#modifiedtelemetry</styleUrl>
                <TimeSpan>
                  <begin>2026-08-14T04:45:37.881843+00:00</begin>
                  <end>2026-08-14T04:45:38.881843+00:00</end>
                </TimeSpan>
                <Point>
                  <coordinates>8.519962364135319,47.37404336264943,0</coordinates>
                </Point>
              </Placemark>
              <Placemark>
                <name>Telemetry 63</name>
                <styleUrl>#modifiedtelemetry</styleUrl>
                <TimeSpan>
                  <begin>2026-08-14T04:45:38.881843+00:00</begin>
                  <end>2026-08-14T04:45:39.881843+00:00</end>
                </TimeSpan>
                <Point>
                  <coordinates>8.519895098918301,47.374105167193115,0</coordinates>
                </Point>
              </Placemark>
            </Folder>
          </Folder>
        </Folder>
        <Folder>
          <name>Service Provider polling</name>
        </Folder>
        <Folder>
          <name>Service Provider polling</name>
        </Folder>
        <Folder>
          <name>Service Provider polling</name>
        </Folder>
        <Folder>
          <name>Service Provider polling</name>
        </Folder>
        <Folder>
          <name>Service Provider polling</name>
        </Folder>
        <Folder>
          <name>Verify operator notification</name>
        </Folder>
        <Folder>
          <name>Intermediate cleanup</name>
        </Folder>
        <Folder>
          <name>Retrieve pre-existing operator notification</name>
        </Folder>
        <Folder>
          <name>Injection</name>
          <Folder>
            <name>E164: uss1 interuss.automated_testing.rid.v1.injection.createTest</name>
            <Folder>
              <name>Test flight df23f35e-b798-42f3-88b5-139debd451eb</name>
              <Placemark>
                <name>Telemetry 0</name>
                <styleUrl>#modifiedtelemetry</styleUrl>
                <TimeSpan>
                  <begin>2026-08-14T04:44:46.393344+00:00</begin>
                  <end>2026-08-14T04:44:47.393344+00:00</end>
                </TimeSpan>
                <Point>
                  <coordinates>8.523321827032547,47.3715045208158,0</coordinates>
                </Point>
              </Placemark>
              <Placemark>
                <name>Telemetry 1</name>
                <styleUrl>#modifiedtelemetry</styleUrl>
                <TimeSpan>
                  <begin>2026-08-14T04:44:47.393344+00:00</begin>
                  <end>2026-08-14T04:44:48.393344+00:00</end>
                </TimeSpan>
                <Point>
                  <coordinates>8.523282890548819,47.371540881223694,0</coordinates>
                </Point>
              </Placemark>
              <Placemark>
                <name>Telemetry 2</name>
                <styleUrl>#modifiedtelemetry</styleUrl>
                <TimeSpan>
                  <begin>2026-08-14T04:44:48.393344+00:00</begin>
                  <end>2026-08-14T04:44:49.393344+00:00</end>
                </TimeSpan>
                <Point>
                  <coordinates>8.52324395406509,47.37157724163159,0</coordinates>
                </Point>
              </Placemark>
              <Placemark>
                <name>Telemetry 3</name>
                <styleUrl>#modifiedtelemetry</styleUrl>
                <TimeSpan>
                  <begin>2026-08-14T04:44:49.393344+00:00</begin>
                  <end>2026-08-14T04:44:50.393344+00:00</end>
                </TimeSpan>
                <Point>
                  <coordinates>8.523205017581365,47.37161360203949,0</coordinates>
                </Point>
              </Placemark>
              <Placemark>
                <name>Telemetry 4</name>
                <styleUrl>#modifiedtelemetry</styleUrl>
                <TimeSpan>
                  <begin>2026-08-14T04:44:50.393344+00:00</begin>
                  <end>2026-08-14T04:44:51.393344+00:00</end>
                </TimeSpan>
                <Point>
                  <coordinates>8.523166081097637,47.371649962447385,0</coordinates>
                </Point>
              </Placemark>
              <Placemark>
                <name>Telemetry 5</name>
                <styleUrl>#modifiedtelemetry</styleUrl>
                <TimeSpan>
                  <begin>2026-08-14T04:44:51.393344+00:00</begin>
                  <end>2026-08-14T04:44:52.393344+00:00</end>
                </TimeSpan>
                <Point>
                  <coordinates>8.523118769605144,47.37168134446735,0</coordinates>
                </Point>
              </Placemark>
              <Placemark>
                <name>Telemetry 6</name>
                <styleUrl>#modifiedtelemetry</styleUrl>
                <TimeSpan>
                  <begin>2026-08-14T04:44:52.393344+00:00</begin>
                  <end>2026-08-14T04:44:53.393344+00:00</end>
                </TimeSpan>
                <Point>
                  <coordinates>8.523070583658326,47.37171220668214,0</coordinates>
                </Point>
              </Placemark>
              <Placemark>
                <name>Telemetry 7</name>
                <styleUrl>#modifiedtelemetry</styleUrl>
                <TimeSpan>
                  <begin>2026-08-14T04:44:53.393344+00:00</begin>
                  <end>2026-08-14T04:44:54.393344+00:00</end>
                </TimeSpan>
                <Point>
                  <coordinates>8.523022397711506,47.371743068896926,0</coordinates>
                </Point>
              </Placemark>
              <Placemark>
                <name>Telemetry 8</name>
                <styleUrl>#modifiedtelemetry</styleUrl>
                <TimeSpan>
                  <begin>2026-08-14T04:44:54.393344+00:00</begin>
                  <end>2026-08-14T04:44:55.393344+00:00</end>
                </TimeSpan>
                <Point>
                  <coordinates>8.5229757392881,47.371774910132885,0</coordinates>
                </Point>
              </Placemark>
              <Placemark>
                <name>Telemetry 9</name>
                <styleUrl>#modifiedtelemetry</styleUrl>
                <TimeSpan>
                  <begin>2026-08-14T04:44:55.393344+00:00</begin>
                  <end>2026-08-14T04:44:56.393344+00:00</end>
                </TimeSpan>
                <Point>
                  <coordinates>8.522932891599606,47.371809193747204,0</coordinates>
                </Point>
              </Placemark>
              <Placemark>
                <name>Telemetry 10</name>
                <styleUrl>#modifiedtelemetry</styleUrl>
                <TimeSpan>
                  <begin>2026-08-14T04:44:56.393344+00:00</begin>
                  <end>2026-08-14T04:44:57.393344+00:00</end>
                </TimeSpan>
                <Point>
                  <coordinates>8.522890043911113,47.37184347736152,0</coordinates>
                </Point>
              </Placemark>
              <Placemark>
                <name>Telemetry 11</name>
                <styleUrl>#modifiedtelemetry</styleUrl>
                <TimeSpan>
                  <begin>2026-08-14T04:44:57.393344+00:00</begin>
                  <end>2026-08-14T04:44:58.393344+00:00</end>
                </TimeSpan>
                <Point>
                  <coordinates>8.52284719622262,47.37187776097584,0</coordinates>
                </Point>
              </Placemark>
              <Placemark>
                <name>Telemetry 12</name>
                <styleUrl>#modifiedtelemetry</styleUrl>
                <TimeSpan>
                  <begin>2026-08-14T04:44:58.393344+00:00</begin>
                  <end>2026-08-14T04:44:59.393344+00:00</end>
                </TimeSpan>
                <Point>
                  <coordinates>8.522804348534127,47.37191204459016,0</coordinates>
                </Point>
              </Placemark>
              <Placemark>
                <name>Telemetry 13</name>
                <styleUrl>#modifiedtelemetry</styleUrl>
                <TimeSpan>
                  <begin>2026-08-14T04:44:59.393344+00:00</begin>
                  <end>2026-08-14T04:45:00.393344+00:00</end>
                </TimeSpan>
                <Point>
                  <coordinates>8.522761500845634,47.37194632820448,0</coordinates>
                </Point>
              </Placemark>
              <Placemark>
                <name>Telemetry 14</name>
                <styleUrl>#modifiedtelemetry</styleUrl>
                <TimeSpan>
                  <begin>2026-08-14T04:45:00.393344+00:00</begin>
                  <end>2026-08-14T04:45:01.393344+00:00</end>
                </TimeSpan>
                <Point>
                  <coordinates>8.522718653157142,47.371980611818806,0</coordinates>
                </Point>
              </Placemark>
              <Placemark>
                <name>Telemetry 15</name>
                <styleUrl>#modifiedtelemetry</styleUrl>
                <TimeSpan>
                  <begin>2026-08-14T04:45:01.393344+00:00</begin>
                  <end>2026-08-14T04:45:02.393344+00:00</end>
                </TimeSpan>
                <Point>
                  <coordinates>8.522675805468648,47.372014895433125,0</coordinates>
                </Point>
              </Placemark>
              <Placemark>
                <name>Telemetry 16</name>
                <styleUrl>#modifiedtelemetry</styleUrl>
                <TimeSpan>
                  <begin>2026-08-14T04:45:02.393344+00:00</begin>
                  <end>2026-08-14T04:45:03.393344+00:00</end>
                </TimeSpan>
                <Point>
                  <coordinates>8.522630095760274,47.37204743572325,0</coordinates>
                </Point>
              </Placemark>
              <Placemark>
                <name>Telemetry 17</name>
                <styleUrl>#modifiedtelemetry</styleUrl>
                <TimeSpan>
                  <begin>2026-08-14T04:45:03.393344+00:00</begin>
                  <end>2026-08-14T04:45:04.393344+00:00</end>
                </TimeSpan>
                <Point>
                  <coordinates>8.522580799973472,47.372082380767935,0</coordinates>
                </Point>
              </Placemark>
              <Placemark>
                <name>Telemetry 18</name>
                <styleUrl>#modifiedtelemetry</styleUrl>
                <TimeSpan>
                  <begin>2026-08-14T04:45:04.393344+00:00</begin>
                  <end>2026-08-14T04:45:05.393344+00:00</end>
                </TimeSpan>
                <Point>
                  <coordinates>8.52253150418667,47.372117325812624,0</coordinates>
                </Point>
              </Placemark>
              <Placemark>
                <name>Telemetry 19</name>
                <styleUrl>#modifiedtelemetry</styleUrl>
                <TimeSpan>
                  <begin>2026-08-14T04:45:05.393344+00:00</begin>
                  <end>2026-08-14T04:45:06.393344+00:00</end>
                </TimeSpan>
                <Point>
                  <coordinates>8.52248220839987,47.372152270857306,0</coordinates>
                </Point>
              </Placemark>
              <Placemark>
                <name>Telemetry 20</name>
                <styleUrl>#modifiedtelemetry</styleUrl>
                <TimeSpan>
                  <begin>2026-08-14T04:45:06.393344+00:00</begin>
                  <end>2026-08-14T04:45:07.393344+00:00</end>
                </TimeSpan>
                <Point>
                  <coordinates>8.522432912613064,47.372187215901995,0</coordinates>
                </Point>
              </Placemark>
              <Placemark>
                <name>Telemetry 21</name>
                <styleUrl>#modifiedtelemetry</styleUrl>
                <TimeSpan>
                  <begin>2026-08-14T04:45:07.393344+00:00</begin>
                  <end>2026-08-14T04:45:08.393344+00:00</end>
                </TimeSpan>
                <Point>
                  <coordinates>8.522383616826263,47.37222216094668,0</coordinates>
                </Point>
              </Placemark>
              <Placemark>
                <name>Telemetry 22</name>
                <styleUrl>#modifiedtelemetry</styleUrl>
                <TimeSpan>
                  <begin>2026-08-14T04:45:08.393344+00:00</begin>
                  <end>2026-08-14T04:45:09.393344+00:00</end>
                </TimeSpan>
                <Point>
                  <coordinates>8.52233432103946,47.372257105991366,0</coordinates>
                </Point>
              </Placemark>
              <Placemark>
                <name>Telemetry 23</name>
                <styleUrl>#modifiedtelemetry</styleUrl>
                <TimeSpan>
                  <begin>2026-08-14T04:45:09.393344+00:00</begin>
                  <end>2026-08-14T04:45:10.393344+00:00</end>
                </TimeSpan>
                <Point>
                  <coordinates>8.52228502525266,47.37229205103605,0</coordinates>
                </Point>
              </Placemark>
              <Placemark>
                <name>Telemetry 24</name>
                <styleUrl>#modifiedtelemetry</styleUrl>
                <TimeSpan>
                  <begin>2026-08-14T04:45:10.393344+00:00</begin>
                  <end>2026-08-14T04:45:11.393344+00:00</end>
                </TimeSpan>
                <Point>
                  <coordinates>8.522235729465857,47.37232699608074,0</coordinates>
                </Point>
              </Placemark>
              <Placemark>
                <name>Telemetry 25</name>
                <styleUrl>#modifiedtelemetry</styleUrl>
                <TimeSpan>
                  <begin>2026-08-14T04:45:11.393344+00:00</begin>
                  <end>2026-08-14T04:45:12.393344+00:00</end>
                </TimeSpan>
                <Point>
                  <coordinates>8.522186433679055,47.37236194112542,0</coordinates>
                </Point>
              </Placemark>
              <Placemark>
                <name>Telemetry 26</name>
                <styleUrl>#modifiedtelemetry</styleUrl>
                <TimeSpan>
                  <begin>2026-08-14T04:45:12.393344+00:00</begin>
                  <end>2026-08-14T04:45:13.393344+00:00</end>
                </TimeSpan>
                <Point>
                  <coordinates>8.522137137892253,47.37239688617011,0</coordinates>
                </Point>
              </Placemark>
              <Placemark>
                <name>Telemetry 27</name>
                <styleUrl>#modifiedtelemetry</styleUrl>
                <TimeSpan>
                  <begin>2026-08-14T04:45:13.393344+00:00</begin>
                  <end>2026-08-14T04:45:14.393344+00:00</end>
                </TimeSpan>
                <Point>
                  <coordinates>8.522087838468211,47.37243182886079,0</coordinates>
                </Point>
              </Placemark>
              <Placemark>
                <name>Telemetry 28</name>
                <styleUrl>#modifiedtelemetry</styleUrl>
                <TimeSpan>
                  <begin>2026-08-14T04:45:14.393344+00:00</begin>
                  <end>2026-08-14T04:45:15.393344+00:00</end>
                </TimeSpan>
                <Point>
                  <coordinates>8.522032112466293,47.37247131013179,0</coordinates>
                </Point>
              </Placemark>
              <Placemark>
                <name>Telemetry 29</name>
                <styleUrl>#modifiedtelemetry</styleUrl>
                <TimeSpan>
                  <begin>2026-08-14T04:45:15.393344+00:00</begin>
                  <end>2026-08-14T04:45:16.393344+00:00</end>
                </TimeSpan>
                <Point>
                  <coordinates>8.521976386464376,47.37251079140279,0</coordinates>
                </Point>
              </Placemark>
              <Placemark>
                <name>Telemetry 30</name>
                <styleUrl>#modifiedtelemetry</styleUrl>
                <TimeSpan>
                  <begin>2026-08-14T04:45:16.393344+00:00</begin>
                  <end>2026-08-14T04:45:17.393344+00:00</end>
                </TimeSpan>
                <Point>
                  <coordinates>8.521920660462458,47.37255027267379,0</coordinates>
                </Point>
              </Placemark>
              <Placemark>
                <name>Telemetry 31</name>
                <styleUrl>#modifiedtelemetry</styleUrl>
                <TimeSpan>
                  <begin>2026-08-14T04:45:17.393344+00:00</begin>
                  <end>2026-08-14T04:45:18.393344+00:00</end>
                </TimeSpan>
                <Point>
                  <coordinates>8.521864934460542,47.37258975394479,0</coordinates>
                </Point>
              </Placemark>
              <Placemark>
                <name>Telemetry 32</name>
                <styleUrl>#modifiedtelemetry</styleUrl>
                <TimeSpan>
                  <begin>2026-08-14T04:45:18.393344+00:00</begin>
                  <end>2026-08-14T04:45:19.393344+00:00</end>
                </TimeSpan>
                <Point>
                  <coordinates>8.521809208458624,47.37262923521579,0</coordinates>
                </Point>
              </Placemark>
              <Placemark>
                <name>Telemetry 33</name>
                <styleUrl>#modifiedtelemetry</styleUrl>
                <TimeSpan>
                  <begin>2026-08-14T04:45:19.393344+00:00</begin>
                  <end>2026-08-14T04:45:20.393344+00:00</end>
                </TimeSpan>
                <Point>
                  <coordinates>8.521753482456708,47.372668716486785,0</coordinates>
                </Point>
              </Placemark>
              <Placemark>
                <name>Telemetry 34</name>
                <styleUrl>#modifiedtelemetry</styleUrl>
                <TimeSpan>
                  <begin>2026-08-14T04:45:20.393344+00:00</begin>
                  <end>2026-08-14T04:45:21.393344+00:00</end>
                </TimeSpan>
                <Point>
                  <coordinates>8.521697756454788,47.37270819775779,0</coordinates>
                </Point>
              </Placemark>
              <Placemark>
                <name>Telemetry 35</name>
                <styleUrl>#modifiedtelemetry</styleUrl>
                <TimeSpan>
                  <begin>2026-08-14T04:45:21.393344+00:00</begin>
                  <end>2026-08-14T04:45:22.393344+00:00</end>
                </TimeSpan>
                <Point>
                  <coordinates>8.52164203045287,47.372747679028784,0</coordinates>
                </Point>
              </Placemark>
              <Placemark>
                <name>Telemetry 36</name>
                <styleUrl>#modifiedtelemetry</styleUrl>
                <TimeSpan>
                  <begin>2026-08-14T04:45:22.393344+00:00</begin>
                  <end>2026-08-14T04:45:23.393344+00:00</end>
                </TimeSpan>
                <Point>
                  <coordinates>8.521586304450953,47.37278716029979,0</coordinates>
                </Point>
              </Placemark>
              <Placemark>
                <name>Telemetry 37</name>
                <styleUrl>#modifiedtelemetry</styleUrl>
                <TimeSpan>
                  <begin>2026-08-14T04:45:23.393344+00:00</begin>
                  <end>2026-08-14T04:45:24.393344+00:00</end>
                </TimeSpan>
                <Point>
                  <coordinates>8.521530578449035,47.37282664157078,0</coordinates>
                </Point>
              </Placemark>
              <Placemark>
                <name>Telemetry 38</name>
                <styleUrl>#modifiedtelemetry</styleUrl>
                <TimeSpan>
                  <begin>2026-08-14T04:45:24.393344+00:00</begin>
                  <end>2026-08-14T04:45:25.393344+00:00</end>
                </TimeSpan>
                <Point>
                  <coordinates>8.521474852447117,47.372866122841785,0</coordinates>
                </Point>
              </Placemark>
              <Placemark>
                <name>Telemetry 39</name>
                <styleUrl>#modifiedtelemetry</styleUrl>
                <TimeSpan>
                  <begin>2026-08-14T04:45:25.393344+00:00</begin>
                  <end>2026-08-14T04:45:26.393344+00:00</end>
                </TimeSpan>
                <Point>
                  <coordinates>8.5214191264452,47.37290560411278,0</coordinates>
                </Point>
              </Placemark>
              <Placemark>
                <name>Telemetry 40</name>
                <styleUrl>#modifiedtelemetry</styleUrl>
                <TimeSpan>
                  <begin>2026-08-14T04:45:26.393344+00:00</begin>
                  <end>2026-08-14T04:45:27.393344+00:00</end>
                </TimeSpan>
                <Point>
                  <coordinates>8.521363400443283,47.37294508538378,0</coordinates>
                </Point>
              </Placemark>
              <Placemark>
                <name>Telemetry 41</name>
                <styleUrl>#modifiedtelemetry</styleUrl>
                <TimeSpan>
                  <begin>2026-08-14T04:45:27.393344+00:00</begin>
                  <end>2026-08-14T04:45:28.393344+00:00</end>
                </TimeSpan>
                <Point>
                  <coordinates>8.521307674441365,47.37298456665478,0</coordinates>
                </Point>
              </Placemark>
              <Placemark>
                <name>Telemetry 42</name>
                <styleUrl>#modifiedtelemetry</styleUrl>
                <TimeSpan>
                  <begin>2026-08-14T04:45:28.393344+00:00</begin>
                  <end>2026-08-14T04:45:29.393344+00:00</end>
                </TimeSpan>
                <Point>
                  <coordinates>8.521251948439447,47.37302404792578,0</coordinates>
                </Point>
              </Placemark>
              <Placemark>
                <name>Telemetry 43</name>
                <styleUrl>#modifiedtelemetry</styleUrl>
                <TimeSpan>
                  <begin>2026-08-14T04:45:29.393344+00:00</begin>
                  <end>2026-08-14T04:45:30.393344+00:00</end>
                </TimeSpan>
                <Point>
                  <coordinates>8.52119622243753,47.37306352919678,0</coordinates>
                </Point>
              </Placemark>
              <Placemark>
                <name>Telemetry 44</name>
                <styleUrl>#modifiedtelemetry</styleUrl>
                <TimeSpan>
                  <begin>2026-08-14T04:45:30.393344+00:00</begin>
                  <end>2026-08-14T04:45:31.393344+00:00</end>
                </TimeSpan>
                <Point>
                  <coordinates>8.521140496435612,47.37310301046778,0</coordinates>
                </Point>
              </Placemark>
              <Placemark>
                <name>Telemetry 45</name>
                <styleUrl>#modifiedtelemetry</styleUrl>
                <TimeSpan>
                  <begin>2026-08-14T04:45:31.393344+00:00</begin>
                  <end>2026-08-14T04:45:32.393344+00:00</end>
                </TimeSpan>
                <Point>
                  <coordinates>8.521084770433694,47.373142491738776,0</coordinates>
                </Point>
              </Placemark>
              <Placemark>
                <name>Telemetry 46</name>
                <styleUrl>#modifiedtelemetry</styleUrl>
                <TimeSpan>
                  <begin>2026-08-14T04:45:32.393344+00:00</begin>
                  <end>2026-08-14T04:45:33.393344+00:00</end>
                </TimeSpan>
                <Point>
                  <coordinates>8.521029997240193,47.37318257084312,0</coordinates>
                </Point>
              </Placemark>
              <Placemark>
                <name>Telemetry 47</name>
                <styleUrl>#modifiedtelemetry</styleUrl>
                <TimeSpan>
                  <begin>2026-08-14T04:45:33.393344+00:00</begin>
                  <end>2026-08-14T04:45:34.393344+00:00</end>
                </TimeSpan>
                <Point>
                  <coordinates>8.520963533997929,47.37323270220549,0</coordinates>
                </Point>
              </Placemark>
              <Placemark>
                <name>Telemetry 48</name>
                <styleUrl>#modifiedtelemetry</styleUrl>
                <TimeSpan>
                  <begin>2026-08-14T04:45:34.393344+00:00</begin>
                  <end>2026-08-14T04:45:35.393344+00:00</end>
                </TimeSpan>
                <Point>
                  <coordinates>8.520897070755662,47.37328283356786,0</coordinates>
                </Point>
              </Placemark>
              <Placemark>
                <name>Telemetry 49</name>
                <styleUrl>#modifiedtelemetry</styleUrl>
                <TimeSpan>
                  <begin>2026-08-14T04:45:35.393344+00:00</begin>
                  <end>2026-08-14T04:45:36.393344+00:00</end>
                </TimeSpan>
                <Point>
                  <coordinates>8.520830607513398,47.37333296493023,0</coordinates>
                </Point>
              </Placemark>
              <Placemark>
                <name>Telemetry 50</name>
                <styleUrl>#modifiedtelemetry</styleUrl>
                <TimeSpan>
                  <begin>2026-08-14T04:45:36.393344+00:00</begin>
                  <end>2026-08-14T04:45:37.393344+00:00</end>
                </TimeSpan>
                <Point>
                  <coordinates>8.520764144271133,47.3733830962926,0</coordinates>
                </Point>
              </Placemark>
              <Placemark>
                <name>Telemetry 51</name>
                <styleUrl>#modifiedtelemetry</styleUrl>
                <TimeSpan>
                  <begin>2026-08-14T04:45:37.393344+00:00</begin>
                  <end>2026-08-14T04:45:38.393344+00:00</end>
                </TimeSpan>
                <Point>
                  <coordinates>8.520697681028867,47.37343322765497,0</coordinates>
                </Point>
              </Placemark>
              <Placemark>
                <name>Telemetry 52</name>
                <styleUrl>#modifiedtelemetry</styleUrl>
                <TimeSpan>
                  <begin>2026-08-14T04:45:38.393344+00:00</begin>
                  <end>2026-08-14T04:45:39.393344+00:00</end>
                </TimeSpan>
                <Point>
                  <coordinates>8.520631217786603,47.373483359017335,0</coordinates>
                </Point>
              </Placemark>
              <Placemark>
                <name>Telemetry 53</name>
                <styleUrl>#modifiedtelemetry</styleUrl>
                <TimeSpan>
                  <begin>2026-08-14T04:45:39.393344+00:00</begin>
                  <end>2026-08-14T04:45:40.393344+00:00</end>
                </TimeSpan>
                <Point>
                  <coordinates>8.520564754544338,47.37353349037971,0</coordinates>
                </Point>
              </Placemark>
              <Placemark>
                <name>Telemetry 54</name>
                <styleUrl>#modifiedtelemetry</styleUrl>
                <TimeSpan>
                  <begin>2026-08-14T04:45:40.393344+00:00</begin>
                  <end>2026-08-14T04:45:41.393344+00:00</end>
                </TimeSpan>
                <Point>
                  <coordinates>8.520498291302074,47.37358362174207,0</coordinates>
                </Point>
              </Placemark>
              <Placemark>
                <name>Telemetry 55</name>
                <styleUrl>#modifiedtelemetry</styleUrl>
                <TimeSpan>
                  <begin>2026-08-14T04:45:41.393344+00:00</begin>
                  <end>2026-08-14T04:45:42.393344+00:00</end>
                </TimeSpan>
                <Point>
                  <coordinates>8.520431828059808,47.37363375310444,0</coordinates>
                </Point>
              </Placemark>
              <Placemark>
                <name>Telemetry 56</name>
                <styleUrl>#modifiedtelemetry</styleUrl>
                <TimeSpan>
                  <begin>2026-08-14T04:45:42.393344+00:00</begin>
                  <end>2026-08-14T04:45:43.393344+00:00</end>
                </TimeSpan>
                <Point>
                  <coordinates>8.520365364817543,47.373683884466814,0</coordinates>
                </Point>
              </Placemark>
              <Placemark>
                <name>Telemetry 57</name>
                <styleUrl>#modifiedtelemetry</styleUrl>
                <TimeSpan>
                  <begin>2026-08-14T04:45:43.393344+00:00</begin>
                  <end>2026-08-14T04:45:44.393344+00:00</end>
                </TimeSpan>
                <Point>
                  <coordinates>8.520303903282091,47.37373680594896,0</coordinates>
                </Point>
              </Placemark>
              <Placemark>
                <name>Telemetry 58</name>
                <styleUrl>#modifiedtelemetry</styleUrl>
                <TimeSpan>
                  <begin>2026-08-14T04:45:44.393344+00:00</begin>
                  <end>2026-08-14T04:45:45.393344+00:00</end>
                </TimeSpan>
                <Point>
                  <coordinates>8.520235595452737,47.373798117289056,0</coordinates>
                </Point>
              </Placemark>
              <Placemark>
                <name>Telemetry 59</name>
                <styleUrl>#modifiedtelemetry</styleUrl>
                <TimeSpan>
                  <begin>2026-08-14T04:45:45.393344+00:00</begin>
                  <end>2026-08-14T04:45:46.393344+00:00</end>
                </TimeSpan>
                <Point>
                  <coordinates>8.520167287623382,47.373859428629146,0</coordinates>
                </Point>
              </Placemark>
              <Placemark>
                <name>Telemetry 60</name>
                <styleUrl>#modifiedtelemetry</styleUrl>
                <TimeSpan>
                  <begin>2026-08-14T04:45:46.393344+00:00</begin>
                  <end>2026-08-14T04:45:47.393344+00:00</end>
                </TimeSpan>
                <Point>
                  <coordinates>8.520098979794028,47.37392073996924,0</coordinates>
                </Point>
              </Placemark>
              <Placemark>
                <name>Telemetry 61</name>
                <styleUrl>#modifiedtelemetry</styleUrl>
                <TimeSpan>
                  <begin>2026-08-14T04:45:47.393344+00:00</begin>
                  <end>2026-08-14T04:45:48.393344+00:00</end>
                </TimeSpan>
                <Point>
                  <coordinates>8.520030671964673,47.37398205130934,0</coordinates>
                </Point>
              </Placemark>
              <Placemark>
                <name>Telemetry 62</name>
                <styleUrl>#modifiedtelemetry</styleUrl>
                <TimeSpan>
                  <begin>2026-08-14T04:45:48.393344+00:00</begin>
                  <end>2026-08-14T04:45:49.393344+00:00</end>
                </TimeSpan>
                <Point>
                  <coordinates>8.519962364135319,47.37404336264943,0</coordinates>
                </Point>
              </Placemark>
              <Placemark>
                <name>Telemetry 63</name>
                <styleUrl>#modifiedtelemetry</styleUrl>
                <TimeSpan>
                  <begin>2026-08-14T04:45:49.393344+00:00</begin>
                  <end>2026-08-14T04:45:50.393344+00:00</end>
                </TimeSpan>
                <Point>
                  <coordinates>8.519895098918301,47.374105167193115,0</coordinates>
                </Point>
              </Placemark>
            </Folder>
          </Folder>
        </Folder>
        <Folder>
          <name>Service Provider polling</name>
        </Folder>
        <Folder>
          <name>Service Provider polling</name>
        </Folder>
        <Folder>
          <name>Service Provider polling</name>
        </Folder>
        <Folder>
          <name>Service Provider polling</name>
        </Folder>
        <Folder>
          <name>Service Provider polling</name>
        </Folder>
        <Folder>
          <name>Verify operator notification</name>
        </Folder>
        <Folder>
          <name>Intermediate cleanup</name>
        </Folder>
      </Folder>
      <Folder>
        <name/>
        <Folder>
          <name>Cleanup</name>
        </Folder>
      </Folder>
    </Folder>
  </Document>
</kml>
