<kml xmlns="http://www.opengis.net/kml/2.2" xmlns:atom="http://www.w3.org/2005/Atom" xmlns:gx="http://www.google.com/kml/ext/2.2">
  <Document>
    <Style id="QueryArea">
      <LineStyle>
        <color>ffc0c000</color>
        <width>3</width>
      </LineStyle>
      <PolyStyle>
        <color>80ffffaa</color>
      </PolyStyle>
    </Style>
    <Style id="F3548v21Accepted">
      <LineStyle>
        <color>ff00c000</color>
        <width>3</width>
      </LineStyle>
      <PolyStyle>
        <color>80c0c0c0</color>
      </PolyStyle>
    </Style>
    <Style id="F3548v21Activated">
      <LineStyle>
        <color>ff00c000</color>
        <width>3</width>
      </LineStyle>
      <PolyStyle>
        <color>8000ff00</color>
      </PolyStyle>
    </Style>
    <Style id="F3548v21Nonconforming">
      <LineStyle>
        <color>ff00ffff</color>
        <width>5</width>
      </LineStyle>
      <PolyStyle>
        <color>8000ffff</color>
      </PolyStyle>
    </Style>
    <Style id="F3548v21Contingent">
      <LineStyle>
        <color>ff0000ff</color>
        <width>5</width>
      </LineStyle>
      <PolyStyle>
        <color>80ff0000ff</color>
      </PolyStyle>
    </Style>
    <Style id="F3548v21AcceptedFuture">
      <LineStyle>
        <color>80c0c0c0</color>
        <width>1</width>
      </LineStyle>
      <PolyStyle>
        <color>00000000</color>
      </PolyStyle>
    </Style>
    <Style id="F3548v21ActivatedFuture">
      <LineStyle>
        <color>8040c040</color>
        <width>1</width>
      </LineStyle>
      <PolyStyle>
        <color>00000000</color>
      </PolyStyle>
    </Style>
    <Style id="F3548v21NonconformingFuture">
      <LineStyle>
        <color>8000ffff</color>
        <width>1</width>
      </LineStyle>
      <PolyStyle>
        <color>00000000</color>
      </PolyStyle>
    </Style>
    <Style id="F3548v21ContingentFuture">
      <LineStyle>
        <color>80ff0000ff</color>
        <width>1</width>
      </LineStyle>
      <PolyStyle>
        <color>00000000</color>
      </PolyStyle>
    </Style>
    <Style id="Planned_Nominal">
      <LineStyle>
        <color>ff00c000</color>
        <width>3</width>
      </LineStyle>
      <PolyStyle>
        <color>80808080</color>
      </PolyStyle>
    </Style>
    <Style id="InUse_Nominal">
      <LineStyle>
        <color>ff00c000</color>
        <width>3</width>
      </LineStyle>
      <PolyStyle>
        <color>8000ff00</color>
      </PolyStyle>
    </Style>
    <Style id="InUse_OffNominal">
      <LineStyle>
        <color>ff00ffff</color>
        <width>5</width>
      </LineStyle>
      <PolyStyle>
        <color>8000ff00</color>
      </PolyStyle>
    </Style>
    <Style id="InUse_Contingent">
      <LineStyle>
        <color>ff0000ff</color>
        <width>5</width>
      </LineStyle>
      <PolyStyle>
        <color>8000ff00</color>
      </PolyStyle>
    </Style>
    <Style id="unmodifiedtelemetry">
      <IconStyle>
        <scale>1.4</scale>
        <Icon>
          <href>http://maps.google.com/mapfiles/kml/shapes/placemark_circle.png</href>
        </Icon>
      </IconStyle>
    </Style>
    <Style id="modifiedtelemetry">
      <IconStyle>
        <scale>1.4</scale>
        <Icon>
          <href>http://maps.google.com/mapfiles/kml/shapes/placemark_square.png</href>
        </Icon>
      </IconStyle>
    </Style>
    <Style id="aircraft">
      <IconStyle>
        <scale>1.4</scale>
        <Icon>
          <href>http://maps.google.com/mapfiles/kml/shapes/airports.png</href>
        </Icon>
      </IconStyle>
    </Style>
    <Folder>
      <name>ASTM NetRID Service Provider operator notification on missing fields</name>
      <Folder>
        <name>Missing fields flight</name>
        <Folder>
          <name>Retrieve pre-existing operator notification</name>
        </Folder>
        <Folder>
          <name>Injection</name>
          <Folder>
            <name>E4: uss1 interuss.automated_testing.rid.v1.injection.createTest</name>
            <Folder>
              <name>Test flight 905568ac-1ea5-4825-9988-dc337a6d80c7</name>
              <Placemark>
                <name>Telemetry 0</name>
                <styleUrl>#modifiedtelemetry</styleUrl>
                <TimeSpan>
                  <begin>2026-08-14T04:42:20.603544+00:00</begin>
                  <end>2026-08-14T04:42:21.603544+00:00</end>
                </TimeSpan>
                <Point>
                  <coordinates>-80.57798081614081,37.197059404721635,0</coordinates>
                </Point>
              </Placemark>
              <Placemark>
                <name>Telemetry 1</name>
                <styleUrl>#modifiedtelemetry</styleUrl>
                <TimeSpan>
                  <begin>2026-08-14T04:42:21.603544+00:00</begin>
                  <end>2026-08-14T04:42:22.603544+00:00</end>
                </TimeSpan>
                <Point>
                  <coordinates>-80.57798798375362,37.197016214133484,0</coordinates>
                </Point>
              </Placemark>
              <Placemark>
                <name>Telemetry 2</name>
                <styleUrl>#modifiedtelemetry</styleUrl>
                <TimeSpan>
                  <begin>2026-08-14T04:42:22.603544+00:00</begin>
                  <end>2026-08-14T04:42:23.603544+00:00</end>
                </TimeSpan>
                <Point>
                  <coordinates>-80.57800212690604,37.196972734164305,0</coordinates>
                </Point>
              </Placemark>
              <Placemark>
                <name>Telemetry 3</name>
                <styleUrl>#modifiedtelemetry</styleUrl>
                <TimeSpan>
                  <begin>2026-08-14T04:42:23.603544+00:00</begin>
                  <end>2026-08-14T04:42:24.603544+00:00</end>
                </TimeSpan>
                <Point>
                  <coordinates>-80.57802342452034,37.196931703788785,0</coordinates>
                </Point>
              </Placemark>
              <Placemark>
                <name>Telemetry 4</name>
                <styleUrl>#modifiedtelemetry</styleUrl>
                <TimeSpan>
                  <begin>2026-08-14T04:42:24.603544+00:00</begin>
                  <end>2026-08-14T04:42:25.603544+00:00</end>
                </TimeSpan>
                <Point>
                  <coordinates>-80.57805344862881,37.19689368575391,0</coordinates>
                </Point>
              </Placemark>
              <Placemark>
                <name>Telemetry 5</name>
                <styleUrl>#modifiedtelemetry</styleUrl>
                <TimeSpan>
                  <begin>2026-08-14T04:42:25.603544+00:00</begin>
                  <end>2026-08-14T04:42:26.603544+00:00</end>
                </TimeSpan>
                <Point>
                  <coordinates>-80.57808720822365,37.19685213076737,0</coordinates>
                </Point>
              </Placemark>
              <Placemark>
                <name>Telemetry 6</name>
                <styleUrl>#modifiedtelemetry</styleUrl>
                <TimeSpan>
                  <begin>2026-08-14T04:42:26.603544+00:00</begin>
                  <end>2026-08-14T04:42:27.603544+00:00</end>
                </TimeSpan>
                <Point>
                  <coordinates>-80.57811722777369,37.19680923519623,0</coordinates>
                </Point>
              </Placemark>
              <Placemark>
                <name>Telemetry 7</name>
                <styleUrl>#modifiedtelemetry</styleUrl>
                <TimeSpan>
                  <begin>2026-08-14T04:42:27.603544+00:00</begin>
                  <end>2026-08-14T04:42:28.603544+00:00</end>
                </TimeSpan>
                <Point>
                  <coordinates>-80.5781323958596,37.1967658046547,0</coordinates>
                </Point>
              </Placemark>
              <Placemark>
                <name>Telemetry 8</name>
                <styleUrl>#modifiedtelemetry</styleUrl>
                <TimeSpan>
                  <begin>2026-08-14T04:42:28.603544+00:00</begin>
                  <end>2026-08-14T04:42:29.603544+00:00</end>
                </TimeSpan>
                <Point>
                  <coordinates>-80.57814392771789,37.19670166260832,0</coordinates>
                </Point>
              </Placemark>
              <Placemark>
                <name>Telemetry 9</name>
                <styleUrl>#modifiedtelemetry</styleUrl>
                <TimeSpan>
                  <begin>2026-08-14T04:42:29.603544+00:00</begin>
                  <end>2026-08-14T04:42:30.603544+00:00</end>
                </TimeSpan>
                <Point>
                  <coordinates>-80.57812974002694,37.19663489860375,0</coordinates>
                </Point>
              </Placemark>
              <Placemark>
                <name>Telemetry 10</name>
                <styleUrl>#modifiedtelemetry</styleUrl>
                <TimeSpan>
                  <begin>2026-08-14T04:42:30.603544+00:00</begin>
                  <end>2026-08-14T04:42:31.603544+00:00</end>
                </TimeSpan>
                <Point>
                  <coordinates>-80.57808680009781,37.19657292090538,0</coordinates>
                </Point>
              </Placemark>
              <Placemark>
                <name>Telemetry 11</name>
                <styleUrl>#modifiedtelemetry</styleUrl>
                <TimeSpan>
                  <begin>2026-08-14T04:42:31.603544+00:00</begin>
                  <end>2026-08-14T04:42:32.603544+00:00</end>
                </TimeSpan>
                <Point>
                  <coordinates>-80.57801685035301,37.19652877181478,0</coordinates>
                </Point>
              </Placemark>
              <Placemark>
                <name>Telemetry 12</name>
                <styleUrl>#modifiedtelemetry</styleUrl>
                <TimeSpan>
                  <begin>2026-08-14T04:42:32.603544+00:00</begin>
                  <end>2026-08-14T04:42:33.603544+00:00</end>
                </TimeSpan>
                <Point>
                  <coordinates>-80.57795541973255,37.19650790849303,0</coordinates>
                </Point>
              </Placemark>
              <Placemark>
                <name>Telemetry 13</name>
                <styleUrl>#modifiedtelemetry</styleUrl>
                <TimeSpan>
                  <begin>2026-08-14T04:42:33.603544+00:00</begin>
                  <end>2026-08-14T04:42:34.603544+00:00</end>
                </TimeSpan>
                <Point>
                  <coordinates>-80.57779490248247,37.19643592110631,0</coordinates>
                </Point>
              </Placemark>
              <Placemark>
                <name>Telemetry 14</name>
                <styleUrl>#modifiedtelemetry</styleUrl>
                <TimeSpan>
                  <begin>2026-08-14T04:42:34.603544+00:00</begin>
                  <end>2026-08-14T04:42:35.603544+00:00</end>
                </TimeSpan>
                <Point>
                  <coordinates>-80.57771381708879,37.19639543761661,0</coordinates>
                </Point>
              </Placemark>
              <Placemark>
                <name>Telemetry 15</name>
                <styleUrl>#modifiedtelemetry</styleUrl>
                <TimeSpan>
                  <begin>2026-08-14T04:42:35.603544+00:00</begin>
                  <end>2026-08-14T04:42:36.603544+00:00</end>
                </TimeSpan>
                <Point>
                  <coordinates>-80.5776456115435,37.19635960981006,0</coordinates>
                </Point>
              </Placemark>
              <Placemark>
                <name>Telemetry 16</name>
                <styleUrl>#modifiedtelemetry</styleUrl>
                <TimeSpan>
                  <begin>2026-08-14T04:42:36.603544+00:00</begin>
                  <end>2026-08-14T04:42:37.603544+00:00</end>
                </TimeSpan>
                <Point>
                  <coordinates>-80.57757190904874,37.19632841915715,0</coordinates>
                </Point>
              </Placemark>
              <Placemark>
                <name>Telemetry 17</name>
                <styleUrl>#modifiedtelemetry</styleUrl>
                <TimeSpan>
                  <begin>2026-08-14T04:42:37.603544+00:00</begin>
                  <end>2026-08-14T04:42:38.603544+00:00</end>
                </TimeSpan>
                <Point>
                  <coordinates>-80.57751114071674,37.19631735230622,0</coordinates>
                </Point>
              </Placemark>
              <Placemark>
                <name>Telemetry 18</name>
                <styleUrl>#modifiedtelemetry</styleUrl>
                <TimeSpan>
                  <begin>2026-08-14T04:42:38.603544+00:00</begin>
                  <end>2026-08-14T04:42:39.603544+00:00</end>
                </TimeSpan>
                <Point>
                  <coordinates>-80.57742677046657,37.19631370494702,0</coordinates>
                </Point>
              </Placemark>
              <Placemark>
                <name>Telemetry 19</name>
                <styleUrl>#modifiedtelemetry</styleUrl>
                <TimeSpan>
                  <begin>2026-08-14T04:42:39.603544+00:00</begin>
                  <end>2026-08-14T04:42:40.603544+00:00</end>
                </TimeSpan>
                <Point>
                  <coordinates>-80.5773706,37.1963054,0</coordinates>
                </Point>
              </Placemark>
              <Placemark>
                <name>Telemetry 20</name>
                <styleUrl>#modifiedtelemetry</styleUrl>
                <TimeSpan>
                  <begin>2026-08-14T04:42:40.603544+00:00</begin>
                  <end>2026-08-14T04:42:41.603544+00:00</end>
                </TimeSpan>
                <Point>
                  <coordinates>-80.5771453,37.1963577,0</coordinates>
                </Point>
              </Placemark>
              <Placemark>
                <name>Telemetry 21</name>
                <styleUrl>#modifiedtelemetry</styleUrl>
                <TimeSpan>
                  <begin>2026-08-14T04:42:41.603544+00:00</begin>
                  <end>2026-08-14T04:42:42.603544+00:00</end>
                </TimeSpan>
                <Point>
                  <coordinates>-80.5771265,37.1965735,0</coordinates>
                </Point>
              </Placemark>
              <Placemark>
                <name>Telemetry 22</name>
                <styleUrl>#modifiedtelemetry</styleUrl>
                <TimeSpan>
                  <begin>2026-08-14T04:42:42.603544+00:00</begin>
                  <end>2026-08-14T04:42:43.603544+00:00</end>
                </TimeSpan>
                <Point>
                  <coordinates>-80.57744590087025,37.19665029738701,0</coordinates>
                </Point>
              </Placemark>
              <Placemark>
                <name>Telemetry 23</name>
                <styleUrl>#modifiedtelemetry</styleUrl>
                <TimeSpan>
                  <begin>2026-08-14T04:42:43.603544+00:00</begin>
                  <end>2026-08-14T04:42:44.603544+00:00</end>
                </TimeSpan>
                <Point>
                  <coordinates>-80.5776442,37.1966013,0</coordinates>
                </Point>
              </Placemark>
              <Placemark>
                <name>Telemetry 24</name>
                <styleUrl>#modifiedtelemetry</styleUrl>
                <TimeSpan>
                  <begin>2026-08-14T04:42:44.603544+00:00</begin>
                  <end>2026-08-14T04:42:45.603544+00:00</end>
                </TimeSpan>
                <Point>
                  <coordinates>-80.57776806176655,37.1964375298218,0</coordinates>
                </Point>
              </Placemark>
              <Placemark>
                <name>Telemetry 25</name>
                <styleUrl>#modifiedtelemetry</styleUrl>
                <TimeSpan>
                  <begin>2026-08-14T04:42:45.603544+00:00</begin>
                  <end>2026-08-14T04:42:46.603544+00:00</end>
                </TimeSpan>
                <Point>
                  <coordinates>-80.57784172323511,37.1962376762061,0</coordinates>
                </Point>
              </Placemark>
              <Placemark>
                <name>Telemetry 26</name>
                <styleUrl>#modifiedtelemetry</styleUrl>
                <TimeSpan>
                  <begin>2026-08-14T04:42:46.603544+00:00</begin>
                  <end>2026-08-14T04:42:47.603544+00:00</end>
                </TimeSpan>
                <Point>
                  <coordinates>-80.5777311,37.1960563,0</coordinates>
                </Point>
              </Placemark>
              <Placemark>
                <name>Telemetry 27</name>
                <styleUrl>#modifiedtelemetry</styleUrl>
                <TimeSpan>
                  <begin>2026-08-14T04:42:47.603544+00:00</begin>
                  <end>2026-08-14T04:42:48.603544+00:00</end>
                </TimeSpan>
                <Point>
                  <coordinates>-80.57739321491916,37.19605837098315,0</coordinates>
                </Point>
              </Placemark>
              <Placemark>
                <name>Telemetry 28</name>
                <styleUrl>#modifiedtelemetry</styleUrl>
                <TimeSpan>
                  <begin>2026-08-14T04:42:48.603544+00:00</begin>
                  <end>2026-08-14T04:42:49.603544+00:00</end>
                </TimeSpan>
                <Point>
                  <coordinates>-80.5771357,37.1961151,0</coordinates>
                </Point>
              </Placemark>
              <Placemark>
                <name>Telemetry 29</name>
                <styleUrl>#modifiedtelemetry</styleUrl>
                <TimeSpan>
                  <begin>2026-08-14T04:42:49.603544+00:00</begin>
                  <end>2026-08-14T04:42:50.603544+00:00</end>
                </TimeSpan>
                <Point>
                  <coordinates>-80.5769627,37.1962283,0</coordinates>
                </Point>
              </Placemark>
              <Placemark>
                <name>Telemetry 30</name>
                <styleUrl>#modifiedtelemetry</styleUrl>
                <TimeSpan>
                  <begin>2026-08-14T04:42:50.603544+00:00</begin>
                  <end>2026-08-14T04:42:51.603544+00:00</end>
                </TimeSpan>
                <Point>
                  <coordinates>-80.5769184,37.1963885,0</coordinates>
                </Point>
              </Placemark>
              <Placemark>
                <name>Telemetry 31</name>
                <styleUrl>#modifiedtelemetry</styleUrl>
                <TimeSpan>
                  <begin>2026-08-14T04:42:51.603544+00:00</begin>
                  <end>2026-08-14T04:42:52.603544+00:00</end>
                </TimeSpan>
                <Point>
                  <coordinates>-80.5767347,37.1964356,0</coordinates>
                </Point>
              </Placemark>
              <Placemark>
                <name>Telemetry 32</name>
                <styleUrl>#modifiedtelemetry</styleUrl>
                <TimeSpan>
                  <begin>2026-08-14T04:42:52.603544+00:00</begin>
                  <end>2026-08-14T04:42:53.603544+00:00</end>
                </TimeSpan>
                <Point>
                  <coordinates>-80.5766366,37.1963538,0</coordinates>
                </Point>
              </Placemark>
              <Placemark>
                <name>Telemetry 33</name>
                <styleUrl>#modifiedtelemetry</styleUrl>
                <TimeSpan>
                  <begin>2026-08-14T04:42:53.603544+00:00</begin>
                  <end>2026-08-14T04:42:54.603544+00:00</end>
                </TimeSpan>
                <Point>
                  <coordinates>-80.5766634,37.1962096,0</coordinates>
                </Point>
              </Placemark>
              <Placemark>
                <name>Telemetry 34</name>
                <styleUrl>#modifiedtelemetry</styleUrl>
                <TimeSpan>
                  <begin>2026-08-14T04:42:54.603544+00:00</begin>
                  <end>2026-08-14T04:42:55.603544+00:00</end>
                </TimeSpan>
                <Point>
                  <coordinates>-80.5767707,37.1961284,0</coordinates>
                </Point>
              </Placemark>
              <Placemark>
                <name>Telemetry 35</name>
                <styleUrl>#modifiedtelemetry</styleUrl>
                <TimeSpan>
                  <begin>2026-08-14T04:42:55.603544+00:00</begin>
                  <end>2026-08-14T04:42:56.603544+00:00</end>
                </TimeSpan>
                <Point>
                  <coordinates>-80.5768887,37.1960493,0</coordinates>
                </Point>
              </Placemark>
              <Placemark>
                <name>Telemetry 36</name>
                <styleUrl>#modifiedtelemetry</styleUrl>
                <TimeSpan>
                  <begin>2026-08-14T04:42:56.603544+00:00</begin>
                  <end>2026-08-14T04:42:57.603544+00:00</end>
                </TimeSpan>
                <Point>
                  <coordinates>-80.5770684,37.1959745,0</coordinates>
                </Point>
              </Placemark>
              <Placemark>
                <name>Telemetry 37</name>
                <styleUrl>#modifiedtelemetry</styleUrl>
                <TimeSpan>
                  <begin>2026-08-14T04:42:57.603544+00:00</begin>
                  <end>2026-08-14T04:42:58.603544+00:00</end>
                </TimeSpan>
                <Point>
                  <coordinates>-80.5771757,37.19596070000001,0</coordinates>
                </Point>
              </Placemark>
              <Placemark>
                <name>Telemetry 38</name>
                <styleUrl>#modifiedtelemetry</styleUrl>
                <TimeSpan>
                  <begin>2026-08-14T04:42:58.603544+00:00</begin>
                  <end>2026-08-14T04:42:59.603544+00:00</end>
                </TimeSpan>
                <Point>
                  <coordinates>-80.5772937,37.19598200000001,0</coordinates>
                </Point>
              </Placemark>
              <Placemark>
                <name>Telemetry 39</name>
                <styleUrl>#modifiedtelemetry</styleUrl>
                <TimeSpan>
                  <begin>2026-08-14T04:42:59.603544+00:00</begin>
                  <end>2026-08-14T04:43:00.603544+00:00</end>
                </TimeSpan>
                <Point>
                  <coordinates>-80.5773326,37.1960942,0</coordinates>
                </Point>
              </Placemark>
              <Placemark>
                <name>Telemetry 40</name>
                <styleUrl>#modifiedtelemetry</styleUrl>
                <TimeSpan>
                  <begin>2026-08-14T04:43:00.603544+00:00</begin>
                  <end>2026-08-14T04:43:01.603544+00:00</end>
                </TimeSpan>
                <Point>
                  <coordinates>-80.577283,37.19619780000001,0</coordinates>
                </Point>
              </Placemark>
              <Placemark>
                <name>Telemetry 41</name>
                <styleUrl>#modifiedtelemetry</styleUrl>
                <TimeSpan>
                  <begin>2026-08-14T04:43:01.603544+00:00</begin>
                  <end>2026-08-14T04:43:02.603544+00:00</end>
                </TimeSpan>
                <Point>
                  <coordinates>-80.5772602,37.1963495,0</coordinates>
                </Point>
              </Placemark>
              <Placemark>
                <name>Telemetry 42</name>
                <styleUrl>#modifiedtelemetry</styleUrl>
                <TimeSpan>
                  <begin>2026-08-14T04:43:02.603544+00:00</begin>
                  <end>2026-08-14T04:43:03.603544+00:00</end>
                </TimeSpan>
                <Point>
                  <coordinates>-80.5772817,37.1964692,0</coordinates>
                </Point>
              </Placemark>
              <Placemark>
                <name>Telemetry 43</name>
                <styleUrl>#modifiedtelemetry</styleUrl>
                <TimeSpan>
                  <begin>2026-08-14T04:43:03.603544+00:00</begin>
                  <end>2026-08-14T04:43:04.603544+00:00</end>
                </TimeSpan>
                <Point>
                  <coordinates>-80.5773863,37.1965546,0</coordinates>
                </Point>
              </Placemark>
              <Placemark>
                <name>Telemetry 44</name>
                <styleUrl>#modifiedtelemetry</styleUrl>
                <TimeSpan>
                  <begin>2026-08-14T04:43:04.603544+00:00</begin>
                  <end>2026-08-14T04:43:05.603544+00:00</end>
                </TimeSpan>
                <Point>
                  <coordinates>-80.5775406,37.1965589,0</coordinates>
                </Point>
              </Placemark>
              <Placemark>
                <name>Telemetry 45</name>
                <styleUrl>#modifiedtelemetry</styleUrl>
                <TimeSpan>
                  <begin>2026-08-14T04:43:05.603544+00:00</begin>
                  <end>2026-08-14T04:43:06.603544+00:00</end>
                </TimeSpan>
                <Point>
                  <coordinates>-80.57763850000002,37.1965782,0</coordinates>
                </Point>
              </Placemark>
              <Placemark>
                <name>Telemetry 46</name>
                <styleUrl>#modifiedtelemetry</styleUrl>
                <TimeSpan>
                  <begin>2026-08-14T04:43:06.603544+00:00</begin>
                  <end>2026-08-14T04:43:07.603544+00:00</end>
                </TimeSpan>
                <Point>
                  <coordinates>-80.57763850000002,37.1966679,0</coordinates>
                </Point>
              </Placemark>
              <Placemark>
                <name>Telemetry 47</name>
                <styleUrl>#modifiedtelemetry</styleUrl>
                <TimeSpan>
                  <begin>2026-08-14T04:43:07.603544+00:00</begin>
                  <end>2026-08-14T04:43:08.603544+00:00</end>
                </TimeSpan>
                <Point>
                  <coordinates>-80.5775473,37.1967074,0</coordinates>
                </Point>
              </Placemark>
              <Placemark>
                <name>Telemetry 48</name>
                <styleUrl>#modifiedtelemetry</styleUrl>
                <TimeSpan>
                  <begin>2026-08-14T04:43:08.603544+00:00</begin>
                  <end>2026-08-14T04:43:09.603544+00:00</end>
                </TimeSpan>
                <Point>
                  <coordinates>-80.5773823,37.1966967,0</coordinates>
                </Point>
              </Placemark>
              <Placemark>
                <name>Telemetry 49</name>
                <styleUrl>#modifiedtelemetry</styleUrl>
                <TimeSpan>
                  <begin>2026-08-14T04:43:09.603544+00:00</begin>
                  <end>2026-08-14T04:43:10.603544+00:00</end>
                </TimeSpan>
                <Point>
                  <coordinates>-80.5773421,37.1966241,0</coordinates>
                </Point>
              </Placemark>
              <Placemark>
                <name>Telemetry 50</name>
                <styleUrl>#modifiedtelemetry</styleUrl>
                <TimeSpan>
                  <begin>2026-08-14T04:43:10.603544+00:00</begin>
                  <end>2026-08-14T04:43:11.603544+00:00</end>
                </TimeSpan>
                <Point>
                  <coordinates>-80.5773005,37.196528,0</coordinates>
                </Point>
              </Placemark>
              <Placemark>
                <name>Telemetry 51</name>
                <styleUrl>#modifiedtelemetry</styleUrl>
                <TimeSpan>
                  <begin>2026-08-14T04:43:11.603544+00:00</begin>
                  <end>2026-08-14T04:43:12.603544+00:00</end>
                </TimeSpan>
                <Point>
                  <coordinates>-80.5771557,37.1965055,0</coordinates>
                </Point>
              </Placemark>
              <Placemark>
                <name>Telemetry 52</name>
                <styleUrl>#modifiedtelemetry</styleUrl>
                <TimeSpan>
                  <begin>2026-08-14T04:43:12.603544+00:00</begin>
                  <end>2026-08-14T04:43:13.603544+00:00</end>
                </TimeSpan>
                <Point>
                  <coordinates>-80.5770457,37.19654400000001,0</coordinates>
                </Point>
              </Placemark>
              <Placemark>
                <name>Telemetry 53</name>
                <styleUrl>#modifiedtelemetry</styleUrl>
                <TimeSpan>
                  <begin>2026-08-14T04:43:13.603544+00:00</begin>
                  <end>2026-08-14T04:43:14.603544+00:00</end>
                </TimeSpan>
                <Point>
                  <coordinates>-80.5768834,37.19654500000001,0</coordinates>
                </Point>
              </Placemark>
              <Placemark>
                <name>Telemetry 54</name>
                <styleUrl>#modifiedtelemetry</styleUrl>
                <TimeSpan>
                  <begin>2026-08-14T04:43:14.603544+00:00</begin>
                  <end>2026-08-14T04:43:15.603544+00:00</end>
                </TimeSpan>
                <Point>
                  <coordinates>-80.5767869,37.1964831,0</coordinates>
                </Point>
              </Placemark>
              <Placemark>
                <name>Telemetry 55</name>
                <styleUrl>#modifiedtelemetry</styleUrl>
                <TimeSpan>
                  <begin>2026-08-14T04:43:15.603544+00:00</begin>
                  <end>2026-08-14T04:43:16.603544+00:00</end>
                </TimeSpan>
                <Point>
                  <coordinates>-80.5767547,37.1964083,0</coordinates>
                </Point>
              </Placemark>
              <Placemark>
                <name>Telemetry 56</name>
                <styleUrl>#modifiedtelemetry</styleUrl>
                <TimeSpan>
                  <begin>2026-08-14T04:43:16.603544+00:00</begin>
                  <end>2026-08-14T04:43:17.603544+00:00</end>
                </TimeSpan>
                <Point>
                  <coordinates>-80.5767587,37.1963228,0</coordinates>
                </Point>
              </Placemark>
              <Placemark>
                <name>Telemetry 57</name>
                <styleUrl>#modifiedtelemetry</styleUrl>
                <TimeSpan>
                  <begin>2026-08-14T04:43:17.603544+00:00</begin>
                  <end>2026-08-14T04:43:18.603544+00:00</end>
                </TimeSpan>
                <Point>
                  <coordinates>-80.5767587,37.1961893,0</coordinates>
                </Point>
              </Placemark>
              <Placemark>
                <name>Telemetry 58</name>
                <styleUrl>#modifiedtelemetry</styleUrl>
                <TimeSpan>
                  <begin>2026-08-14T04:43:18.603544+00:00</begin>
                  <end>2026-08-14T04:43:19.603544+00:00</end>
                </TimeSpan>
                <Point>
                  <coordinates>-80.5766836,37.1961348,0</coordinates>
                </Point>
              </Placemark>
              <Placemark>
                <name>Telemetry 59</name>
                <styleUrl>#modifiedtelemetry</styleUrl>
                <TimeSpan>
                  <begin>2026-08-14T04:43:19.603544+00:00</begin>
                  <end>2026-08-14T04:43:20.603544+00:00</end>
                </TimeSpan>
                <Point>
                  <coordinates>-80.5766836,37.1960205,0</coordinates>
                </Point>
              </Placemark>
              <Placemark>
                <name>Telemetry 60</name>
                <styleUrl>#modifiedtelemetry</styleUrl>
                <TimeSpan>
                  <begin>2026-08-14T04:43:20.603544+00:00</begin>
                  <end>2026-08-14T04:43:21.603544+00:00</end>
                </TimeSpan>
                <Point>
                  <coordinates>-80.5767896,37.1960077,0</coordinates>
                </Point>
              </Placemark>
              <Placemark>
                <name>Telemetry 61</name>
                <styleUrl>#modifiedtelemetry</styleUrl>
                <TimeSpan>
                  <begin>2026-08-14T04:43:21.603544+00:00</begin>
                  <end>2026-08-14T04:43:22.603544+00:00</end>
                </TimeSpan>
                <Point>
                  <coordinates>-80.5769277,37.1959671,0</coordinates>
                </Point>
              </Placemark>
              <Placemark>
                <name>Telemetry 62</name>
                <styleUrl>#modifiedtelemetry</styleUrl>
                <TimeSpan>
                  <begin>2026-08-14T04:43:22.603544+00:00</begin>
                  <end>2026-08-14T04:43:23.603544+00:00</end>
                </TimeSpan>
                <Point>
                  <coordinates>-80.5770806,37.1959051,0</coordinates>
                </Point>
              </Placemark>
              <Placemark>
                <name>Telemetry 63</name>
                <styleUrl>#modifiedtelemetry</styleUrl>
                <TimeSpan>
                  <begin>2026-08-14T04:43:23.603544+00:00</begin>
                  <end>2026-08-14T04:43:24.603544+00:00</end>
                </TimeSpan>
                <Point>
                  <coordinates>-80.5771999,37.195896600000005,0</coordinates>
                </Point>
              </Placemark>
            </Folder>
          </Folder>
        </Folder>
        <Folder>
          <name>Service Provider polling</name>
        </Folder>
        <Folder>
          <name>Service Provider polling</name>
        </Folder>
        <Folder>
          <name>Service Provider polling</name>
        </Folder>
        <Folder>
          <name>Service Provider polling</name>
        </Folder>
        <Folder>
          <name>Service Provider polling</name>
        </Folder>
        <Folder>
          <name>Verify operator notification</name>
        </Folder>
        <Folder>
          <name>Intermediate cleanup</name>
        </Folder>
        <Folder>
          <name>Retrieve pre-existing operator notification</name>
        </Folder>
        <Folder>
          <name>Injection</name>
          <Folder>
            <name>E24: uss1 interuss.automated_testing.rid.v1.injection.createTest</name>
            <Folder>
              <name>Test flight 287f2890-508f-47e0-95d6-ed37d2268dc1</name>
              <Placemark>
                <name>Telemetry 0</name>
                <styleUrl>#modifiedtelemetry</styleUrl>
                <TimeSpan>
                  <begin>2026-08-14T04:42:31.187242+00:00</begin>
                  <end>2026-08-14T04:42:32.187242+00:00</end>
                </TimeSpan>
                <Point>
                  <coordinates>-80.57798081614081,37.197059404721635,0</coordinates>
                </Point>
              </Placemark>
              <Placemark>
                <name>Telemetry 1</name>
                <styleUrl>#modifiedtelemetry</styleUrl>
                <TimeSpan>
                  <begin>2026-08-14T04:42:32.187242+00:00</begin>
                  <end>2026-08-14T04:42:33.187242+00:00</end>
                </TimeSpan>
                <Point>
                  <coordinates>-80.57798798375362,37.197016214133484,0</coordinates>
                </Point>
              </Placemark>
              <Placemark>
                <name>Telemetry 2</name>
                <styleUrl>#modifiedtelemetry</styleUrl>
                <TimeSpan>
                  <begin>2026-08-14T04:42:33.187242+00:00</begin>
                  <end>2026-08-14T04:42:34.187242+00:00</end>
                </TimeSpan>
                <Point>
                  <coordinates>-80.57800212690604,37.196972734164305,0</coordinates>
                </Point>
              </Placemark>
              <Placemark>
                <name>Telemetry 3</name>
                <styleUrl>#modifiedtelemetry</styleUrl>
                <TimeSpan>
                  <begin>2026-08-14T04:42:34.187242+00:00</begin>
                  <end>2026-08-14T04:42:35.187242+00:00</end>
                </TimeSpan>
                <Point>
                  <coordinates>-80.57802342452034,37.196931703788785,0</coordinates>
                </Point>
              </Placemark>
              <Placemark>
                <name>Telemetry 4</name>
                <styleUrl>#modifiedtelemetry</styleUrl>
                <TimeSpan>
                  <begin>2026-08-14T04:42:35.187242+00:00</begin>
                  <end>2026-08-14T04:42:36.187242+00:00</end>
                </TimeSpan>
                <Point>
                  <coordinates>-80.57805344862881,37.19689368575391,0</coordinates>
                </Point>
              </Placemark>
              <Placemark>
                <name>Telemetry 5</name>
                <styleUrl>#modifiedtelemetry</styleUrl>
                <TimeSpan>
                  <begin>2026-08-14T04:42:36.187242+00:00</begin>
                  <end>2026-08-14T04:42:37.187242+00:00</end>
                </TimeSpan>
                <Point>
                  <coordinates>-80.57808720822365,37.19685213076737,0</coordinates>
                </Point>
              </Placemark>
              <Placemark>
                <name>Telemetry 6</name>
                <styleUrl>#modifiedtelemetry</styleUrl>
                <TimeSpan>
                  <begin>2026-08-14T04:42:37.187242+00:00</begin>
                  <end>2026-08-14T04:42:38.187242+00:00</end>
                </TimeSpan>
                <Point>
                  <coordinates>-80.57811722777369,37.19680923519623,0</coordinates>
                </Point>
              </Placemark>
              <Placemark>
                <name>Telemetry 7</name>
                <styleUrl>#modifiedtelemetry</styleUrl>
                <TimeSpan>
                  <begin>2026-08-14T04:42:38.187242+00:00</begin>
                  <end>2026-08-14T04:42:39.187242+00:00</end>
                </TimeSpan>
                <Point>
                  <coordinates>-80.5781323958596,37.1967658046547,0</coordinates>
                </Point>
              </Placemark>
              <Placemark>
                <name>Telemetry 8</name>
                <styleUrl>#modifiedtelemetry</styleUrl>
                <TimeSpan>
                  <begin>2026-08-14T04:42:39.187242+00:00</begin>
                  <end>2026-08-14T04:42:40.187242+00:00</end>
                </TimeSpan>
                <Point>
                  <coordinates>-80.57814392771789,37.19670166260832,0</coordinates>
                </Point>
              </Placemark>
              <Placemark>
                <name>Telemetry 9</name>
                <styleUrl>#modifiedtelemetry</styleUrl>
                <TimeSpan>
                  <begin>2026-08-14T04:42:40.187242+00:00</begin>
                  <end>2026-08-14T04:42:41.187242+00:00</end>
                </TimeSpan>
                <Point>
                  <coordinates>-80.57812974002694,37.19663489860375,0</coordinates>
                </Point>
              </Placemark>
              <Placemark>
                <name>Telemetry 10</name>
                <styleUrl>#modifiedtelemetry</styleUrl>
                <TimeSpan>
                  <begin>2026-08-14T04:42:41.187242+00:00</begin>
                  <end>2026-08-14T04:42:42.187242+00:00</end>
                </TimeSpan>
                <Point>
                  <coordinates>-80.57808680009781,37.19657292090538,0</coordinates>
                </Point>
              </Placemark>
              <Placemark>
                <name>Telemetry 11</name>
                <styleUrl>#modifiedtelemetry</styleUrl>
                <TimeSpan>
                  <begin>2026-08-14T04:42:42.187242+00:00</begin>
                  <end>2026-08-14T04:42:43.187242+00:00</end>
                </TimeSpan>
                <Point>
                  <coordinates>-80.57801685035301,37.19652877181478,0</coordinates>
                </Point>
              </Placemark>
              <Placemark>
                <name>Telemetry 12</name>
                <styleUrl>#modifiedtelemetry</styleUrl>
                <TimeSpan>
                  <begin>2026-08-14T04:42:43.187242+00:00</begin>
                  <end>2026-08-14T04:42:44.187242+00:00</end>
                </TimeSpan>
                <Point>
                  <coordinates>-80.57795541973255,37.19650790849303,0</coordinates>
                </Point>
              </Placemark>
              <Placemark>
                <name>Telemetry 13</name>
                <styleUrl>#modifiedtelemetry</styleUrl>
                <TimeSpan>
                  <begin>2026-08-14T04:42:44.187242+00:00</begin>
                  <end>2026-08-14T04:42:45.187242+00:00</end>
                </TimeSpan>
                <Point>
                  <coordinates>-80.57779490248247,37.19643592110631,0</coordinates>
                </Point>
              </Placemark>
              <Placemark>
                <name>Telemetry 14</name>
                <styleUrl>#modifiedtelemetry</styleUrl>
                <TimeSpan>
                  <begin>2026-08-14T04:42:45.187242+00:00</begin>
                  <end>2026-08-14T04:42:46.187242+00:00</end>
                </TimeSpan>
                <Point>
                  <coordinates>-80.57771381708879,37.19639543761661,0</coordinates>
                </Point>
              </Placemark>
              <Placemark>
                <name>Telemetry 15</name>
                <styleUrl>#modifiedtelemetry</styleUrl>
                <TimeSpan>
                  <begin>2026-08-14T04:42:46.187242+00:00</begin>
                  <end>2026-08-14T04:42:47.187242+00:00</end>
                </TimeSpan>
                <Point>
                  <coordinates>-80.5776456115435,37.19635960981006,0</coordinates>
                </Point>
              </Placemark>
              <Placemark>
                <name>Telemetry 16</name>
                <styleUrl>#modifiedtelemetry</styleUrl>
                <TimeSpan>
                  <begin>2026-08-14T04:42:47.187242+00:00</begin>
                  <end>2026-08-14T04:42:48.187242+00:00</end>
                </TimeSpan>
                <Point>
                  <coordinates>-80.57757190904874,37.19632841915715,0</coordinates>
                </Point>
              </Placemark>
              <Placemark>
                <name>Telemetry 17</name>
                <styleUrl>#modifiedtelemetry</styleUrl>
                <TimeSpan>
                  <begin>2026-08-14T04:42:48.187242+00:00</begin>
                  <end>2026-08-14T04:42:49.187242+00:00</end>
                </TimeSpan>
                <Point>
                  <coordinates>-80.57751114071674,37.19631735230622,0</coordinates>
                </Point>
              </Placemark>
              <Placemark>
                <name>Telemetry 18</name>
                <styleUrl>#modifiedtelemetry</styleUrl>
                <TimeSpan>
                  <begin>2026-08-14T04:42:49.187242+00:00</begin>
                  <end>2026-08-14T04:42:50.187242+00:00</end>
                </TimeSpan>
                <Point>
                  <coordinates>-80.57742677046657,37.19631370494702,0</coordinates>
                </Point>
              </Placemark>
              <Placemark>
                <name>Telemetry 19</name>
                <styleUrl>#modifiedtelemetry</styleUrl>
                <TimeSpan>
                  <begin>2026-08-14T04:42:50.187242+00:00</begin>
                  <end>2026-08-14T04:42:51.187242+00:00</end>
                </TimeSpan>
                <Point>
                  <coordinates>-80.5773706,37.1963054,0</coordinates>
                </Point>
              </Placemark>
              <Placemark>
                <name>Telemetry 20</name>
                <styleUrl>#modifiedtelemetry</styleUrl>
                <TimeSpan>
                  <begin>2026-08-14T04:42:51.187242+00:00</begin>
                  <end>2026-08-14T04:42:52.187242+00:00</end>
                </TimeSpan>
                <Point>
                  <coordinates>-80.5771453,37.1963577,0</coordinates>
                </Point>
              </Placemark>
              <Placemark>
                <name>Telemetry 21</name>
                <styleUrl>#modifiedtelemetry</styleUrl>
                <TimeSpan>
                  <begin>2026-08-14T04:42:52.187242+00:00</begin>
                  <end>2026-08-14T04:42:53.187242+00:00</end>
                </TimeSpan>
                <Point>
                  <coordinates>-80.5771265,37.1965735,0</coordinates>
                </Point>
              </Placemark>
              <Placemark>
                <name>Telemetry 22</name>
                <styleUrl>#modifiedtelemetry</styleUrl>
                <TimeSpan>
                  <begin>2026-08-14T04:42:53.187242+00:00</begin>
                  <end>2026-08-14T04:42:54.187242+00:00</end>
                </TimeSpan>
                <Point>
                  <coordinates>-80.57744590087025,37.19665029738701,0</coordinates>
                </Point>
              </Placemark>
              <Placemark>
                <name>Telemetry 23</name>
                <styleUrl>#modifiedtelemetry</styleUrl>
                <TimeSpan>
                  <begin>2026-08-14T04:42:54.187242+00:00</begin>
                  <end>2026-08-14T04:42:55.187242+00:00</end>
                </TimeSpan>
                <Point>
                  <coordinates>-80.5776442,37.1966013,0</coordinates>
                </Point>
              </Placemark>
              <Placemark>
                <name>Telemetry 24</name>
                <styleUrl>#modifiedtelemetry</styleUrl>
                <TimeSpan>
                  <begin>2026-08-14T04:42:55.187242+00:00</begin>
                  <end>2026-08-14T04:42:56.187242+00:00</end>
                </TimeSpan>
                <Point>
                  <coordinates>-80.57776806176655,37.1964375298218,0</coordinates>
                </Point>
              </Placemark>
              <Placemark>
                <name>Telemetry 25</name>
                <styleUrl>#modifiedtelemetry</styleUrl>
                <TimeSpan>
                  <begin>2026-08-14T04:42:56.187242+00:00</begin>
                  <end>2026-08-14T04:42:57.187242+00:00</end>
                </TimeSpan>
                <Point>
                  <coordinates>-80.57784172323511,37.1962376762061,0</coordinates>
                </Point>
              </Placemark>
              <Placemark>
                <name>Telemetry 26</name>
                <styleUrl>#modifiedtelemetry</styleUrl>
                <TimeSpan>
                  <begin>2026-08-14T04:42:57.187242+00:00</begin>
                  <end>2026-08-14T04:42:58.187242+00:00</end>
                </TimeSpan>
                <Point>
                  <coordinates>-80.5777311,37.1960563,0</coordinates>
                </Point>
              </Placemark>
              <Placemark>
                <name>Telemetry 27</name>
                <styleUrl>#modifiedtelemetry</styleUrl>
                <TimeSpan>
                  <begin>2026-08-14T04:42:58.187242+00:00</begin>
                  <end>2026-08-14T04:42:59.187242+00:00</end>
                </TimeSpan>
                <Point>
                  <coordinates>-80.57739321491916,37.19605837098315,0</coordinates>
                </Point>
              </Placemark>
              <Placemark>
                <name>Telemetry 28</name>
                <styleUrl>#modifiedtelemetry</styleUrl>
                <TimeSpan>
                  <begin>2026-08-14T04:42:59.187242+00:00</begin>
                  <end>2026-08-14T04:43:00.187242+00:00</end>
                </TimeSpan>
                <Point>
                  <coordinates>-80.5771357,37.1961151,0</coordinates>
                </Point>
              </Placemark>
              <Placemark>
                <name>Telemetry 29</name>
                <styleUrl>#modifiedtelemetry</styleUrl>
                <TimeSpan>
                  <begin>2026-08-14T04:43:00.187242+00:00</begin>
                  <end>2026-08-14T04:43:01.187242+00:00</end>
                </TimeSpan>
                <Point>
                  <coordinates>-80.5769627,37.1962283,0</coordinates>
                </Point>
              </Placemark>
              <Placemark>
                <name>Telemetry 30</name>
                <styleUrl>#modifiedtelemetry</styleUrl>
                <TimeSpan>
                  <begin>2026-08-14T04:43:01.187242+00:00</begin>
                  <end>2026-08-14T04:43:02.187242+00:00</end>
                </TimeSpan>
                <Point>
                  <coordinates>-80.5769184,37.1963885,0</coordinates>
                </Point>
              </Placemark>
              <Placemark>
                <name>Telemetry 31</name>
                <styleUrl>#modifiedtelemetry</styleUrl>
                <TimeSpan>
                  <begin>2026-08-14T04:43:02.187242+00:00</begin>
                  <end>2026-08-14T04:43:03.187242+00:00</end>
                </TimeSpan>
                <Point>
                  <coordinates>-80.5767347,37.1964356,0</coordinates>
                </Point>
              </Placemark>
              <Placemark>
                <name>Telemetry 32</name>
                <styleUrl>#modifiedtelemetry</styleUrl>
                <TimeSpan>
                  <begin>2026-08-14T04:43:03.187242+00:00</begin>
                  <end>2026-08-14T04:43:04.187242+00:00</end>
                </TimeSpan>
                <Point>
                  <coordinates>-80.5766366,37.1963538,0</coordinates>
                </Point>
              </Placemark>
              <Placemark>
                <name>Telemetry 33</name>
                <styleUrl>#modifiedtelemetry</styleUrl>
                <TimeSpan>
                  <begin>2026-08-14T04:43:04.187242+00:00</begin>
                  <end>2026-08-14T04:43:05.187242+00:00</end>
                </TimeSpan>
                <Point>
                  <coordinates>-80.5766634,37.1962096,0</coordinates>
                </Point>
              </Placemark>
              <Placemark>
                <name>Telemetry 34</name>
                <styleUrl>#modifiedtelemetry</styleUrl>
                <TimeSpan>
                  <begin>2026-08-14T04:43:05.187242+00:00</begin>
                  <end>2026-08-14T04:43:06.187242+00:00</end>
                </TimeSpan>
                <Point>
                  <coordinates>-80.5767707,37.1961284,0</coordinates>
                </Point>
              </Placemark>
              <Placemark>
                <name>Telemetry 35</name>
                <styleUrl>#modifiedtelemetry</styleUrl>
                <TimeSpan>
                  <begin>2026-08-14T04:43:06.187242+00:00</begin>
                  <end>2026-08-14T04:43:07.187242+00:00</end>
                </TimeSpan>
                <Point>
                  <coordinates>-80.5768887,37.1960493,0</coordinates>
                </Point>
              </Placemark>
              <Placemark>
                <name>Telemetry 36</name>
                <styleUrl>#modifiedtelemetry</styleUrl>
                <TimeSpan>
                  <begin>2026-08-14T04:43:07.187242+00:00</begin>
                  <end>2026-08-14T04:43:08.187242+00:00</end>
                </TimeSpan>
                <Point>
                  <coordinates>-80.5770684,37.1959745,0</coordinates>
                </Point>
              </Placemark>
              <Placemark>
                <name>Telemetry 37</name>
                <styleUrl>#modifiedtelemetry</styleUrl>
                <TimeSpan>
                  <begin>2026-08-14T04:43:08.187242+00:00</begin>
                  <end>2026-08-14T04:43:09.187242+00:00</end>
                </TimeSpan>
                <Point>
                  <coordinates>-80.5771757,37.19596070000001,0</coordinates>
                </Point>
              </Placemark>
              <Placemark>
                <name>Telemetry 38</name>
                <styleUrl>#modifiedtelemetry</styleUrl>
                <TimeSpan>
                  <begin>2026-08-14T04:43:09.187242+00:00</begin>
                  <end>2026-08-14T04:43:10.187242+00:00</end>
                </TimeSpan>
                <Point>
                  <coordinates>-80.5772937,37.19598200000001,0</coordinates>
                </Point>
              </Placemark>
              <Placemark>
                <name>Telemetry 39</name>
                <styleUrl>#modifiedtelemetry</styleUrl>
                <TimeSpan>
                  <begin>2026-08-14T04:43:10.187242+00:00</begin>
                  <end>2026-08-14T04:43:11.187242+00:00</end>
                </TimeSpan>
                <Point>
                  <coordinates>-80.5773326,37.1960942,0</coordinates>
                </Point>
              </Placemark>
              <Placemark>
                <name>Telemetry 40</name>
                <styleUrl>#modifiedtelemetry</styleUrl>
                <TimeSpan>
                  <begin>2026-08-14T04:43:11.187242+00:00</begin>
                  <end>2026-08-14T04:43:12.187242+00:00</end>
                </TimeSpan>
                <Point>
                  <coordinates>-80.577283,37.19619780000001,0</coordinates>
                </Point>
              </Placemark>
              <Placemark>
                <name>Telemetry 41</name>
                <styleUrl>#modifiedtelemetry</styleUrl>
                <TimeSpan>
                  <begin>2026-08-14T04:43:12.187242+00:00</begin>
                  <end>2026-08-14T04:43:13.187242+00:00</end>
                </TimeSpan>
                <Point>
                  <coordinates>-80.5772602,37.1963495,0</coordinates>
                </Point>
              </Placemark>
              <Placemark>
                <name>Telemetry 42</name>
                <styleUrl>#modifiedtelemetry</styleUrl>
                <TimeSpan>
                  <begin>2026-08-14T04:43:13.187242+00:00</begin>
                  <end>2026-08-14T04:43:14.187242+00:00</end>
                </TimeSpan>
                <Point>
                  <coordinates>-80.5772817,37.1964692,0</coordinates>
                </Point>
              </Placemark>
              <Placemark>
                <name>Telemetry 43</name>
                <styleUrl>#modifiedtelemetry</styleUrl>
                <TimeSpan>
                  <begin>2026-08-14T04:43:14.187242+00:00</begin>
                  <end>2026-08-14T04:43:15.187242+00:00</end>
                </TimeSpan>
                <Point>
                  <coordinates>-80.5773863,37.1965546,0</coordinates>
                </Point>
              </Placemark>
              <Placemark>
                <name>Telemetry 44</name>
                <styleUrl>#modifiedtelemetry</styleUrl>
                <TimeSpan>
                  <begin>2026-08-14T04:43:15.187242+00:00</begin>
                  <end>2026-08-14T04:43:16.187242+00:00</end>
                </TimeSpan>
                <Point>
                  <coordinates>-80.5775406,37.1965589,0</coordinates>
                </Point>
              </Placemark>
              <Placemark>
                <name>Telemetry 45</name>
                <styleUrl>#modifiedtelemetry</styleUrl>
                <TimeSpan>
                  <begin>2026-08-14T04:43:16.187242+00:00</begin>
                  <end>2026-08-14T04:43:17.187242+00:00</end>
                </TimeSpan>
                <Point>
                  <coordinates>-80.57763850000002,37.1965782,0</coordinates>
                </Point>
              </Placemark>
              <Placemark>
                <name>Telemetry 46</name>
                <styleUrl>#modifiedtelemetry</styleUrl>
                <TimeSpan>
                  <begin>2026-08-14T04:43:17.187242+00:00</begin>
                  <end>2026-08-14T04:43:18.187242+00:00</end>
                </TimeSpan>
                <Point>
                  <coordinates>-80.57763850000002,37.1966679,0</coordinates>
                </Point>
              </Placemark>
              <Placemark>
                <name>Telemetry 47</name>
                <styleUrl>#modifiedtelemetry</styleUrl>
                <TimeSpan>
                  <begin>2026-08-14T04:43:18.187242+00:00</begin>
                  <end>2026-08-14T04:43:19.187242+00:00</end>
                </TimeSpan>
                <Point>
                  <coordinates>-80.5775473,37.1967074,0</coordinates>
                </Point>
              </Placemark>
              <Placemark>
                <name>Telemetry 48</name>
                <styleUrl>#modifiedtelemetry</styleUrl>
                <TimeSpan>
                  <begin>2026-08-14T04:43:19.187242+00:00</begin>
                  <end>2026-08-14T04:43:20.187242+00:00</end>
                </TimeSpan>
                <Point>
                  <coordinates>-80.5773823,37.1966967,0</coordinates>
                </Point>
              </Placemark>
              <Placemark>
                <name>Telemetry 49</name>
                <styleUrl>#modifiedtelemetry</styleUrl>
                <TimeSpan>
                  <begin>2026-08-14T04:43:20.187242+00:00</begin>
                  <end>2026-08-14T04:43:21.187242+00:00</end>
                </TimeSpan>
                <Point>
                  <coordinates>-80.5773421,37.1966241,0</coordinates>
                </Point>
              </Placemark>
              <Placemark>
                <name>Telemetry 50</name>
                <styleUrl>#modifiedtelemetry</styleUrl>
                <TimeSpan>
                  <begin>2026-08-14T04:43:21.187242+00:00</begin>
                  <end>2026-08-14T04:43:22.187242+00:00</end>
                </TimeSpan>
                <Point>
                  <coordinates>-80.5773005,37.196528,0</coordinates>
                </Point>
              </Placemark>
              <Placemark>
                <name>Telemetry 51</name>
                <styleUrl>#modifiedtelemetry</styleUrl>
                <TimeSpan>
                  <begin>2026-08-14T04:43:22.187242+00:00</begin>
                  <end>2026-08-14T04:43:23.187242+00:00</end>
                </TimeSpan>
                <Point>
                  <coordinates>-80.5771557,37.1965055,0</coordinates>
                </Point>
              </Placemark>
              <Placemark>
                <name>Telemetry 52</name>
                <styleUrl>#modifiedtelemetry</styleUrl>
                <TimeSpan>
                  <begin>2026-08-14T04:43:23.187242+00:00</begin>
                  <end>2026-08-14T04:43:24.187242+00:00</end>
                </TimeSpan>
                <Point>
                  <coordinates>-80.5770457,37.19654400000001,0</coordinates>
                </Point>
              </Placemark>
              <Placemark>
                <name>Telemetry 53</name>
                <styleUrl>#modifiedtelemetry</styleUrl>
                <TimeSpan>
                  <begin>2026-08-14T04:43:24.187242+00:00</begin>
                  <end>2026-08-14T04:43:25.187242+00:00</end>
                </TimeSpan>
                <Point>
                  <coordinates>-80.5768834,37.19654500000001,0</coordinates>
                </Point>
              </Placemark>
              <Placemark>
                <name>Telemetry 54</name>
                <styleUrl>#modifiedtelemetry</styleUrl>
                <TimeSpan>
                  <begin>2026-08-14T04:43:25.187242+00:00</begin>
                  <end>2026-08-14T04:43:26.187242+00:00</end>
                </TimeSpan>
                <Point>
                  <coordinates>-80.5767869,37.1964831,0</coordinates>
                </Point>
              </Placemark>
              <Placemark>
                <name>Telemetry 55</name>
                <styleUrl>#modifiedtelemetry</styleUrl>
                <TimeSpan>
                  <begin>2026-08-14T04:43:26.187242+00:00</begin>
                  <end>2026-08-14T04:43:27.187242+00:00</end>
                </TimeSpan>
                <Point>
                  <coordinates>-80.5767547,37.1964083,0</coordinates>
                </Point>
              </Placemark>
              <Placemark>
                <name>Telemetry 56</name>
                <styleUrl>#modifiedtelemetry</styleUrl>
                <TimeSpan>
                  <begin>2026-08-14T04:43:27.187242+00:00</begin>
                  <end>2026-08-14T04:43:28.187242+00:00</end>
                </TimeSpan>
                <Point>
                  <coordinates>-80.5767587,37.1963228,0</coordinates>
                </Point>
              </Placemark>
              <Placemark>
                <name>Telemetry 57</name>
                <styleUrl>#modifiedtelemetry</styleUrl>
                <TimeSpan>
                  <begin>2026-08-14T04:43:28.187242+00:00</begin>
                  <end>2026-08-14T04:43:29.187242+00:00</end>
                </TimeSpan>
                <Point>
                  <coordinates>-80.5767587,37.1961893,0</coordinates>
                </Point>
              </Placemark>
              <Placemark>
                <name>Telemetry 58</name>
                <styleUrl>#modifiedtelemetry</styleUrl>
                <TimeSpan>
                  <begin>2026-08-14T04:43:29.187242+00:00</begin>
                  <end>2026-08-14T04:43:30.187242+00:00</end>
                </TimeSpan>
                <Point>
                  <coordinates>-80.5766836,37.1961348,0</coordinates>
                </Point>
              </Placemark>
              <Placemark>
                <name>Telemetry 59</name>
                <styleUrl>#modifiedtelemetry</styleUrl>
                <TimeSpan>
                  <begin>2026-08-14T04:43:30.187242+00:00</begin>
                  <end>2026-08-14T04:43:31.187242+00:00</end>
                </TimeSpan>
                <Point>
                  <coordinates>-80.5766836,37.1960205,0</coordinates>
                </Point>
              </Placemark>
              <Placemark>
                <name>Telemetry 60</name>
                <styleUrl>#modifiedtelemetry</styleUrl>
                <TimeSpan>
                  <begin>2026-08-14T04:43:31.187242+00:00</begin>
                  <end>2026-08-14T04:43:32.187242+00:00</end>
                </TimeSpan>
                <Point>
                  <coordinates>-80.5767896,37.1960077,0</coordinates>
                </Point>
              </Placemark>
              <Placemark>
                <name>Telemetry 61</name>
                <styleUrl>#modifiedtelemetry</styleUrl>
                <TimeSpan>
                  <begin>2026-08-14T04:43:32.187242+00:00</begin>
                  <end>2026-08-14T04:43:33.187242+00:00</end>
                </TimeSpan>
                <Point>
                  <coordinates>-80.5769277,37.1959671,0</coordinates>
                </Point>
              </Placemark>
              <Placemark>
                <name>Telemetry 62</name>
                <styleUrl>#modifiedtelemetry</styleUrl>
                <TimeSpan>
                  <begin>2026-08-14T04:43:33.187242+00:00</begin>
                  <end>2026-08-14T04:43:34.187242+00:00</end>
                </TimeSpan>
                <Point>
                  <coordinates>-80.5770806,37.1959051,0</coordinates>
                </Point>
              </Placemark>
              <Placemark>
                <name>Telemetry 63</name>
                <styleUrl>#modifiedtelemetry</styleUrl>
                <TimeSpan>
                  <begin>2026-08-14T04:43:34.187242+00:00</begin>
                  <end>2026-08-14T04:43:35.187242+00:00</end>
                </TimeSpan>
                <Point>
                  <coordinates>-80.5771999,37.195896600000005,0</coordinates>
                </Point>
              </Placemark>
            </Folder>
          </Folder>
        </Folder>
        <Folder>
          <name>Service Provider polling</name>
        </Folder>
        <Folder>
          <name>Service Provider polling</name>
        </Folder>
        <Folder>
          <name>Service Provider polling</name>
        </Folder>
        <Folder>
          <name>Service Provider polling</name>
        </Folder>
        <Folder>
          <name>Service Provider polling</name>
        </Folder>
        <Folder>
          <name>Verify operator notification</name>
        </Folder>
        <Folder>
          <name>Intermediate cleanup</name>
        </Folder>
        <Folder>
          <name>Retrieve pre-existing operator notification</name>
        </Folder>
        <Folder>
          <name>Injection</name>
          <Folder>
            <name>E44: uss1 interuss.automated_testing.rid.v1.injection.createTest</name>
            <Folder>
              <name>Test flight 77a09b0a-5455-4109-8490-ca0cd07bb84c</name>
              <Placemark>
                <name>Telemetry 0</name>
                <styleUrl>#modifiedtelemetry</styleUrl>
                <TimeSpan>
                  <begin>2026-08-14T04:42:41.861299+00:00</begin>
                  <end>2026-08-14T04:42:42.861299+00:00</end>
                </TimeSpan>
                <Point>
                  <coordinates>-80.57798081614081,37.197059404721635,0</coordinates>
                </Point>
              </Placemark>
              <Placemark>
                <name>Telemetry 1</name>
                <styleUrl>#modifiedtelemetry</styleUrl>
                <TimeSpan>
                  <begin>2026-08-14T04:42:42.861299+00:00</begin>
                  <end>2026-08-14T04:42:43.861299+00:00</end>
                </TimeSpan>
                <Point>
                  <coordinates>-80.57798798375362,37.197016214133484,0</coordinates>
                </Point>
              </Placemark>
              <Placemark>
                <name>Telemetry 2</name>
                <styleUrl>#modifiedtelemetry</styleUrl>
                <TimeSpan>
                  <begin>2026-08-14T04:42:43.861299+00:00</begin>
                  <end>2026-08-14T04:42:44.861299+00:00</end>
                </TimeSpan>
                <Point>
                  <coordinates>-80.57800212690604,37.196972734164305,0</coordinates>
                </Point>
              </Placemark>
              <Placemark>
                <name>Telemetry 3</name>
                <styleUrl>#modifiedtelemetry</styleUrl>
                <TimeSpan>
                  <begin>2026-08-14T04:42:44.861299+00:00</begin>
                  <end>2026-08-14T04:42:45.861299+00:00</end>
                </TimeSpan>
                <Point>
                  <coordinates>-80.57802342452034,37.196931703788785,0</coordinates>
                </Point>
              </Placemark>
              <Placemark>
                <name>Telemetry 4</name>
                <styleUrl>#modifiedtelemetry</styleUrl>
                <TimeSpan>
                  <begin>2026-08-14T04:42:45.861299+00:00</begin>
                  <end>2026-08-14T04:42:46.861299+00:00</end>
                </TimeSpan>
                <Point>
                  <coordinates>-80.57805344862881,37.19689368575391,0</coordinates>
                </Point>
              </Placemark>
              <Placemark>
                <name>Telemetry 5</name>
                <styleUrl>#modifiedtelemetry</styleUrl>
                <TimeSpan>
                  <begin>2026-08-14T04:42:46.861299+00:00</begin>
                  <end>2026-08-14T04:42:47.861299+00:00</end>
                </TimeSpan>
                <Point>
                  <coordinates>-80.57808720822365,37.19685213076737,0</coordinates>
                </Point>
              </Placemark>
              <Placemark>
                <name>Telemetry 6</name>
                <styleUrl>#modifiedtelemetry</styleUrl>
                <TimeSpan>
                  <begin>2026-08-14T04:42:47.861299+00:00</begin>
                  <end>2026-08-14T04:42:48.861299+00:00</end>
                </TimeSpan>
                <Point>
                  <coordinates>-80.57811722777369,37.19680923519623,0</coordinates>
                </Point>
              </Placemark>
              <Placemark>
                <name>Telemetry 7</name>
                <styleUrl>#modifiedtelemetry</styleUrl>
                <TimeSpan>
                  <begin>2026-08-14T04:42:48.861299+00:00</begin>
                  <end>2026-08-14T04:42:49.861299+00:00</end>
                </TimeSpan>
                <Point>
                  <coordinates>-80.5781323958596,37.1967658046547,0</coordinates>
                </Point>
              </Placemark>
              <Placemark>
                <name>Telemetry 8</name>
                <styleUrl>#modifiedtelemetry</styleUrl>
                <TimeSpan>
                  <begin>2026-08-14T04:42:49.861299+00:00</begin>
                  <end>2026-08-14T04:42:50.861299+00:00</end>
                </TimeSpan>
                <Point>
                  <coordinates>-80.57814392771789,37.19670166260832,0</coordinates>
                </Point>
              </Placemark>
              <Placemark>
                <name>Telemetry 9</name>
                <styleUrl>#modifiedtelemetry</styleUrl>
                <TimeSpan>
                  <begin>2026-08-14T04:42:50.861299+00:00</begin>
                  <end>2026-08-14T04:42:51.861299+00:00</end>
                </TimeSpan>
                <Point>
                  <coordinates>-80.57812974002694,37.19663489860375,0</coordinates>
                </Point>
              </Placemark>
              <Placemark>
                <name>Telemetry 10</name>
                <styleUrl>#modifiedtelemetry</styleUrl>
                <TimeSpan>
                  <begin>2026-08-14T04:42:51.861299+00:00</begin>
                  <end>2026-08-14T04:42:52.861299+00:00</end>
                </TimeSpan>
                <Point>
                  <coordinates>-80.57808680009781,37.19657292090538,0</coordinates>
                </Point>
              </Placemark>
              <Placemark>
                <name>Telemetry 11</name>
                <styleUrl>#modifiedtelemetry</styleUrl>
                <TimeSpan>
                  <begin>2026-08-14T04:42:52.861299+00:00</begin>
                  <end>2026-08-14T04:42:53.861299+00:00</end>
                </TimeSpan>
                <Point>
                  <coordinates>-80.57801685035301,37.19652877181478,0</coordinates>
                </Point>
              </Placemark>
              <Placemark>
                <name>Telemetry 12</name>
                <styleUrl>#modifiedtelemetry</styleUrl>
                <TimeSpan>
                  <begin>2026-08-14T04:42:53.861299+00:00</begin>
                  <end>2026-08-14T04:42:54.861299+00:00</end>
                </TimeSpan>
                <Point>
                  <coordinates>-80.57795541973255,37.19650790849303,0</coordinates>
                </Point>
              </Placemark>
              <Placemark>
                <name>Telemetry 13</name>
                <styleUrl>#modifiedtelemetry</styleUrl>
                <TimeSpan>
                  <begin>2026-08-14T04:42:54.861299+00:00</begin>
                  <end>2026-08-14T04:42:55.861299+00:00</end>
                </TimeSpan>
                <Point>
                  <coordinates>-80.57779490248247,37.19643592110631,0</coordinates>
                </Point>
              </Placemark>
              <Placemark>
                <name>Telemetry 14</name>
                <styleUrl>#modifiedtelemetry</styleUrl>
                <TimeSpan>
                  <begin>2026-08-14T04:42:55.861299+00:00</begin>
                  <end>2026-08-14T04:42:56.861299+00:00</end>
                </TimeSpan>
                <Point>
                  <coordinates>-80.57771381708879,37.19639543761661,0</coordinates>
                </Point>
              </Placemark>
              <Placemark>
                <name>Telemetry 15</name>
                <styleUrl>#modifiedtelemetry</styleUrl>
                <TimeSpan>
                  <begin>2026-08-14T04:42:56.861299+00:00</begin>
                  <end>2026-08-14T04:42:57.861299+00:00</end>
                </TimeSpan>
                <Point>
                  <coordinates>-80.5776456115435,37.19635960981006,0</coordinates>
                </Point>
              </Placemark>
              <Placemark>
                <name>Telemetry 16</name>
                <styleUrl>#modifiedtelemetry</styleUrl>
                <TimeSpan>
                  <begin>2026-08-14T04:42:57.861299+00:00</begin>
                  <end>2026-08-14T04:42:58.861299+00:00</end>
                </TimeSpan>
                <Point>
                  <coordinates>-80.57757190904874,37.19632841915715,0</coordinates>
                </Point>
              </Placemark>
              <Placemark>
                <name>Telemetry 17</name>
                <styleUrl>#modifiedtelemetry</styleUrl>
                <TimeSpan>
                  <begin>2026-08-14T04:42:58.861299+00:00</begin>
                  <end>2026-08-14T04:42:59.861299+00:00</end>
                </TimeSpan>
                <Point>
                  <coordinates>-80.57751114071674,37.19631735230622,0</coordinates>
                </Point>
              </Placemark>
              <Placemark>
                <name>Telemetry 18</name>
                <styleUrl>#modifiedtelemetry</styleUrl>
                <TimeSpan>
                  <begin>2026-08-14T04:42:59.861299+00:00</begin>
                  <end>2026-08-14T04:43:00.861299+00:00</end>
                </TimeSpan>
                <Point>
                  <coordinates>-80.57742677046657,37.19631370494702,0</coordinates>
                </Point>
              </Placemark>
              <Placemark>
                <name>Telemetry 19</name>
                <styleUrl>#modifiedtelemetry</styleUrl>
                <TimeSpan>
                  <begin>2026-08-14T04:43:00.861299+00:00</begin>
                  <end>2026-08-14T04:43:01.861299+00:00</end>
                </TimeSpan>
                <Point>
                  <coordinates>-80.5773706,37.1963054,0</coordinates>
                </Point>
              </Placemark>
              <Placemark>
                <name>Telemetry 20</name>
                <styleUrl>#modifiedtelemetry</styleUrl>
                <TimeSpan>
                  <begin>2026-08-14T04:43:01.861299+00:00</begin>
                  <end>2026-08-14T04:43:02.861299+00:00</end>
                </TimeSpan>
                <Point>
                  <coordinates>-80.5771453,37.1963577,0</coordinates>
                </Point>
              </Placemark>
              <Placemark>
                <name>Telemetry 21</name>
                <styleUrl>#modifiedtelemetry</styleUrl>
                <TimeSpan>
                  <begin>2026-08-14T04:43:02.861299+00:00</begin>
                  <end>2026-08-14T04:43:03.861299+00:00</end>
                </TimeSpan>
                <Point>
                  <coordinates>-80.5771265,37.1965735,0</coordinates>
                </Point>
              </Placemark>
              <Placemark>
                <name>Telemetry 22</name>
                <styleUrl>#modifiedtelemetry</styleUrl>
                <TimeSpan>
                  <begin>2026-08-14T04:43:03.861299+00:00</begin>
                  <end>2026-08-14T04:43:04.861299+00:00</end>
                </TimeSpan>
                <Point>
                  <coordinates>-80.57744590087025,37.19665029738701,0</coordinates>
                </Point>
              </Placemark>
              <Placemark>
                <name>Telemetry 23</name>
                <styleUrl>#modifiedtelemetry</styleUrl>
                <TimeSpan>
                  <begin>2026-08-14T04:43:04.861299+00:00</begin>
                  <end>2026-08-14T04:43:05.861299+00:00</end>
                </TimeSpan>
                <Point>
                  <coordinates>-80.5776442,37.1966013,0</coordinates>
                </Point>
              </Placemark>
              <Placemark>
                <name>Telemetry 24</name>
                <styleUrl>#modifiedtelemetry</styleUrl>
                <TimeSpan>
                  <begin>2026-08-14T04:43:05.861299+00:00</begin>
                  <end>2026-08-14T04:43:06.861299+00:00</end>
                </TimeSpan>
                <Point>
                  <coordinates>-80.57776806176655,37.1964375298218,0</coordinates>
                </Point>
              </Placemark>
              <Placemark>
                <name>Telemetry 25</name>
                <styleUrl>#modifiedtelemetry</styleUrl>
                <TimeSpan>
                  <begin>2026-08-14T04:43:06.861299+00:00</begin>
                  <end>2026-08-14T04:43:07.861299+00:00</end>
                </TimeSpan>
                <Point>
                  <coordinates>-80.57784172323511,37.1962376762061,0</coordinates>
                </Point>
              </Placemark>
              <Placemark>
                <name>Telemetry 26</name>
                <styleUrl>#modifiedtelemetry</styleUrl>
                <TimeSpan>
                  <begin>2026-08-14T04:43:07.861299+00:00</begin>
                  <end>2026-08-14T04:43:08.861299+00:00</end>
                </TimeSpan>
                <Point>
                  <coordinates>-80.5777311,37.1960563,0</coordinates>
                </Point>
              </Placemark>
              <Placemark>
                <name>Telemetry 27</name>
                <styleUrl>#modifiedtelemetry</styleUrl>
                <TimeSpan>
                  <begin>2026-08-14T04:43:08.861299+00:00</begin>
                  <end>2026-08-14T04:43:09.861299+00:00</end>
                </TimeSpan>
                <Point>
                  <coordinates>-80.57739321491916,37.19605837098315,0</coordinates>
                </Point>
              </Placemark>
              <Placemark>
                <name>Telemetry 28</name>
                <styleUrl>#modifiedtelemetry</styleUrl>
                <TimeSpan>
                  <begin>2026-08-14T04:43:09.861299+00:00</begin>
                  <end>2026-08-14T04:43:10.861299+00:00</end>
                </TimeSpan>
                <Point>
                  <coordinates>-80.5771357,37.1961151,0</coordinates>
                </Point>
              </Placemark>
              <Placemark>
                <name>Telemetry 29</name>
                <styleUrl>#modifiedtelemetry</styleUrl>
                <TimeSpan>
                  <begin>2026-08-14T04:43:10.861299+00:00</begin>
                  <end>2026-08-14T04:43:11.861299+00:00</end>
                </TimeSpan>
                <Point>
                  <coordinates>-80.5769627,37.1962283,0</coordinates>
                </Point>
              </Placemark>
              <Placemark>
                <name>Telemetry 30</name>
                <styleUrl>#modifiedtelemetry</styleUrl>
                <TimeSpan>
                  <begin>2026-08-14T04:43:11.861299+00:00</begin>
                  <end>2026-08-14T04:43:12.861299+00:00</end>
                </TimeSpan>
                <Point>
                  <coordinates>-80.5769184,37.1963885,0</coordinates>
                </Point>
              </Placemark>
              <Placemark>
                <name>Telemetry 31</name>
                <styleUrl>#modifiedtelemetry</styleUrl>
                <TimeSpan>
                  <begin>2026-08-14T04:43:12.861299+00:00</begin>
                  <end>2026-08-14T04:43:13.861299+00:00</end>
                </TimeSpan>
                <Point>
                  <coordinates>-80.5767347,37.1964356,0</coordinates>
                </Point>
              </Placemark>
              <Placemark>
                <name>Telemetry 32</name>
                <styleUrl>#modifiedtelemetry</styleUrl>
                <TimeSpan>
                  <begin>2026-08-14T04:43:13.861299+00:00</begin>
                  <end>2026-08-14T04:43:14.861299+00:00</end>
                </TimeSpan>
                <Point>
                  <coordinates>-80.5766366,37.1963538,0</coordinates>
                </Point>
              </Placemark>
              <Placemark>
                <name>Telemetry 33</name>
                <styleUrl>#modifiedtelemetry</styleUrl>
                <TimeSpan>
                  <begin>2026-08-14T04:43:14.861299+00:00</begin>
                  <end>2026-08-14T04:43:15.861299+00:00</end>
                </TimeSpan>
                <Point>
                  <coordinates>-80.5766634,37.1962096,0</coordinates>
                </Point>
              </Placemark>
              <Placemark>
                <name>Telemetry 34</name>
                <styleUrl>#modifiedtelemetry</styleUrl>
                <TimeSpan>
                  <begin>2026-08-14T04:43:15.861299+00:00</begin>
                  <end>2026-08-14T04:43:16.861299+00:00</end>
                </TimeSpan>
                <Point>
                  <coordinates>-80.5767707,37.1961284,0</coordinates>
                </Point>
              </Placemark>
              <Placemark>
                <name>Telemetry 35</name>
                <styleUrl>#modifiedtelemetry</styleUrl>
                <TimeSpan>
                  <begin>2026-08-14T04:43:16.861299+00:00</begin>
                  <end>2026-08-14T04:43:17.861299+00:00</end>
                </TimeSpan>
                <Point>
                  <coordinates>-80.5768887,37.1960493,0</coordinates>
                </Point>
              </Placemark>
              <Placemark>
                <name>Telemetry 36</name>
                <styleUrl>#modifiedtelemetry</styleUrl>
                <TimeSpan>
                  <begin>2026-08-14T04:43:17.861299+00:00</begin>
                  <end>2026-08-14T04:43:18.861299+00:00</end>
                </TimeSpan>
                <Point>
                  <coordinates>-80.5770684,37.1959745,0</coordinates>
                </Point>
              </Placemark>
              <Placemark>
                <name>Telemetry 37</name>
                <styleUrl>#modifiedtelemetry</styleUrl>
                <TimeSpan>
                  <begin>2026-08-14T04:43:18.861299+00:00</begin>
                  <end>2026-08-14T04:43:19.861299+00:00</end>
                </TimeSpan>
                <Point>
                  <coordinates>-80.5771757,37.19596070000001,0</coordinates>
                </Point>
              </Placemark>
              <Placemark>
                <name>Telemetry 38</name>
                <styleUrl>#modifiedtelemetry</styleUrl>
                <TimeSpan>
                  <begin>2026-08-14T04:43:19.861299+00:00</begin>
                  <end>2026-08-14T04:43:20.861299+00:00</end>
                </TimeSpan>
                <Point>
                  <coordinates>-80.5772937,37.19598200000001,0</coordinates>
                </Point>
              </Placemark>
              <Placemark>
                <name>Telemetry 39</name>
                <styleUrl>#modifiedtelemetry</styleUrl>
                <TimeSpan>
                  <begin>2026-08-14T04:43:20.861299+00:00</begin>
                  <end>2026-08-14T04:43:21.861299+00:00</end>
                </TimeSpan>
                <Point>
                  <coordinates>-80.5773326,37.1960942,0</coordinates>
                </Point>
              </Placemark>
              <Placemark>
                <name>Telemetry 40</name>
                <styleUrl>#modifiedtelemetry</styleUrl>
                <TimeSpan>
                  <begin>2026-08-14T04:43:21.861299+00:00</begin>
                  <end>2026-08-14T04:43:22.861299+00:00</end>
                </TimeSpan>
                <Point>
                  <coordinates>-80.577283,37.19619780000001,0</coordinates>
                </Point>
              </Placemark>
              <Placemark>
                <name>Telemetry 41</name>
                <styleUrl>#modifiedtelemetry</styleUrl>
                <TimeSpan>
                  <begin>2026-08-14T04:43:22.861299+00:00</begin>
                  <end>2026-08-14T04:43:23.861299+00:00</end>
                </TimeSpan>
                <Point>
                  <coordinates>-80.5772602,37.1963495,0</coordinates>
                </Point>
              </Placemark>
              <Placemark>
                <name>Telemetry 42</name>
                <styleUrl>#modifiedtelemetry</styleUrl>
                <TimeSpan>
                  <begin>2026-08-14T04:43:23.861299+00:00</begin>
                  <end>2026-08-14T04:43:24.861299+00:00</end>
                </TimeSpan>
                <Point>
                  <coordinates>-80.5772817,37.1964692,0</coordinates>
                </Point>
              </Placemark>
              <Placemark>
                <name>Telemetry 43</name>
                <styleUrl>#modifiedtelemetry</styleUrl>
                <TimeSpan>
                  <begin>2026-08-14T04:43:24.861299+00:00</begin>
                  <end>2026-08-14T04:43:25.861299+00:00</end>
                </TimeSpan>
                <Point>
                  <coordinates>-80.5773863,37.1965546,0</coordinates>
                </Point>
              </Placemark>
              <Placemark>
                <name>Telemetry 44</name>
                <styleUrl>#modifiedtelemetry</styleUrl>
                <TimeSpan>
                  <begin>2026-08-14T04:43:25.861299+00:00</begin>
                  <end>2026-08-14T04:43:26.861299+00:00</end>
                </TimeSpan>
                <Point>
                  <coordinates>-80.5775406,37.1965589,0</coordinates>
                </Point>
              </Placemark>
              <Placemark>
                <name>Telemetry 45</name>
                <styleUrl>#modifiedtelemetry</styleUrl>
                <TimeSpan>
                  <begin>2026-08-14T04:43:26.861299+00:00</begin>
                  <end>2026-08-14T04:43:27.861299+00:00</end>
                </TimeSpan>
                <Point>
                  <coordinates>-80.57763850000002,37.1965782,0</coordinates>
                </Point>
              </Placemark>
              <Placemark>
                <name>Telemetry 46</name>
                <styleUrl>#modifiedtelemetry</styleUrl>
                <TimeSpan>
                  <begin>2026-08-14T04:43:27.861299+00:00</begin>
                  <end>2026-08-14T04:43:28.861299+00:00</end>
                </TimeSpan>
                <Point>
                  <coordinates>-80.57763850000002,37.1966679,0</coordinates>
                </Point>
              </Placemark>
              <Placemark>
                <name>Telemetry 47</name>
                <styleUrl>#modifiedtelemetry</styleUrl>
                <TimeSpan>
                  <begin>2026-08-14T04:43:28.861299+00:00</begin>
                  <end>2026-08-14T04:43:29.861299+00:00</end>
                </TimeSpan>
                <Point>
                  <coordinates>-80.5775473,37.1967074,0</coordinates>
                </Point>
              </Placemark>
              <Placemark>
                <name>Telemetry 48</name>
                <styleUrl>#modifiedtelemetry</styleUrl>
                <TimeSpan>
                  <begin>2026-08-14T04:43:29.861299+00:00</begin>
                  <end>2026-08-14T04:43:30.861299+00:00</end>
                </TimeSpan>
                <Point>
                  <coordinates>-80.5773823,37.1966967,0</coordinates>
                </Point>
              </Placemark>
              <Placemark>
                <name>Telemetry 49</name>
                <styleUrl>#modifiedtelemetry</styleUrl>
                <TimeSpan>
                  <begin>2026-08-14T04:43:30.861299+00:00</begin>
                  <end>2026-08-14T04:43:31.861299+00:00</end>
                </TimeSpan>
                <Point>
                  <coordinates>-80.5773421,37.1966241,0</coordinates>
                </Point>
              </Placemark>
              <Placemark>
                <name>Telemetry 50</name>
                <styleUrl>#modifiedtelemetry</styleUrl>
                <TimeSpan>
                  <begin>2026-08-14T04:43:31.861299+00:00</begin>
                  <end>2026-08-14T04:43:32.861299+00:00</end>
                </TimeSpan>
                <Point>
                  <coordinates>-80.5773005,37.196528,0</coordinates>
                </Point>
              </Placemark>
              <Placemark>
                <name>Telemetry 51</name>
                <styleUrl>#modifiedtelemetry</styleUrl>
                <TimeSpan>
                  <begin>2026-08-14T04:43:32.861299+00:00</begin>
                  <end>2026-08-14T04:43:33.861299+00:00</end>
                </TimeSpan>
                <Point>
                  <coordinates>-80.5771557,37.1965055,0</coordinates>
                </Point>
              </Placemark>
              <Placemark>
                <name>Telemetry 52</name>
                <styleUrl>#modifiedtelemetry</styleUrl>
                <TimeSpan>
                  <begin>2026-08-14T04:43:33.861299+00:00</begin>
                  <end>2026-08-14T04:43:34.861299+00:00</end>
                </TimeSpan>
                <Point>
                  <coordinates>-80.5770457,37.19654400000001,0</coordinates>
                </Point>
              </Placemark>
              <Placemark>
                <name>Telemetry 53</name>
                <styleUrl>#modifiedtelemetry</styleUrl>
                <TimeSpan>
                  <begin>2026-08-14T04:43:34.861299+00:00</begin>
                  <end>2026-08-14T04:43:35.861299+00:00</end>
                </TimeSpan>
                <Point>
                  <coordinates>-80.5768834,37.19654500000001,0</coordinates>
                </Point>
              </Placemark>
              <Placemark>
                <name>Telemetry 54</name>
                <styleUrl>#modifiedtelemetry</styleUrl>
                <TimeSpan>
                  <begin>2026-08-14T04:43:35.861299+00:00</begin>
                  <end>2026-08-14T04:43:36.861299+00:00</end>
                </TimeSpan>
                <Point>
                  <coordinates>-80.5767869,37.1964831,0</coordinates>
                </Point>
              </Placemark>
              <Placemark>
                <name>Telemetry 55</name>
                <styleUrl>#modifiedtelemetry</styleUrl>
                <TimeSpan>
                  <begin>2026-08-14T04:43:36.861299+00:00</begin>
                  <end>2026-08-14T04:43:37.861299+00:00</end>
                </TimeSpan>
                <Point>
                  <coordinates>-80.5767547,37.1964083,0</coordinates>
                </Point>
              </Placemark>
              <Placemark>
                <name>Telemetry 56</name>
                <styleUrl>#modifiedtelemetry</styleUrl>
                <TimeSpan>
                  <begin>2026-08-14T04:43:37.861299+00:00</begin>
                  <end>2026-08-14T04:43:38.861299+00:00</end>
                </TimeSpan>
                <Point>
                  <coordinates>-80.5767587,37.1963228,0</coordinates>
                </Point>
              </Placemark>
              <Placemark>
                <name>Telemetry 57</name>
                <styleUrl>#modifiedtelemetry</styleUrl>
                <TimeSpan>
                  <begin>2026-08-14T04:43:38.861299+00:00</begin>
                  <end>2026-08-14T04:43:39.861299+00:00</end>
                </TimeSpan>
                <Point>
                  <coordinates>-80.5767587,37.1961893,0</coordinates>
                </Point>
              </Placemark>
              <Placemark>
                <name>Telemetry 58</name>
                <styleUrl>#modifiedtelemetry</styleUrl>
                <TimeSpan>
                  <begin>2026-08-14T04:43:39.861299+00:00</begin>
                  <end>2026-08-14T04:43:40.861299+00:00</end>
                </TimeSpan>
                <Point>
                  <coordinates>-80.5766836,37.1961348,0</coordinates>
                </Point>
              </Placemark>
              <Placemark>
                <name>Telemetry 59</name>
                <styleUrl>#modifiedtelemetry</styleUrl>
                <TimeSpan>
                  <begin>2026-08-14T04:43:40.861299+00:00</begin>
                  <end>2026-08-14T04:43:41.861299+00:00</end>
                </TimeSpan>
                <Point>
                  <coordinates>-80.5766836,37.1960205,0</coordinates>
                </Point>
              </Placemark>
              <Placemark>
                <name>Telemetry 60</name>
                <styleUrl>#modifiedtelemetry</styleUrl>
                <TimeSpan>
                  <begin>2026-08-14T04:43:41.861299+00:00</begin>
                  <end>2026-08-14T04:43:42.861299+00:00</end>
                </TimeSpan>
                <Point>
                  <coordinates>-80.5767896,37.1960077,0</coordinates>
                </Point>
              </Placemark>
              <Placemark>
                <name>Telemetry 61</name>
                <styleUrl>#modifiedtelemetry</styleUrl>
                <TimeSpan>
                  <begin>2026-08-14T04:43:42.861299+00:00</begin>
                  <end>2026-08-14T04:43:43.861299+00:00</end>
                </TimeSpan>
                <Point>
                  <coordinates>-80.5769277,37.1959671,0</coordinates>
                </Point>
              </Placemark>
              <Placemark>
                <name>Telemetry 62</name>
                <styleUrl>#modifiedtelemetry</styleUrl>
                <TimeSpan>
                  <begin>2026-08-14T04:43:43.861299+00:00</begin>
                  <end>2026-08-14T04:43:44.861299+00:00</end>
                </TimeSpan>
                <Point>
                  <coordinates>-80.5770806,37.1959051,0</coordinates>
                </Point>
              </Placemark>
              <Placemark>
                <name>Telemetry 63</name>
                <styleUrl>#modifiedtelemetry</styleUrl>
                <TimeSpan>
                  <begin>2026-08-14T04:43:44.861299+00:00</begin>
                  <end>2026-08-14T04:43:45.861299+00:00</end>
                </TimeSpan>
                <Point>
                  <coordinates>-80.5771999,37.195896600000005,0</coordinates>
                </Point>
              </Placemark>
            </Folder>
          </Folder>
        </Folder>
        <Folder>
          <name>Service Provider polling</name>
        </Folder>
        <Folder>
          <name>Service Provider polling</name>
        </Folder>
        <Folder>
          <name>Service Provider polling</name>
        </Folder>
        <Folder>
          <name>Service Provider polling</name>
        </Folder>
        <Folder>
          <name>Service Provider polling</name>
        </Folder>
        <Folder>
          <name>Verify operator notification</name>
        </Folder>
        <Folder>
          <name>Intermediate cleanup</name>
        </Folder>
        <Folder>
          <name>Retrieve pre-existing operator notification</name>
        </Folder>
        <Folder>
          <name>Injection</name>
          <Folder>
            <name>E64: uss1 interuss.automated_testing.rid.v1.injection.createTest</name>
            <Folder>
              <name>Test flight 51af2602-9a35-49ad-aa09-60106de6d210</name>
              <Placemark>
                <name>Telemetry 0</name>
                <styleUrl>#modifiedtelemetry</styleUrl>
                <TimeSpan>
                  <begin>2026-08-14T04:42:52.445747+00:00</begin>
                  <end>2026-08-14T04:42:53.445747+00:00</end>
                </TimeSpan>
                <Point>
                  <coordinates>-80.57798081614081,37.197059404721635,0</coordinates>
                </Point>
              </Placemark>
              <Placemark>
                <name>Telemetry 1</name>
                <styleUrl>#modifiedtelemetry</styleUrl>
                <TimeSpan>
                  <begin>2026-08-14T04:42:53.445747+00:00</begin>
                  <end>2026-08-14T04:42:54.445747+00:00</end>
                </TimeSpan>
                <Point>
                  <coordinates>-80.57798798375362,37.197016214133484,0</coordinates>
                </Point>
              </Placemark>
              <Placemark>
                <name>Telemetry 2</name>
                <styleUrl>#modifiedtelemetry</styleUrl>
                <TimeSpan>
                  <begin>2026-08-14T04:42:54.445747+00:00</begin>
                  <end>2026-08-14T04:42:55.445747+00:00</end>
                </TimeSpan>
                <Point>
                  <coordinates>-80.57800212690604,37.196972734164305,0</coordinates>
                </Point>
              </Placemark>
              <Placemark>
                <name>Telemetry 3</name>
                <styleUrl>#modifiedtelemetry</styleUrl>
                <TimeSpan>
                  <begin>2026-08-14T04:42:55.445747+00:00</begin>
                  <end>2026-08-14T04:42:56.445747+00:00</end>
                </TimeSpan>
                <Point>
                  <coordinates>-80.57802342452034,37.196931703788785,0</coordinates>
                </Point>
              </Placemark>
              <Placemark>
                <name>Telemetry 4</name>
                <styleUrl>#modifiedtelemetry</styleUrl>
                <TimeSpan>
                  <begin>2026-08-14T04:42:56.445747+00:00</begin>
                  <end>2026-08-14T04:42:57.445747+00:00</end>
                </TimeSpan>
                <Point>
                  <coordinates>-80.57805344862881,37.19689368575391,0</coordinates>
                </Point>
              </Placemark>
              <Placemark>
                <name>Telemetry 5</name>
                <styleUrl>#modifiedtelemetry</styleUrl>
                <TimeSpan>
                  <begin>2026-08-14T04:42:57.445747+00:00</begin>
                  <end>2026-08-14T04:42:58.445747+00:00</end>
                </TimeSpan>
                <Point>
                  <coordinates>-80.57808720822365,37.19685213076737,0</coordinates>
                </Point>
              </Placemark>
              <Placemark>
                <name>Telemetry 6</name>
                <styleUrl>#modifiedtelemetry</styleUrl>
                <TimeSpan>
                  <begin>2026-08-14T04:42:58.445747+00:00</begin>
                  <end>2026-08-14T04:42:59.445747+00:00</end>
                </TimeSpan>
                <Point>
                  <coordinates>-80.57811722777369,37.19680923519623,0</coordinates>
                </Point>
              </Placemark>
              <Placemark>
                <name>Telemetry 7</name>
                <styleUrl>#modifiedtelemetry</styleUrl>
                <TimeSpan>
                  <begin>2026-08-14T04:42:59.445747+00:00</begin>
                  <end>2026-08-14T04:43:00.445747+00:00</end>
                </TimeSpan>
                <Point>
                  <coordinates>-80.5781323958596,37.1967658046547,0</coordinates>
                </Point>
              </Placemark>
              <Placemark>
                <name>Telemetry 8</name>
                <styleUrl>#modifiedtelemetry</styleUrl>
                <TimeSpan>
                  <begin>2026-08-14T04:43:00.445747+00:00</begin>
                  <end>2026-08-14T04:43:01.445747+00:00</end>
                </TimeSpan>
                <Point>
                  <coordinates>-80.57814392771789,37.19670166260832,0</coordinates>
                </Point>
              </Placemark>
              <Placemark>
                <name>Telemetry 9</name>
                <styleUrl>#modifiedtelemetry</styleUrl>
                <TimeSpan>
                  <begin>2026-08-14T04:43:01.445747+00:00</begin>
                  <end>2026-08-14T04:43:02.445747+00:00</end>
                </TimeSpan>
                <Point>
                  <coordinates>-80.57812974002694,37.19663489860375,0</coordinates>
                </Point>
              </Placemark>
              <Placemark>
                <name>Telemetry 10</name>
                <styleUrl>#modifiedtelemetry</styleUrl>
                <TimeSpan>
                  <begin>2026-08-14T04:43:02.445747+00:00</begin>
                  <end>2026-08-14T04:43:03.445747+00:00</end>
                </TimeSpan>
                <Point>
                  <coordinates>-80.57808680009781,37.19657292090538,0</coordinates>
                </Point>
              </Placemark>
              <Placemark>
                <name>Telemetry 11</name>
                <styleUrl>#modifiedtelemetry</styleUrl>
                <TimeSpan>
                  <begin>2026-08-14T04:43:03.445747+00:00</begin>
                  <end>2026-08-14T04:43:04.445747+00:00</end>
                </TimeSpan>
                <Point>
                  <coordinates>-80.57801685035301,37.19652877181478,0</coordinates>
                </Point>
              </Placemark>
              <Placemark>
                <name>Telemetry 12</name>
                <styleUrl>#modifiedtelemetry</styleUrl>
                <TimeSpan>
                  <begin>2026-08-14T04:43:04.445747+00:00</begin>
                  <end>2026-08-14T04:43:05.445747+00:00</end>
                </TimeSpan>
                <Point>
                  <coordinates>-80.57795541973255,37.19650790849303,0</coordinates>
                </Point>
              </Placemark>
              <Placemark>
                <name>Telemetry 13</name>
                <styleUrl>#modifiedtelemetry</styleUrl>
                <TimeSpan>
                  <begin>2026-08-14T04:43:05.445747+00:00</begin>
                  <end>2026-08-14T04:43:06.445747+00:00</end>
                </TimeSpan>
                <Point>
                  <coordinates>-80.57779490248247,37.19643592110631,0</coordinates>
                </Point>
              </Placemark>
              <Placemark>
                <name>Telemetry 14</name>
                <styleUrl>#modifiedtelemetry</styleUrl>
                <TimeSpan>
                  <begin>2026-08-14T04:43:06.445747+00:00</begin>
                  <end>2026-08-14T04:43:07.445747+00:00</end>
                </TimeSpan>
                <Point>
                  <coordinates>-80.57771381708879,37.19639543761661,0</coordinates>
                </Point>
              </Placemark>
              <Placemark>
                <name>Telemetry 15</name>
                <styleUrl>#modifiedtelemetry</styleUrl>
                <TimeSpan>
                  <begin>2026-08-14T04:43:07.445747+00:00</begin>
                  <end>2026-08-14T04:43:08.445747+00:00</end>
                </TimeSpan>
                <Point>
                  <coordinates>-80.5776456115435,37.19635960981006,0</coordinates>
                </Point>
              </Placemark>
              <Placemark>
                <name>Telemetry 16</name>
                <styleUrl>#modifiedtelemetry</styleUrl>
                <TimeSpan>
                  <begin>2026-08-14T04:43:08.445747+00:00</begin>
                  <end>2026-08-14T04:43:09.445747+00:00</end>
                </TimeSpan>
                <Point>
                  <coordinates>-80.57757190904874,37.19632841915715,0</coordinates>
                </Point>
              </Placemark>
              <Placemark>
                <name>Telemetry 17</name>
                <styleUrl>#modifiedtelemetry</styleUrl>
                <TimeSpan>
                  <begin>2026-08-14T04:43:09.445747+00:00</begin>
                  <end>2026-08-14T04:43:10.445747+00:00</end>
                </TimeSpan>
                <Point>
                  <coordinates>-80.57751114071674,37.19631735230622,0</coordinates>
                </Point>
              </Placemark>
              <Placemark>
                <name>Telemetry 18</name>
                <styleUrl>#modifiedtelemetry</styleUrl>
                <TimeSpan>
                  <begin>2026-08-14T04:43:10.445747+00:00</begin>
                  <end>2026-08-14T04:43:11.445747+00:00</end>
                </TimeSpan>
                <Point>
                  <coordinates>-80.57742677046657,37.19631370494702,0</coordinates>
                </Point>
              </Placemark>
              <Placemark>
                <name>Telemetry 19</name>
                <styleUrl>#modifiedtelemetry</styleUrl>
                <TimeSpan>
                  <begin>2026-08-14T04:43:11.445747+00:00</begin>
                  <end>2026-08-14T04:43:12.445747+00:00</end>
                </TimeSpan>
                <Point>
                  <coordinates>-80.5773706,37.1963054,0</coordinates>
                </Point>
              </Placemark>
              <Placemark>
                <name>Telemetry 20</name>
                <styleUrl>#modifiedtelemetry</styleUrl>
                <TimeSpan>
                  <begin>2026-08-14T04:43:12.445747+00:00</begin>
                  <end>2026-08-14T04:43:13.445747+00:00</end>
                </TimeSpan>
                <Point>
                  <coordinates>-80.5771453,37.1963577,0</coordinates>
                </Point>
              </Placemark>
              <Placemark>
                <name>Telemetry 21</name>
                <styleUrl>#modifiedtelemetry</styleUrl>
                <TimeSpan>
                  <begin>2026-08-14T04:43:13.445747+00:00</begin>
                  <end>2026-08-14T04:43:14.445747+00:00</end>
                </TimeSpan>
                <Point>
                  <coordinates>-80.5771265,37.1965735,0</coordinates>
                </Point>
              </Placemark>
              <Placemark>
                <name>Telemetry 22</name>
                <styleUrl>#modifiedtelemetry</styleUrl>
                <TimeSpan>
                  <begin>2026-08-14T04:43:14.445747+00:00</begin>
                  <end>2026-08-14T04:43:15.445747+00:00</end>
                </TimeSpan>
                <Point>
                  <coordinates>-80.57744590087025,37.19665029738701,0</coordinates>
                </Point>
              </Placemark>
              <Placemark>
                <name>Telemetry 23</name>
                <styleUrl>#modifiedtelemetry</styleUrl>
                <TimeSpan>
                  <begin>2026-08-14T04:43:15.445747+00:00</begin>
                  <end>2026-08-14T04:43:16.445747+00:00</end>
                </TimeSpan>
                <Point>
                  <coordinates>-80.5776442,37.1966013,0</coordinates>
                </Point>
              </Placemark>
              <Placemark>
                <name>Telemetry 24</name>
                <styleUrl>#modifiedtelemetry</styleUrl>
                <TimeSpan>
                  <begin>2026-08-14T04:43:16.445747+00:00</begin>
                  <end>2026-08-14T04:43:17.445747+00:00</end>
                </TimeSpan>
                <Point>
                  <coordinates>-80.57776806176655,37.1964375298218,0</coordinates>
                </Point>
              </Placemark>
              <Placemark>
                <name>Telemetry 25</name>
                <styleUrl>#modifiedtelemetry</styleUrl>
                <TimeSpan>
                  <begin>2026-08-14T04:43:17.445747+00:00</begin>
                  <end>2026-08-14T04:43:18.445747+00:00</end>
                </TimeSpan>
                <Point>
                  <coordinates>-80.57784172323511,37.1962376762061,0</coordinates>
                </Point>
              </Placemark>
              <Placemark>
                <name>Telemetry 26</name>
                <styleUrl>#modifiedtelemetry</styleUrl>
                <TimeSpan>
                  <begin>2026-08-14T04:43:18.445747+00:00</begin>
                  <end>2026-08-14T04:43:19.445747+00:00</end>
                </TimeSpan>
                <Point>
                  <coordinates>-80.5777311,37.1960563,0</coordinates>
                </Point>
              </Placemark>
              <Placemark>
                <name>Telemetry 27</name>
                <styleUrl>#modifiedtelemetry</styleUrl>
                <TimeSpan>
                  <begin>2026-08-14T04:43:19.445747+00:00</begin>
                  <end>2026-08-14T04:43:20.445747+00:00</end>
                </TimeSpan>
                <Point>
                  <coordinates>-80.57739321491916,37.19605837098315,0</coordinates>
                </Point>
              </Placemark>
              <Placemark>
                <name>Telemetry 28</name>
                <styleUrl>#modifiedtelemetry</styleUrl>
                <TimeSpan>
                  <begin>2026-08-14T04:43:20.445747+00:00</begin>
                  <end>2026-08-14T04:43:21.445747+00:00</end>
                </TimeSpan>
                <Point>
                  <coordinates>-80.5771357,37.1961151,0</coordinates>
                </Point>
              </Placemark>
              <Placemark>
                <name>Telemetry 29</name>
                <styleUrl>#modifiedtelemetry</styleUrl>
                <TimeSpan>
                  <begin>2026-08-14T04:43:21.445747+00:00</begin>
                  <end>2026-08-14T04:43:22.445747+00:00</end>
                </TimeSpan>
                <Point>
                  <coordinates>-80.5769627,37.1962283,0</coordinates>
                </Point>
              </Placemark>
              <Placemark>
                <name>Telemetry 30</name>
                <styleUrl>#modifiedtelemetry</styleUrl>
                <TimeSpan>
                  <begin>2026-08-14T04:43:22.445747+00:00</begin>
                  <end>2026-08-14T04:43:23.445747+00:00</end>
                </TimeSpan>
                <Point>
                  <coordinates>-80.5769184,37.1963885,0</coordinates>
                </Point>
              </Placemark>
              <Placemark>
                <name>Telemetry 31</name>
                <styleUrl>#modifiedtelemetry</styleUrl>
                <TimeSpan>
                  <begin>2026-08-14T04:43:23.445747+00:00</begin>
                  <end>2026-08-14T04:43:24.445747+00:00</end>
                </TimeSpan>
                <Point>
                  <coordinates>-80.5767347,37.1964356,0</coordinates>
                </Point>
              </Placemark>
              <Placemark>
                <name>Telemetry 32</name>
                <styleUrl>#modifiedtelemetry</styleUrl>
                <TimeSpan>
                  <begin>2026-08-14T04:43:24.445747+00:00</begin>
                  <end>2026-08-14T04:43:25.445747+00:00</end>
                </TimeSpan>
                <Point>
                  <coordinates>-80.5766366,37.1963538,0</coordinates>
                </Point>
              </Placemark>
              <Placemark>
                <name>Telemetry 33</name>
                <styleUrl>#modifiedtelemetry</styleUrl>
                <TimeSpan>
                  <begin>2026-08-14T04:43:25.445747+00:00</begin>
                  <end>2026-08-14T04:43:26.445747+00:00</end>
                </TimeSpan>
                <Point>
                  <coordinates>-80.5766634,37.1962096,0</coordinates>
                </Point>
              </Placemark>
              <Placemark>
                <name>Telemetry 34</name>
                <styleUrl>#modifiedtelemetry</styleUrl>
                <TimeSpan>
                  <begin>2026-08-14T04:43:26.445747+00:00</begin>
                  <end>2026-08-14T04:43:27.445747+00:00</end>
                </TimeSpan>
                <Point>
                  <coordinates>-80.5767707,37.1961284,0</coordinates>
                </Point>
              </Placemark>
              <Placemark>
                <name>Telemetry 35</name>
                <styleUrl>#modifiedtelemetry</styleUrl>
                <TimeSpan>
                  <begin>2026-08-14T04:43:27.445747+00:00</begin>
                  <end>2026-08-14T04:43:28.445747+00:00</end>
                </TimeSpan>
                <Point>
                  <coordinates>-80.5768887,37.1960493,0</coordinates>
                </Point>
              </Placemark>
              <Placemark>
                <name>Telemetry 36</name>
                <styleUrl>#modifiedtelemetry</styleUrl>
                <TimeSpan>
                  <begin>2026-08-14T04:43:28.445747+00:00</begin>
                  <end>2026-08-14T04:43:29.445747+00:00</end>
                </TimeSpan>
                <Point>
                  <coordinates>-80.5770684,37.1959745,0</coordinates>
                </Point>
              </Placemark>
              <Placemark>
                <name>Telemetry 37</name>
                <styleUrl>#modifiedtelemetry</styleUrl>
                <TimeSpan>
                  <begin>2026-08-14T04:43:29.445747+00:00</begin>
                  <end>2026-08-14T04:43:30.445747+00:00</end>
                </TimeSpan>
                <Point>
                  <coordinates>-80.5771757,37.19596070000001,0</coordinates>
                </Point>
              </Placemark>
              <Placemark>
                <name>Telemetry 38</name>
                <styleUrl>#modifiedtelemetry</styleUrl>
                <TimeSpan>
                  <begin>2026-08-14T04:43:30.445747+00:00</begin>
                  <end>2026-08-14T04:43:31.445747+00:00</end>
                </TimeSpan>
                <Point>
                  <coordinates>-80.5772937,37.19598200000001,0</coordinates>
                </Point>
              </Placemark>
              <Placemark>
                <name>Telemetry 39</name>
                <styleUrl>#modifiedtelemetry</styleUrl>
                <TimeSpan>
                  <begin>2026-08-14T04:43:31.445747+00:00</begin>
                  <end>2026-08-14T04:43:32.445747+00:00</end>
                </TimeSpan>
                <Point>
                  <coordinates>-80.5773326,37.1960942,0</coordinates>
                </Point>
              </Placemark>
              <Placemark>
                <name>Telemetry 40</name>
                <styleUrl>#modifiedtelemetry</styleUrl>
                <TimeSpan>
                  <begin>2026-08-14T04:43:32.445747+00:00</begin>
                  <end>2026-08-14T04:43:33.445747+00:00</end>
                </TimeSpan>
                <Point>
                  <coordinates>-80.577283,37.19619780000001,0</coordinates>
                </Point>
              </Placemark>
              <Placemark>
                <name>Telemetry 41</name>
                <styleUrl>#modifiedtelemetry</styleUrl>
                <TimeSpan>
                  <begin>2026-08-14T04:43:33.445747+00:00</begin>
                  <end>2026-08-14T04:43:34.445747+00:00</end>
                </TimeSpan>
                <Point>
                  <coordinates>-80.5772602,37.1963495,0</coordinates>
                </Point>
              </Placemark>
              <Placemark>
                <name>Telemetry 42</name>
                <styleUrl>#modifiedtelemetry</styleUrl>
                <TimeSpan>
                  <begin>2026-08-14T04:43:34.445747+00:00</begin>
                  <end>2026-08-14T04:43:35.445747+00:00</end>
                </TimeSpan>
                <Point>
                  <coordinates>-80.5772817,37.1964692,0</coordinates>
                </Point>
              </Placemark>
              <Placemark>
                <name>Telemetry 43</name>
                <styleUrl>#modifiedtelemetry</styleUrl>
                <TimeSpan>
                  <begin>2026-08-14T04:43:35.445747+00:00</begin>
                  <end>2026-08-14T04:43:36.445747+00:00</end>
                </TimeSpan>
                <Point>
                  <coordinates>-80.5773863,37.1965546,0</coordinates>
                </Point>
              </Placemark>
              <Placemark>
                <name>Telemetry 44</name>
                <styleUrl>#modifiedtelemetry</styleUrl>
                <TimeSpan>
                  <begin>2026-08-14T04:43:36.445747+00:00</begin>
                  <end>2026-08-14T04:43:37.445747+00:00</end>
                </TimeSpan>
                <Point>
                  <coordinates>-80.5775406,37.1965589,0</coordinates>
                </Point>
              </Placemark>
              <Placemark>
                <name>Telemetry 45</name>
                <styleUrl>#modifiedtelemetry</styleUrl>
                <TimeSpan>
                  <begin>2026-08-14T04:43:37.445747+00:00</begin>
                  <end>2026-08-14T04:43:38.445747+00:00</end>
                </TimeSpan>
                <Point>
                  <coordinates>-80.57763850000002,37.1965782,0</coordinates>
                </Point>
              </Placemark>
              <Placemark>
                <name>Telemetry 46</name>
                <styleUrl>#modifiedtelemetry</styleUrl>
                <TimeSpan>
                  <begin>2026-08-14T04:43:38.445747+00:00</begin>
                  <end>2026-08-14T04:43:39.445747+00:00</end>
                </TimeSpan>
                <Point>
                  <coordinates>-80.57763850000002,37.1966679,0</coordinates>
                </Point>
              </Placemark>
              <Placemark>
                <name>Telemetry 47</name>
                <styleUrl>#modifiedtelemetry</styleUrl>
                <TimeSpan>
                  <begin>2026-08-14T04:43:39.445747+00:00</begin>
                  <end>2026-08-14T04:43:40.445747+00:00</end>
                </TimeSpan>
                <Point>
                  <coordinates>-80.5775473,37.1967074,0</coordinates>
                </Point>
              </Placemark>
              <Placemark>
                <name>Telemetry 48</name>
                <styleUrl>#modifiedtelemetry</styleUrl>
                <TimeSpan>
                  <begin>2026-08-14T04:43:40.445747+00:00</begin>
                  <end>2026-08-14T04:43:41.445747+00:00</end>
                </TimeSpan>
                <Point>
                  <coordinates>-80.5773823,37.1966967,0</coordinates>
                </Point>
              </Placemark>
              <Placemark>
                <name>Telemetry 49</name>
                <styleUrl>#modifiedtelemetry</styleUrl>
                <TimeSpan>
                  <begin>2026-08-14T04:43:41.445747+00:00</begin>
                  <end>2026-08-14T04:43:42.445747+00:00</end>
                </TimeSpan>
                <Point>
                  <coordinates>-80.5773421,37.1966241,0</coordinates>
                </Point>
              </Placemark>
              <Placemark>
                <name>Telemetry 50</name>
                <styleUrl>#modifiedtelemetry</styleUrl>
                <TimeSpan>
                  <begin>2026-08-14T04:43:42.445747+00:00</begin>
                  <end>2026-08-14T04:43:43.445747+00:00</end>
                </TimeSpan>
                <Point>
                  <coordinates>-80.5773005,37.196528,0</coordinates>
                </Point>
              </Placemark>
              <Placemark>
                <name>Telemetry 51</name>
                <styleUrl>#modifiedtelemetry</styleUrl>
                <TimeSpan>
                  <begin>2026-08-14T04:43:43.445747+00:00</begin>
                  <end>2026-08-14T04:43:44.445747+00:00</end>
                </TimeSpan>
                <Point>
                  <coordinates>-80.5771557,37.1965055,0</coordinates>
                </Point>
              </Placemark>
              <Placemark>
                <name>Telemetry 52</name>
                <styleUrl>#modifiedtelemetry</styleUrl>
                <TimeSpan>
                  <begin>2026-08-14T04:43:44.445747+00:00</begin>
                  <end>2026-08-14T04:43:45.445747+00:00</end>
                </TimeSpan>
                <Point>
                  <coordinates>-80.5770457,37.19654400000001,0</coordinates>
                </Point>
              </Placemark>
              <Placemark>
                <name>Telemetry 53</name>
                <styleUrl>#modifiedtelemetry</styleUrl>
                <TimeSpan>
                  <begin>2026-08-14T04:43:45.445747+00:00</begin>
                  <end>2026-08-14T04:43:46.445747+00:00</end>
                </TimeSpan>
                <Point>
                  <coordinates>-80.5768834,37.19654500000001,0</coordinates>
                </Point>
              </Placemark>
              <Placemark>
                <name>Telemetry 54</name>
                <styleUrl>#modifiedtelemetry</styleUrl>
                <TimeSpan>
                  <begin>2026-08-14T04:43:46.445747+00:00</begin>
                  <end>2026-08-14T04:43:47.445747+00:00</end>
                </TimeSpan>
                <Point>
                  <coordinates>-80.5767869,37.1964831,0</coordinates>
                </Point>
              </Placemark>
              <Placemark>
                <name>Telemetry 55</name>
                <styleUrl>#modifiedtelemetry</styleUrl>
                <TimeSpan>
                  <begin>2026-08-14T04:43:47.445747+00:00</begin>
                  <end>2026-08-14T04:43:48.445747+00:00</end>
                </TimeSpan>
                <Point>
                  <coordinates>-80.5767547,37.1964083,0</coordinates>
                </Point>
              </Placemark>
              <Placemark>
                <name>Telemetry 56</name>
                <styleUrl>#modifiedtelemetry</styleUrl>
                <TimeSpan>
                  <begin>2026-08-14T04:43:48.445747+00:00</begin>
                  <end>2026-08-14T04:43:49.445747+00:00</end>
                </TimeSpan>
                <Point>
                  <coordinates>-80.5767587,37.1963228,0</coordinates>
                </Point>
              </Placemark>
              <Placemark>
                <name>Telemetry 57</name>
                <styleUrl>#modifiedtelemetry</styleUrl>
                <TimeSpan>
                  <begin>2026-08-14T04:43:49.445747+00:00</begin>
                  <end>2026-08-14T04:43:50.445747+00:00</end>
                </TimeSpan>
                <Point>
                  <coordinates>-80.5767587,37.1961893,0</coordinates>
                </Point>
              </Placemark>
              <Placemark>
                <name>Telemetry 58</name>
                <styleUrl>#modifiedtelemetry</styleUrl>
                <TimeSpan>
                  <begin>2026-08-14T04:43:50.445747+00:00</begin>
                  <end>2026-08-14T04:43:51.445747+00:00</end>
                </TimeSpan>
                <Point>
                  <coordinates>-80.5766836,37.1961348,0</coordinates>
                </Point>
              </Placemark>
              <Placemark>
                <name>Telemetry 59</name>
                <styleUrl>#modifiedtelemetry</styleUrl>
                <TimeSpan>
                  <begin>2026-08-14T04:43:51.445747+00:00</begin>
                  <end>2026-08-14T04:43:52.445747+00:00</end>
                </TimeSpan>
                <Point>
                  <coordinates>-80.5766836,37.1960205,0</coordinates>
                </Point>
              </Placemark>
              <Placemark>
                <name>Telemetry 60</name>
                <styleUrl>#modifiedtelemetry</styleUrl>
                <TimeSpan>
                  <begin>2026-08-14T04:43:52.445747+00:00</begin>
                  <end>2026-08-14T04:43:53.445747+00:00</end>
                </TimeSpan>
                <Point>
                  <coordinates>-80.5767896,37.1960077,0</coordinates>
                </Point>
              </Placemark>
              <Placemark>
                <name>Telemetry 61</name>
                <styleUrl>#modifiedtelemetry</styleUrl>
                <TimeSpan>
                  <begin>2026-08-14T04:43:53.445747+00:00</begin>
                  <end>2026-08-14T04:43:54.445747+00:00</end>
                </TimeSpan>
                <Point>
                  <coordinates>-80.5769277,37.1959671,0</coordinates>
                </Point>
              </Placemark>
              <Placemark>
                <name>Telemetry 62</name>
                <styleUrl>#modifiedtelemetry</styleUrl>
                <TimeSpan>
                  <begin>2026-08-14T04:43:54.445747+00:00</begin>
                  <end>2026-08-14T04:43:55.445747+00:00</end>
                </TimeSpan>
                <Point>
                  <coordinates>-80.5770806,37.1959051,0</coordinates>
                </Point>
              </Placemark>
              <Placemark>
                <name>Telemetry 63</name>
                <styleUrl>#modifiedtelemetry</styleUrl>
                <TimeSpan>
                  <begin>2026-08-14T04:43:55.445747+00:00</begin>
                  <end>2026-08-14T04:43:56.445747+00:00</end>
                </TimeSpan>
                <Point>
                  <coordinates>-80.5771999,37.195896600000005,0</coordinates>
                </Point>
              </Placemark>
            </Folder>
          </Folder>
        </Folder>
        <Folder>
          <name>Service Provider polling</name>
        </Folder>
        <Folder>
          <name>Service Provider polling</name>
        </Folder>
        <Folder>
          <name>Service Provider polling</name>
        </Folder>
        <Folder>
          <name>Service Provider polling</name>
        </Folder>
        <Folder>
          <name>Service Provider polling</name>
        </Folder>
        <Folder>
          <name>Verify operator notification</name>
        </Folder>
        <Folder>
          <name>Intermediate cleanup</name>
        </Folder>
        <Folder>
          <name>Retrieve pre-existing operator notification</name>
        </Folder>
        <Folder>
          <name>Injection</name>
          <Folder>
            <name>E84: uss1 interuss.automated_testing.rid.v1.injection.createTest</name>
            <Folder>
              <name>Test flight ded8bf46-4552-47d2-88d0-577aa3233087</name>
              <Placemark>
                <name>Telemetry 0</name>
                <styleUrl>#modifiedtelemetry</styleUrl>
                <TimeSpan>
                  <begin>2026-08-14T04:43:03.091667+00:00</begin>
                  <end>2026-08-14T04:43:04.091667+00:00</end>
                </TimeSpan>
                <Point>
                  <coordinates>-80.57798081614081,37.197059404721635,0</coordinates>
                </Point>
              </Placemark>
              <Placemark>
                <name>Telemetry 1</name>
                <styleUrl>#modifiedtelemetry</styleUrl>
                <TimeSpan>
                  <begin>2026-08-14T04:43:04.091667+00:00</begin>
                  <end>2026-08-14T04:43:05.091667+00:00</end>
                </TimeSpan>
                <Point>
                  <coordinates>-80.57798798375362,37.197016214133484,0</coordinates>
                </Point>
              </Placemark>
              <Placemark>
                <name>Telemetry 2</name>
                <styleUrl>#modifiedtelemetry</styleUrl>
                <TimeSpan>
                  <begin>2026-08-14T04:43:05.091667+00:00</begin>
                  <end>2026-08-14T04:43:06.091667+00:00</end>
                </TimeSpan>
                <Point>
                  <coordinates>-80.57800212690604,37.196972734164305,0</coordinates>
                </Point>
              </Placemark>
              <Placemark>
                <name>Telemetry 3</name>
                <styleUrl>#modifiedtelemetry</styleUrl>
                <TimeSpan>
                  <begin>2026-08-14T04:43:06.091667+00:00</begin>
                  <end>2026-08-14T04:43:07.091667+00:00</end>
                </TimeSpan>
                <Point>
                  <coordinates>-80.57802342452034,37.196931703788785,0</coordinates>
                </Point>
              </Placemark>
              <Placemark>
                <name>Telemetry 4</name>
                <styleUrl>#modifiedtelemetry</styleUrl>
                <TimeSpan>
                  <begin>2026-08-14T04:43:07.091667+00:00</begin>
                  <end>2026-08-14T04:43:08.091667+00:00</end>
                </TimeSpan>
                <Point>
                  <coordinates>-80.57805344862881,37.19689368575391,0</coordinates>
                </Point>
              </Placemark>
              <Placemark>
                <name>Telemetry 5</name>
                <styleUrl>#modifiedtelemetry</styleUrl>
                <TimeSpan>
                  <begin>2026-08-14T04:43:08.091667+00:00</begin>
                  <end>2026-08-14T04:43:09.091667+00:00</end>
                </TimeSpan>
                <Point>
                  <coordinates>-80.57808720822365,37.19685213076737,0</coordinates>
                </Point>
              </Placemark>
              <Placemark>
                <name>Telemetry 6</name>
                <styleUrl>#modifiedtelemetry</styleUrl>
                <TimeSpan>
                  <begin>2026-08-14T04:43:09.091667+00:00</begin>
                  <end>2026-08-14T04:43:10.091667+00:00</end>
                </TimeSpan>
                <Point>
                  <coordinates>-80.57811722777369,37.19680923519623,0</coordinates>
                </Point>
              </Placemark>
              <Placemark>
                <name>Telemetry 7</name>
                <styleUrl>#modifiedtelemetry</styleUrl>
                <TimeSpan>
                  <begin>2026-08-14T04:43:10.091667+00:00</begin>
                  <end>2026-08-14T04:43:11.091667+00:00</end>
                </TimeSpan>
                <Point>
                  <coordinates>-80.5781323958596,37.1967658046547,0</coordinates>
                </Point>
              </Placemark>
              <Placemark>
                <name>Telemetry 8</name>
                <styleUrl>#modifiedtelemetry</styleUrl>
                <TimeSpan>
                  <begin>2026-08-14T04:43:11.091667+00:00</begin>
                  <end>2026-08-14T04:43:12.091667+00:00</end>
                </TimeSpan>
                <Point>
                  <coordinates>-80.57814392771789,37.19670166260832,0</coordinates>
                </Point>
              </Placemark>
              <Placemark>
                <name>Telemetry 9</name>
                <styleUrl>#modifiedtelemetry</styleUrl>
                <TimeSpan>
                  <begin>2026-08-14T04:43:12.091667+00:00</begin>
                  <end>2026-08-14T04:43:13.091667+00:00</end>
                </TimeSpan>
                <Point>
                  <coordinates>-80.57812974002694,37.19663489860375,0</coordinates>
                </Point>
              </Placemark>
              <Placemark>
                <name>Telemetry 10</name>
                <styleUrl>#modifiedtelemetry</styleUrl>
                <TimeSpan>
                  <begin>2026-08-14T04:43:13.091667+00:00</begin>
                  <end>2026-08-14T04:43:14.091667+00:00</end>
                </TimeSpan>
                <Point>
                  <coordinates>-80.57808680009781,37.19657292090538,0</coordinates>
                </Point>
              </Placemark>
              <Placemark>
                <name>Telemetry 11</name>
                <styleUrl>#modifiedtelemetry</styleUrl>
                <TimeSpan>
                  <begin>2026-08-14T04:43:14.091667+00:00</begin>
                  <end>2026-08-14T04:43:15.091667+00:00</end>
                </TimeSpan>
                <Point>
                  <coordinates>-80.57801685035301,37.19652877181478,0</coordinates>
                </Point>
              </Placemark>
              <Placemark>
                <name>Telemetry 12</name>
                <styleUrl>#modifiedtelemetry</styleUrl>
                <TimeSpan>
                  <begin>2026-08-14T04:43:15.091667+00:00</begin>
                  <end>2026-08-14T04:43:16.091667+00:00</end>
                </TimeSpan>
                <Point>
                  <coordinates>-80.57795541973255,37.19650790849303,0</coordinates>
                </Point>
              </Placemark>
              <Placemark>
                <name>Telemetry 13</name>
                <styleUrl>#modifiedtelemetry</styleUrl>
                <TimeSpan>
                  <begin>2026-08-14T04:43:16.091667+00:00</begin>
                  <end>2026-08-14T04:43:17.091667+00:00</end>
                </TimeSpan>
                <Point>
                  <coordinates>-80.57779490248247,37.19643592110631,0</coordinates>
                </Point>
              </Placemark>
              <Placemark>
                <name>Telemetry 14</name>
                <styleUrl>#modifiedtelemetry</styleUrl>
                <TimeSpan>
                  <begin>2026-08-14T04:43:17.091667+00:00</begin>
                  <end>2026-08-14T04:43:18.091667+00:00</end>
                </TimeSpan>
                <Point>
                  <coordinates>-80.57771381708879,37.19639543761661,0</coordinates>
                </Point>
              </Placemark>
              <Placemark>
                <name>Telemetry 15</name>
                <styleUrl>#modifiedtelemetry</styleUrl>
                <TimeSpan>
                  <begin>2026-08-14T04:43:18.091667+00:00</begin>
                  <end>2026-08-14T04:43:19.091667+00:00</end>
                </TimeSpan>
                <Point>
                  <coordinates>-80.5776456115435,37.19635960981006,0</coordinates>
                </Point>
              </Placemark>
              <Placemark>
                <name>Telemetry 16</name>
                <styleUrl>#modifiedtelemetry</styleUrl>
                <TimeSpan>
                  <begin>2026-08-14T04:43:19.091667+00:00</begin>
                  <end>2026-08-14T04:43:20.091667+00:00</end>
                </TimeSpan>
                <Point>
                  <coordinates>-80.57757190904874,37.19632841915715,0</coordinates>
                </Point>
              </Placemark>
              <Placemark>
                <name>Telemetry 17</name>
                <styleUrl>#modifiedtelemetry</styleUrl>
                <TimeSpan>
                  <begin>2026-08-14T04:43:20.091667+00:00</begin>
                  <end>2026-08-14T04:43:21.091667+00:00</end>
                </TimeSpan>
                <Point>
                  <coordinates>-80.57751114071674,37.19631735230622,0</coordinates>
                </Point>
              </Placemark>
              <Placemark>
                <name>Telemetry 18</name>
                <styleUrl>#modifiedtelemetry</styleUrl>
                <TimeSpan>
                  <begin>2026-08-14T04:43:21.091667+00:00</begin>
                  <end>2026-08-14T04:43:22.091667+00:00</end>
                </TimeSpan>
                <Point>
                  <coordinates>-80.57742677046657,37.19631370494702,0</coordinates>
                </Point>
              </Placemark>
              <Placemark>
                <name>Telemetry 19</name>
                <styleUrl>#modifiedtelemetry</styleUrl>
                <TimeSpan>
                  <begin>2026-08-14T04:43:22.091667+00:00</begin>
                  <end>2026-08-14T04:43:23.091667+00:00</end>
                </TimeSpan>
                <Point>
                  <coordinates>-80.5773706,37.1963054,0</coordinates>
                </Point>
              </Placemark>
              <Placemark>
                <name>Telemetry 20</name>
                <styleUrl>#modifiedtelemetry</styleUrl>
                <TimeSpan>
                  <begin>2026-08-14T04:43:23.091667+00:00</begin>
                  <end>2026-08-14T04:43:24.091667+00:00</end>
                </TimeSpan>
                <Point>
                  <coordinates>-80.5771453,37.1963577,0</coordinates>
                </Point>
              </Placemark>
              <Placemark>
                <name>Telemetry 21</name>
                <styleUrl>#modifiedtelemetry</styleUrl>
                <TimeSpan>
                  <begin>2026-08-14T04:43:24.091667+00:00</begin>
                  <end>2026-08-14T04:43:25.091667+00:00</end>
                </TimeSpan>
                <Point>
                  <coordinates>-80.5771265,37.1965735,0</coordinates>
                </Point>
              </Placemark>
              <Placemark>
                <name>Telemetry 22</name>
                <styleUrl>#modifiedtelemetry</styleUrl>
                <TimeSpan>
                  <begin>2026-08-14T04:43:25.091667+00:00</begin>
                  <end>2026-08-14T04:43:26.091667+00:00</end>
                </TimeSpan>
                <Point>
                  <coordinates>-80.57744590087025,37.19665029738701,0</coordinates>
                </Point>
              </Placemark>
              <Placemark>
                <name>Telemetry 23</name>
                <styleUrl>#modifiedtelemetry</styleUrl>
                <TimeSpan>
                  <begin>2026-08-14T04:43:26.091667+00:00</begin>
                  <end>2026-08-14T04:43:27.091667+00:00</end>
                </TimeSpan>
                <Point>
                  <coordinates>-80.5776442,37.1966013,0</coordinates>
                </Point>
              </Placemark>
              <Placemark>
                <name>Telemetry 24</name>
                <styleUrl>#modifiedtelemetry</styleUrl>
                <TimeSpan>
                  <begin>2026-08-14T04:43:27.091667+00:00</begin>
                  <end>2026-08-14T04:43:28.091667+00:00</end>
                </TimeSpan>
                <Point>
                  <coordinates>-80.57776806176655,37.1964375298218,0</coordinates>
                </Point>
              </Placemark>
              <Placemark>
                <name>Telemetry 25</name>
                <styleUrl>#modifiedtelemetry</styleUrl>
                <TimeSpan>
                  <begin>2026-08-14T04:43:28.091667+00:00</begin>
                  <end>2026-08-14T04:43:29.091667+00:00</end>
                </TimeSpan>
                <Point>
                  <coordinates>-80.57784172323511,37.1962376762061,0</coordinates>
                </Point>
              </Placemark>
              <Placemark>
                <name>Telemetry 26</name>
                <styleUrl>#modifiedtelemetry</styleUrl>
                <TimeSpan>
                  <begin>2026-08-14T04:43:29.091667+00:00</begin>
                  <end>2026-08-14T04:43:30.091667+00:00</end>
                </TimeSpan>
                <Point>
                  <coordinates>-80.5777311,37.1960563,0</coordinates>
                </Point>
              </Placemark>
              <Placemark>
                <name>Telemetry 27</name>
                <styleUrl>#modifiedtelemetry</styleUrl>
                <TimeSpan>
                  <begin>2026-08-14T04:43:30.091667+00:00</begin>
                  <end>2026-08-14T04:43:31.091667+00:00</end>
                </TimeSpan>
                <Point>
                  <coordinates>-80.57739321491916,37.19605837098315,0</coordinates>
                </Point>
              </Placemark>
              <Placemark>
                <name>Telemetry 28</name>
                <styleUrl>#modifiedtelemetry</styleUrl>
                <TimeSpan>
                  <begin>2026-08-14T04:43:31.091667+00:00</begin>
                  <end>2026-08-14T04:43:32.091667+00:00</end>
                </TimeSpan>
                <Point>
                  <coordinates>-80.5771357,37.1961151,0</coordinates>
                </Point>
              </Placemark>
              <Placemark>
                <name>Telemetry 29</name>
                <styleUrl>#modifiedtelemetry</styleUrl>
                <TimeSpan>
                  <begin>2026-08-14T04:43:32.091667+00:00</begin>
                  <end>2026-08-14T04:43:33.091667+00:00</end>
                </TimeSpan>
                <Point>
                  <coordinates>-80.5769627,37.1962283,0</coordinates>
                </Point>
              </Placemark>
              <Placemark>
                <name>Telemetry 30</name>
                <styleUrl>#modifiedtelemetry</styleUrl>
                <TimeSpan>
                  <begin>2026-08-14T04:43:33.091667+00:00</begin>
                  <end>2026-08-14T04:43:34.091667+00:00</end>
                </TimeSpan>
                <Point>
                  <coordinates>-80.5769184,37.1963885,0</coordinates>
                </Point>
              </Placemark>
              <Placemark>
                <name>Telemetry 31</name>
                <styleUrl>#modifiedtelemetry</styleUrl>
                <TimeSpan>
                  <begin>2026-08-14T04:43:34.091667+00:00</begin>
                  <end>2026-08-14T04:43:35.091667+00:00</end>
                </TimeSpan>
                <Point>
                  <coordinates>-80.5767347,37.1964356,0</coordinates>
                </Point>
              </Placemark>
              <Placemark>
                <name>Telemetry 32</name>
                <styleUrl>#modifiedtelemetry</styleUrl>
                <TimeSpan>
                  <begin>2026-08-14T04:43:35.091667+00:00</begin>
                  <end>2026-08-14T04:43:36.091667+00:00</end>
                </TimeSpan>
                <Point>
                  <coordinates>-80.5766366,37.1963538,0</coordinates>
                </Point>
              </Placemark>
              <Placemark>
                <name>Telemetry 33</name>
                <styleUrl>#modifiedtelemetry</styleUrl>
                <TimeSpan>
                  <begin>2026-08-14T04:43:36.091667+00:00</begin>
                  <end>2026-08-14T04:43:37.091667+00:00</end>
                </TimeSpan>
                <Point>
                  <coordinates>-80.5766634,37.1962096,0</coordinates>
                </Point>
              </Placemark>
              <Placemark>
                <name>Telemetry 34</name>
                <styleUrl>#modifiedtelemetry</styleUrl>
                <TimeSpan>
                  <begin>2026-08-14T04:43:37.091667+00:00</begin>
                  <end>2026-08-14T04:43:38.091667+00:00</end>
                </TimeSpan>
                <Point>
                  <coordinates>-80.5767707,37.1961284,0</coordinates>
                </Point>
              </Placemark>
              <Placemark>
                <name>Telemetry 35</name>
                <styleUrl>#modifiedtelemetry</styleUrl>
                <TimeSpan>
                  <begin>2026-08-14T04:43:38.091667+00:00</begin>
                  <end>2026-08-14T04:43:39.091667+00:00</end>
                </TimeSpan>
                <Point>
                  <coordinates>-80.5768887,37.1960493,0</coordinates>
                </Point>
              </Placemark>
              <Placemark>
                <name>Telemetry 36</name>
                <styleUrl>#modifiedtelemetry</styleUrl>
                <TimeSpan>
                  <begin>2026-08-14T04:43:39.091667+00:00</begin>
                  <end>2026-08-14T04:43:40.091667+00:00</end>
                </TimeSpan>
                <Point>
                  <coordinates>-80.5770684,37.1959745,0</coordinates>
                </Point>
              </Placemark>
              <Placemark>
                <name>Telemetry 37</name>
                <styleUrl>#modifiedtelemetry</styleUrl>
                <TimeSpan>
                  <begin>2026-08-14T04:43:40.091667+00:00</begin>
                  <end>2026-08-14T04:43:41.091667+00:00</end>
                </TimeSpan>
                <Point>
                  <coordinates>-80.5771757,37.19596070000001,0</coordinates>
                </Point>
              </Placemark>
              <Placemark>
                <name>Telemetry 38</name>
                <styleUrl>#modifiedtelemetry</styleUrl>
                <TimeSpan>
                  <begin>2026-08-14T04:43:41.091667+00:00</begin>
                  <end>2026-08-14T04:43:42.091667+00:00</end>
                </TimeSpan>
                <Point>
                  <coordinates>-80.5772937,37.19598200000001,0</coordinates>
                </Point>
              </Placemark>
              <Placemark>
                <name>Telemetry 39</name>
                <styleUrl>#modifiedtelemetry</styleUrl>
                <TimeSpan>
                  <begin>2026-08-14T04:43:42.091667+00:00</begin>
                  <end>2026-08-14T04:43:43.091667+00:00</end>
                </TimeSpan>
                <Point>
                  <coordinates>-80.5773326,37.1960942,0</coordinates>
                </Point>
              </Placemark>
              <Placemark>
                <name>Telemetry 40</name>
                <styleUrl>#modifiedtelemetry</styleUrl>
                <TimeSpan>
                  <begin>2026-08-14T04:43:43.091667+00:00</begin>
                  <end>2026-08-14T04:43:44.091667+00:00</end>
                </TimeSpan>
                <Point>
                  <coordinates>-80.577283,37.19619780000001,0</coordinates>
                </Point>
              </Placemark>
              <Placemark>
                <name>Telemetry 41</name>
                <styleUrl>#modifiedtelemetry</styleUrl>
                <TimeSpan>
                  <begin>2026-08-14T04:43:44.091667+00:00</begin>
                  <end>2026-08-14T04:43:45.091667+00:00</end>
                </TimeSpan>
                <Point>
                  <coordinates>-80.5772602,37.1963495,0</coordinates>
                </Point>
              </Placemark>
              <Placemark>
                <name>Telemetry 42</name>
                <styleUrl>#modifiedtelemetry</styleUrl>
                <TimeSpan>
                  <begin>2026-08-14T04:43:45.091667+00:00</begin>
                  <end>2026-08-14T04:43:46.091667+00:00</end>
                </TimeSpan>
                <Point>
                  <coordinates>-80.5772817,37.1964692,0</coordinates>
                </Point>
              </Placemark>
              <Placemark>
                <name>Telemetry 43</name>
                <styleUrl>#modifiedtelemetry</styleUrl>
                <TimeSpan>
                  <begin>2026-08-14T04:43:46.091667+00:00</begin>
                  <end>2026-08-14T04:43:47.091667+00:00</end>
                </TimeSpan>
                <Point>
                  <coordinates>-80.5773863,37.1965546,0</coordinates>
                </Point>
              </Placemark>
              <Placemark>
                <name>Telemetry 44</name>
                <styleUrl>#modifiedtelemetry</styleUrl>
                <TimeSpan>
                  <begin>2026-08-14T04:43:47.091667+00:00</begin>
                  <end>2026-08-14T04:43:48.091667+00:00</end>
                </TimeSpan>
                <Point>
                  <coordinates>-80.5775406,37.1965589,0</coordinates>
                </Point>
              </Placemark>
              <Placemark>
                <name>Telemetry 45</name>
                <styleUrl>#modifiedtelemetry</styleUrl>
                <TimeSpan>
                  <begin>2026-08-14T04:43:48.091667+00:00</begin>
                  <end>2026-08-14T04:43:49.091667+00:00</end>
                </TimeSpan>
                <Point>
                  <coordinates>-80.57763850000002,37.1965782,0</coordinates>
                </Point>
              </Placemark>
              <Placemark>
                <name>Telemetry 46</name>
                <styleUrl>#modifiedtelemetry</styleUrl>
                <TimeSpan>
                  <begin>2026-08-14T04:43:49.091667+00:00</begin>
                  <end>2026-08-14T04:43:50.091667+00:00</end>
                </TimeSpan>
                <Point>
                  <coordinates>-80.57763850000002,37.1966679,0</coordinates>
                </Point>
              </Placemark>
              <Placemark>
                <name>Telemetry 47</name>
                <styleUrl>#modifiedtelemetry</styleUrl>
                <TimeSpan>
                  <begin>2026-08-14T04:43:50.091667+00:00</begin>
                  <end>2026-08-14T04:43:51.091667+00:00</end>
                </TimeSpan>
                <Point>
                  <coordinates>-80.5775473,37.1967074,0</coordinates>
                </Point>
              </Placemark>
              <Placemark>
                <name>Telemetry 48</name>
                <styleUrl>#modifiedtelemetry</styleUrl>
                <TimeSpan>
                  <begin>2026-08-14T04:43:51.091667+00:00</begin>
                  <end>2026-08-14T04:43:52.091667+00:00</end>
                </TimeSpan>
                <Point>
                  <coordinates>-80.5773823,37.1966967,0</coordinates>
                </Point>
              </Placemark>
              <Placemark>
                <name>Telemetry 49</name>
                <styleUrl>#modifiedtelemetry</styleUrl>
                <TimeSpan>
                  <begin>2026-08-14T04:43:52.091667+00:00</begin>
                  <end>2026-08-14T04:43:53.091667+00:00</end>
                </TimeSpan>
                <Point>
                  <coordinates>-80.5773421,37.1966241,0</coordinates>
                </Point>
              </Placemark>
              <Placemark>
                <name>Telemetry 50</name>
                <styleUrl>#modifiedtelemetry</styleUrl>
                <TimeSpan>
                  <begin>2026-08-14T04:43:53.091667+00:00</begin>
                  <end>2026-08-14T04:43:54.091667+00:00</end>
                </TimeSpan>
                <Point>
                  <coordinates>-80.5773005,37.196528,0</coordinates>
                </Point>
              </Placemark>
              <Placemark>
                <name>Telemetry 51</name>
                <styleUrl>#modifiedtelemetry</styleUrl>
                <TimeSpan>
                  <begin>2026-08-14T04:43:54.091667+00:00</begin>
                  <end>2026-08-14T04:43:55.091667+00:00</end>
                </TimeSpan>
                <Point>
                  <coordinates>-80.5771557,37.1965055,0</coordinates>
                </Point>
              </Placemark>
              <Placemark>
                <name>Telemetry 52</name>
                <styleUrl>#modifiedtelemetry</styleUrl>
                <TimeSpan>
                  <begin>2026-08-14T04:43:55.091667+00:00</begin>
                  <end>2026-08-14T04:43:56.091667+00:00</end>
                </TimeSpan>
                <Point>
                  <coordinates>-80.5770457,37.19654400000001,0</coordinates>
                </Point>
              </Placemark>
              <Placemark>
                <name>Telemetry 53</name>
                <styleUrl>#modifiedtelemetry</styleUrl>
                <TimeSpan>
                  <begin>2026-08-14T04:43:56.091667+00:00</begin>
                  <end>2026-08-14T04:43:57.091667+00:00</end>
                </TimeSpan>
                <Point>
                  <coordinates>-80.5768834,37.19654500000001,0</coordinates>
                </Point>
              </Placemark>
              <Placemark>
                <name>Telemetry 54</name>
                <styleUrl>#modifiedtelemetry</styleUrl>
                <TimeSpan>
                  <begin>2026-08-14T04:43:57.091667+00:00</begin>
                  <end>2026-08-14T04:43:58.091667+00:00</end>
                </TimeSpan>
                <Point>
                  <coordinates>-80.5767869,37.1964831,0</coordinates>
                </Point>
              </Placemark>
              <Placemark>
                <name>Telemetry 55</name>
                <styleUrl>#modifiedtelemetry</styleUrl>
                <TimeSpan>
                  <begin>2026-08-14T04:43:58.091667+00:00</begin>
                  <end>2026-08-14T04:43:59.091667+00:00</end>
                </TimeSpan>
                <Point>
                  <coordinates>-80.5767547,37.1964083,0</coordinates>
                </Point>
              </Placemark>
              <Placemark>
                <name>Telemetry 56</name>
                <styleUrl>#modifiedtelemetry</styleUrl>
                <TimeSpan>
                  <begin>2026-08-14T04:43:59.091667+00:00</begin>
                  <end>2026-08-14T04:44:00.091667+00:00</end>
                </TimeSpan>
                <Point>
                  <coordinates>-80.5767587,37.1963228,0</coordinates>
                </Point>
              </Placemark>
              <Placemark>
                <name>Telemetry 57</name>
                <styleUrl>#modifiedtelemetry</styleUrl>
                <TimeSpan>
                  <begin>2026-08-14T04:44:00.091667+00:00</begin>
                  <end>2026-08-14T04:44:01.091667+00:00</end>
                </TimeSpan>
                <Point>
                  <coordinates>-80.5767587,37.1961893,0</coordinates>
                </Point>
              </Placemark>
              <Placemark>
                <name>Telemetry 58</name>
                <styleUrl>#modifiedtelemetry</styleUrl>
                <TimeSpan>
                  <begin>2026-08-14T04:44:01.091667+00:00</begin>
                  <end>2026-08-14T04:44:02.091667+00:00</end>
                </TimeSpan>
                <Point>
                  <coordinates>-80.5766836,37.1961348,0</coordinates>
                </Point>
              </Placemark>
              <Placemark>
                <name>Telemetry 59</name>
                <styleUrl>#modifiedtelemetry</styleUrl>
                <TimeSpan>
                  <begin>2026-08-14T04:44:02.091667+00:00</begin>
                  <end>2026-08-14T04:44:03.091667+00:00</end>
                </TimeSpan>
                <Point>
                  <coordinates>-80.5766836,37.1960205,0</coordinates>
                </Point>
              </Placemark>
              <Placemark>
                <name>Telemetry 60</name>
                <styleUrl>#modifiedtelemetry</styleUrl>
                <TimeSpan>
                  <begin>2026-08-14T04:44:03.091667+00:00</begin>
                  <end>2026-08-14T04:44:04.091667+00:00</end>
                </TimeSpan>
                <Point>
                  <coordinates>-80.5767896,37.1960077,0</coordinates>
                </Point>
              </Placemark>
              <Placemark>
                <name>Telemetry 61</name>
                <styleUrl>#modifiedtelemetry</styleUrl>
                <TimeSpan>
                  <begin>2026-08-14T04:44:04.091667+00:00</begin>
                  <end>2026-08-14T04:44:05.091667+00:00</end>
                </TimeSpan>
                <Point>
                  <coordinates>-80.5769277,37.1959671,0</coordinates>
                </Point>
              </Placemark>
              <Placemark>
                <name>Telemetry 62</name>
                <styleUrl>#modifiedtelemetry</styleUrl>
                <TimeSpan>
                  <begin>2026-08-14T04:44:05.091667+00:00</begin>
                  <end>2026-08-14T04:44:06.091667+00:00</end>
                </TimeSpan>
                <Point>
                  <coordinates>-80.5770806,37.1959051,0</coordinates>
                </Point>
              </Placemark>
              <Placemark>
                <name>Telemetry 63</name>
                <styleUrl>#modifiedtelemetry</styleUrl>
                <TimeSpan>
                  <begin>2026-08-14T04:44:06.091667+00:00</begin>
                  <end>2026-08-14T04:44:07.091667+00:00</end>
                </TimeSpan>
                <Point>
                  <coordinates>-80.5771999,37.195896600000005,0</coordinates>
                </Point>
              </Placemark>
            </Folder>
          </Folder>
        </Folder>
        <Folder>
          <name>Service Provider polling</name>
        </Folder>
        <Folder>
          <name>Service Provider polling</name>
        </Folder>
        <Folder>
          <name>Service Provider polling</name>
        </Folder>
        <Folder>
          <name>Service Provider polling</name>
        </Folder>
        <Folder>
          <name>Service Provider polling</name>
        </Folder>
        <Folder>
          <name>Verify operator notification</name>
        </Folder>
        <Folder>
          <name>Intermediate cleanup</name>
        </Folder>
        <Folder>
          <name>Retrieve pre-existing operator notification</name>
        </Folder>
        <Folder>
          <name>Injection</name>
          <Folder>
            <name>E104: uss1 interuss.automated_testing.rid.v1.injection.createTest</name>
            <Folder>
              <name>Test flight 72a8836f-4125-4ff4-ac09-4403a9040314</name>
              <Placemark>
                <name>Telemetry 0</name>
                <styleUrl>#modifiedtelemetry</styleUrl>
                <TimeSpan>
                  <begin>2026-08-14T04:43:13.718850+00:00</begin>
                  <end>2026-08-14T04:43:14.718850+00:00</end>
                </TimeSpan>
                <Point>
                  <coordinates>-80.57798081614081,37.197059404721635,0</coordinates>
                </Point>
              </Placemark>
              <Placemark>
                <name>Telemetry 1</name>
                <styleUrl>#modifiedtelemetry</styleUrl>
                <TimeSpan>
                  <begin>2026-08-14T04:43:14.718850+00:00</begin>
                  <end>2026-08-14T04:43:15.718850+00:00</end>
                </TimeSpan>
                <Point>
                  <coordinates>-80.57798798375362,37.197016214133484,0</coordinates>
                </Point>
              </Placemark>
              <Placemark>
                <name>Telemetry 2</name>
                <styleUrl>#modifiedtelemetry</styleUrl>
                <TimeSpan>
                  <begin>2026-08-14T04:43:15.718850+00:00</begin>
                  <end>2026-08-14T04:43:16.718850+00:00</end>
                </TimeSpan>
                <Point>
                  <coordinates>-80.57800212690604,37.196972734164305,0</coordinates>
                </Point>
              </Placemark>
              <Placemark>
                <name>Telemetry 3</name>
                <styleUrl>#modifiedtelemetry</styleUrl>
                <TimeSpan>
                  <begin>2026-08-14T04:43:16.718850+00:00</begin>
                  <end>2026-08-14T04:43:17.718850+00:00</end>
                </TimeSpan>
                <Point>
                  <coordinates>-80.57802342452034,37.196931703788785,0</coordinates>
                </Point>
              </Placemark>
              <Placemark>
                <name>Telemetry 4</name>
                <styleUrl>#modifiedtelemetry</styleUrl>
                <TimeSpan>
                  <begin>2026-08-14T04:43:17.718850+00:00</begin>
                  <end>2026-08-14T04:43:18.718850+00:00</end>
                </TimeSpan>
                <Point>
                  <coordinates>-80.57805344862881,37.19689368575391,0</coordinates>
                </Point>
              </Placemark>
              <Placemark>
                <name>Telemetry 5</name>
                <styleUrl>#modifiedtelemetry</styleUrl>
                <TimeSpan>
                  <begin>2026-08-14T04:43:18.718850+00:00</begin>
                  <end>2026-08-14T04:43:19.718850+00:00</end>
                </TimeSpan>
                <Point>
                  <coordinates>-80.57808720822365,37.19685213076737,0</coordinates>
                </Point>
              </Placemark>
              <Placemark>
                <name>Telemetry 6</name>
                <styleUrl>#modifiedtelemetry</styleUrl>
                <TimeSpan>
                  <begin>2026-08-14T04:43:19.718850+00:00</begin>
                  <end>2026-08-14T04:43:20.718850+00:00</end>
                </TimeSpan>
                <Point>
                  <coordinates>-80.57811722777369,37.19680923519623,0</coordinates>
                </Point>
              </Placemark>
              <Placemark>
                <name>Telemetry 7</name>
                <styleUrl>#modifiedtelemetry</styleUrl>
                <TimeSpan>
                  <begin>2026-08-14T04:43:20.718850+00:00</begin>
                  <end>2026-08-14T04:43:21.718850+00:00</end>
                </TimeSpan>
                <Point>
                  <coordinates>-80.5781323958596,37.1967658046547,0</coordinates>
                </Point>
              </Placemark>
              <Placemark>
                <name>Telemetry 8</name>
                <styleUrl>#modifiedtelemetry</styleUrl>
                <TimeSpan>
                  <begin>2026-08-14T04:43:21.718850+00:00</begin>
                  <end>2026-08-14T04:43:22.718850+00:00</end>
                </TimeSpan>
                <Point>
                  <coordinates>-80.57814392771789,37.19670166260832,0</coordinates>
                </Point>
              </Placemark>
              <Placemark>
                <name>Telemetry 9</name>
                <styleUrl>#modifiedtelemetry</styleUrl>
                <TimeSpan>
                  <begin>2026-08-14T04:43:22.718850+00:00</begin>
                  <end>2026-08-14T04:43:23.718850+00:00</end>
                </TimeSpan>
                <Point>
                  <coordinates>-80.57812974002694,37.19663489860375,0</coordinates>
                </Point>
              </Placemark>
              <Placemark>
                <name>Telemetry 10</name>
                <styleUrl>#modifiedtelemetry</styleUrl>
                <TimeSpan>
                  <begin>2026-08-14T04:43:23.718850+00:00</begin>
                  <end>2026-08-14T04:43:24.718850+00:00</end>
                </TimeSpan>
                <Point>
                  <coordinates>-80.57808680009781,37.19657292090538,0</coordinates>
                </Point>
              </Placemark>
              <Placemark>
                <name>Telemetry 11</name>
                <styleUrl>#modifiedtelemetry</styleUrl>
                <TimeSpan>
                  <begin>2026-08-14T04:43:24.718850+00:00</begin>
                  <end>2026-08-14T04:43:25.718850+00:00</end>
                </TimeSpan>
                <Point>
                  <coordinates>-80.57801685035301,37.19652877181478,0</coordinates>
                </Point>
              </Placemark>
              <Placemark>
                <name>Telemetry 12</name>
                <styleUrl>#modifiedtelemetry</styleUrl>
                <TimeSpan>
                  <begin>2026-08-14T04:43:25.718850+00:00</begin>
                  <end>2026-08-14T04:43:26.718850+00:00</end>
                </TimeSpan>
                <Point>
                  <coordinates>-80.57795541973255,37.19650790849303,0</coordinates>
                </Point>
              </Placemark>
              <Placemark>
                <name>Telemetry 13</name>
                <styleUrl>#modifiedtelemetry</styleUrl>
                <TimeSpan>
                  <begin>2026-08-14T04:43:26.718850+00:00</begin>
                  <end>2026-08-14T04:43:27.718850+00:00</end>
                </TimeSpan>
                <Point>
                  <coordinates>-80.57779490248247,37.19643592110631,0</coordinates>
                </Point>
              </Placemark>
              <Placemark>
                <name>Telemetry 14</name>
                <styleUrl>#modifiedtelemetry</styleUrl>
                <TimeSpan>
                  <begin>2026-08-14T04:43:27.718850+00:00</begin>
                  <end>2026-08-14T04:43:28.718850+00:00</end>
                </TimeSpan>
                <Point>
                  <coordinates>-80.57771381708879,37.19639543761661,0</coordinates>
                </Point>
              </Placemark>
              <Placemark>
                <name>Telemetry 15</name>
                <styleUrl>#modifiedtelemetry</styleUrl>
                <TimeSpan>
                  <begin>2026-08-14T04:43:28.718850+00:00</begin>
                  <end>2026-08-14T04:43:29.718850+00:00</end>
                </TimeSpan>
                <Point>
                  <coordinates>-80.5776456115435,37.19635960981006,0</coordinates>
                </Point>
              </Placemark>
              <Placemark>
                <name>Telemetry 16</name>
                <styleUrl>#modifiedtelemetry</styleUrl>
                <TimeSpan>
                  <begin>2026-08-14T04:43:29.718850+00:00</begin>
                  <end>2026-08-14T04:43:30.718850+00:00</end>
                </TimeSpan>
                <Point>
                  <coordinates>-80.57757190904874,37.19632841915715,0</coordinates>
                </Point>
              </Placemark>
              <Placemark>
                <name>Telemetry 17</name>
                <styleUrl>#modifiedtelemetry</styleUrl>
                <TimeSpan>
                  <begin>2026-08-14T04:43:30.718850+00:00</begin>
                  <end>2026-08-14T04:43:31.718850+00:00</end>
                </TimeSpan>
                <Point>
                  <coordinates>-80.57751114071674,37.19631735230622,0</coordinates>
                </Point>
              </Placemark>
              <Placemark>
                <name>Telemetry 18</name>
                <styleUrl>#modifiedtelemetry</styleUrl>
                <TimeSpan>
                  <begin>2026-08-14T04:43:31.718850+00:00</begin>
                  <end>2026-08-14T04:43:32.718850+00:00</end>
                </TimeSpan>
                <Point>
                  <coordinates>-80.57742677046657,37.19631370494702,0</coordinates>
                </Point>
              </Placemark>
              <Placemark>
                <name>Telemetry 19</name>
                <styleUrl>#modifiedtelemetry</styleUrl>
                <TimeSpan>
                  <begin>2026-08-14T04:43:32.718850+00:00</begin>
                  <end>2026-08-14T04:43:33.718850+00:00</end>
                </TimeSpan>
                <Point>
                  <coordinates>-80.5773706,37.1963054,0</coordinates>
                </Point>
              </Placemark>
              <Placemark>
                <name>Telemetry 20</name>
                <styleUrl>#modifiedtelemetry</styleUrl>
                <TimeSpan>
                  <begin>2026-08-14T04:43:33.718850+00:00</begin>
                  <end>2026-08-14T04:43:34.718850+00:00</end>
                </TimeSpan>
                <Point>
                  <coordinates>-80.5771453,37.1963577,0</coordinates>
                </Point>
              </Placemark>
              <Placemark>
                <name>Telemetry 21</name>
                <styleUrl>#modifiedtelemetry</styleUrl>
                <TimeSpan>
                  <begin>2026-08-14T04:43:34.718850+00:00</begin>
                  <end>2026-08-14T04:43:35.718850+00:00</end>
                </TimeSpan>
                <Point>
                  <coordinates>-80.5771265,37.1965735,0</coordinates>
                </Point>
              </Placemark>
              <Placemark>
                <name>Telemetry 22</name>
                <styleUrl>#modifiedtelemetry</styleUrl>
                <TimeSpan>
                  <begin>2026-08-14T04:43:35.718850+00:00</begin>
                  <end>2026-08-14T04:43:36.718850+00:00</end>
                </TimeSpan>
                <Point>
                  <coordinates>-80.57744590087025,37.19665029738701,0</coordinates>
                </Point>
              </Placemark>
              <Placemark>
                <name>Telemetry 23</name>
                <styleUrl>#modifiedtelemetry</styleUrl>
                <TimeSpan>
                  <begin>2026-08-14T04:43:36.718850+00:00</begin>
                  <end>2026-08-14T04:43:37.718850+00:00</end>
                </TimeSpan>
                <Point>
                  <coordinates>-80.5776442,37.1966013,0</coordinates>
                </Point>
              </Placemark>
              <Placemark>
                <name>Telemetry 24</name>
                <styleUrl>#modifiedtelemetry</styleUrl>
                <TimeSpan>
                  <begin>2026-08-14T04:43:37.718850+00:00</begin>
                  <end>2026-08-14T04:43:38.718850+00:00</end>
                </TimeSpan>
                <Point>
                  <coordinates>-80.57776806176655,37.1964375298218,0</coordinates>
                </Point>
              </Placemark>
              <Placemark>
                <name>Telemetry 25</name>
                <styleUrl>#modifiedtelemetry</styleUrl>
                <TimeSpan>
                  <begin>2026-08-14T04:43:38.718850+00:00</begin>
                  <end>2026-08-14T04:43:39.718850+00:00</end>
                </TimeSpan>
                <Point>
                  <coordinates>-80.57784172323511,37.1962376762061,0</coordinates>
                </Point>
              </Placemark>
              <Placemark>
                <name>Telemetry 26</name>
                <styleUrl>#modifiedtelemetry</styleUrl>
                <TimeSpan>
                  <begin>2026-08-14T04:43:39.718850+00:00</begin>
                  <end>2026-08-14T04:43:40.718850+00:00</end>
                </TimeSpan>
                <Point>
                  <coordinates>-80.5777311,37.1960563,0</coordinates>
                </Point>
              </Placemark>
              <Placemark>
                <name>Telemetry 27</name>
                <styleUrl>#modifiedtelemetry</styleUrl>
                <TimeSpan>
                  <begin>2026-08-14T04:43:40.718850+00:00</begin>
                  <end>2026-08-14T04:43:41.718850+00:00</end>
                </TimeSpan>
                <Point>
                  <coordinates>-80.57739321491916,37.19605837098315,0</coordinates>
                </Point>
              </Placemark>
              <Placemark>
                <name>Telemetry 28</name>
                <styleUrl>#modifiedtelemetry</styleUrl>
                <TimeSpan>
                  <begin>2026-08-14T04:43:41.718850+00:00</begin>
                  <end>2026-08-14T04:43:42.718850+00:00</end>
                </TimeSpan>
                <Point>
                  <coordinates>-80.5771357,37.1961151,0</coordinates>
                </Point>
              </Placemark>
              <Placemark>
                <name>Telemetry 29</name>
                <styleUrl>#modifiedtelemetry</styleUrl>
                <TimeSpan>
                  <begin>2026-08-14T04:43:42.718850+00:00</begin>
                  <end>2026-08-14T04:43:43.718850+00:00</end>
                </TimeSpan>
                <Point>
                  <coordinates>-80.5769627,37.1962283,0</coordinates>
                </Point>
              </Placemark>
              <Placemark>
                <name>Telemetry 30</name>
                <styleUrl>#modifiedtelemetry</styleUrl>
                <TimeSpan>
                  <begin>2026-08-14T04:43:43.718850+00:00</begin>
                  <end>2026-08-14T04:43:44.718850+00:00</end>
                </TimeSpan>
                <Point>
                  <coordinates>-80.5769184,37.1963885,0</coordinates>
                </Point>
              </Placemark>
              <Placemark>
                <name>Telemetry 31</name>
                <styleUrl>#modifiedtelemetry</styleUrl>
                <TimeSpan>
                  <begin>2026-08-14T04:43:44.718850+00:00</begin>
                  <end>2026-08-14T04:43:45.718850+00:00</end>
                </TimeSpan>
                <Point>
                  <coordinates>-80.5767347,37.1964356,0</coordinates>
                </Point>
              </Placemark>
              <Placemark>
                <name>Telemetry 32</name>
                <styleUrl>#modifiedtelemetry</styleUrl>
                <TimeSpan>
                  <begin>2026-08-14T04:43:45.718850+00:00</begin>
                  <end>2026-08-14T04:43:46.718850+00:00</end>
                </TimeSpan>
                <Point>
                  <coordinates>-80.5766366,37.1963538,0</coordinates>
                </Point>
              </Placemark>
              <Placemark>
                <name>Telemetry 33</name>
                <styleUrl>#modifiedtelemetry</styleUrl>
                <TimeSpan>
                  <begin>2026-08-14T04:43:46.718850+00:00</begin>
                  <end>2026-08-14T04:43:47.718850+00:00</end>
                </TimeSpan>
                <Point>
                  <coordinates>-80.5766634,37.1962096,0</coordinates>
                </Point>
              </Placemark>
              <Placemark>
                <name>Telemetry 34</name>
                <styleUrl>#modifiedtelemetry</styleUrl>
                <TimeSpan>
                  <begin>2026-08-14T04:43:47.718850+00:00</begin>
                  <end>2026-08-14T04:43:48.718850+00:00</end>
                </TimeSpan>
                <Point>
                  <coordinates>-80.5767707,37.1961284,0</coordinates>
                </Point>
              </Placemark>
              <Placemark>
                <name>Telemetry 35</name>
                <styleUrl>#modifiedtelemetry</styleUrl>
                <TimeSpan>
                  <begin>2026-08-14T04:43:48.718850+00:00</begin>
                  <end>2026-08-14T04:43:49.718850+00:00</end>
                </TimeSpan>
                <Point>
                  <coordinates>-80.5768887,37.1960493,0</coordinates>
                </Point>
              </Placemark>
              <Placemark>
                <name>Telemetry 36</name>
                <styleUrl>#modifiedtelemetry</styleUrl>
                <TimeSpan>
                  <begin>2026-08-14T04:43:49.718850+00:00</begin>
                  <end>2026-08-14T04:43:50.718850+00:00</end>
                </TimeSpan>
                <Point>
                  <coordinates>-80.5770684,37.1959745,0</coordinates>
                </Point>
              </Placemark>
              <Placemark>
                <name>Telemetry 37</name>
                <styleUrl>#modifiedtelemetry</styleUrl>
                <TimeSpan>
                  <begin>2026-08-14T04:43:50.718850+00:00</begin>
                  <end>2026-08-14T04:43:51.718850+00:00</end>
                </TimeSpan>
                <Point>
                  <coordinates>-80.5771757,37.19596070000001,0</coordinates>
                </Point>
              </Placemark>
              <Placemark>
                <name>Telemetry 38</name>
                <styleUrl>#modifiedtelemetry</styleUrl>
                <TimeSpan>
                  <begin>2026-08-14T04:43:51.718850+00:00</begin>
                  <end>2026-08-14T04:43:52.718850+00:00</end>
                </TimeSpan>
                <Point>
                  <coordinates>-80.5772937,37.19598200000001,0</coordinates>
                </Point>
              </Placemark>
              <Placemark>
                <name>Telemetry 39</name>
                <styleUrl>#modifiedtelemetry</styleUrl>
                <TimeSpan>
                  <begin>2026-08-14T04:43:52.718850+00:00</begin>
                  <end>2026-08-14T04:43:53.718850+00:00</end>
                </TimeSpan>
                <Point>
                  <coordinates>-80.5773326,37.1960942,0</coordinates>
                </Point>
              </Placemark>
              <Placemark>
                <name>Telemetry 40</name>
                <styleUrl>#modifiedtelemetry</styleUrl>
                <TimeSpan>
                  <begin>2026-08-14T04:43:53.718850+00:00</begin>
                  <end>2026-08-14T04:43:54.718850+00:00</end>
                </TimeSpan>
                <Point>
                  <coordinates>-80.577283,37.19619780000001,0</coordinates>
                </Point>
              </Placemark>
              <Placemark>
                <name>Telemetry 41</name>
                <styleUrl>#modifiedtelemetry</styleUrl>
                <TimeSpan>
                  <begin>2026-08-14T04:43:54.718850+00:00</begin>
                  <end>2026-08-14T04:43:55.718850+00:00</end>
                </TimeSpan>
                <Point>
                  <coordinates>-80.5772602,37.1963495,0</coordinates>
                </Point>
              </Placemark>
              <Placemark>
                <name>Telemetry 42</name>
                <styleUrl>#modifiedtelemetry</styleUrl>
                <TimeSpan>
                  <begin>2026-08-14T04:43:55.718850+00:00</begin>
                  <end>2026-08-14T04:43:56.718850+00:00</end>
                </TimeSpan>
                <Point>
                  <coordinates>-80.5772817,37.1964692,0</coordinates>
                </Point>
              </Placemark>
              <Placemark>
                <name>Telemetry 43</name>
                <styleUrl>#modifiedtelemetry</styleUrl>
                <TimeSpan>
                  <begin>2026-08-14T04:43:56.718850+00:00</begin>
                  <end>2026-08-14T04:43:57.718850+00:00</end>
                </TimeSpan>
                <Point>
                  <coordinates>-80.5773863,37.1965546,0</coordinates>
                </Point>
              </Placemark>
              <Placemark>
                <name>Telemetry 44</name>
                <styleUrl>#modifiedtelemetry</styleUrl>
                <TimeSpan>
                  <begin>2026-08-14T04:43:57.718850+00:00</begin>
                  <end>2026-08-14T04:43:58.718850+00:00</end>
                </TimeSpan>
                <Point>
                  <coordinates>-80.5775406,37.1965589,0</coordinates>
                </Point>
              </Placemark>
              <Placemark>
                <name>Telemetry 45</name>
                <styleUrl>#modifiedtelemetry</styleUrl>
                <TimeSpan>
                  <begin>2026-08-14T04:43:58.718850+00:00</begin>
                  <end>2026-08-14T04:43:59.718850+00:00</end>
                </TimeSpan>
                <Point>
                  <coordinates>-80.57763850000002,37.1965782,0</coordinates>
                </Point>
              </Placemark>
              <Placemark>
                <name>Telemetry 46</name>
                <styleUrl>#modifiedtelemetry</styleUrl>
                <TimeSpan>
                  <begin>2026-08-14T04:43:59.718850+00:00</begin>
                  <end>2026-08-14T04:44:00.718850+00:00</end>
                </TimeSpan>
                <Point>
                  <coordinates>-80.57763850000002,37.1966679,0</coordinates>
                </Point>
              </Placemark>
              <Placemark>
                <name>Telemetry 47</name>
                <styleUrl>#modifiedtelemetry</styleUrl>
                <TimeSpan>
                  <begin>2026-08-14T04:44:00.718850+00:00</begin>
                  <end>2026-08-14T04:44:01.718850+00:00</end>
                </TimeSpan>
                <Point>
                  <coordinates>-80.5775473,37.1967074,0</coordinates>
                </Point>
              </Placemark>
              <Placemark>
                <name>Telemetry 48</name>
                <styleUrl>#modifiedtelemetry</styleUrl>
                <TimeSpan>
                  <begin>2026-08-14T04:44:01.718850+00:00</begin>
                  <end>2026-08-14T04:44:02.718850+00:00</end>
                </TimeSpan>
                <Point>
                  <coordinates>-80.5773823,37.1966967,0</coordinates>
                </Point>
              </Placemark>
              <Placemark>
                <name>Telemetry 49</name>
                <styleUrl>#modifiedtelemetry</styleUrl>
                <TimeSpan>
                  <begin>2026-08-14T04:44:02.718850+00:00</begin>
                  <end>2026-08-14T04:44:03.718850+00:00</end>
                </TimeSpan>
                <Point>
                  <coordinates>-80.5773421,37.1966241,0</coordinates>
                </Point>
              </Placemark>
              <Placemark>
                <name>Telemetry 50</name>
                <styleUrl>#modifiedtelemetry</styleUrl>
                <TimeSpan>
                  <begin>2026-08-14T04:44:03.718850+00:00</begin>
                  <end>2026-08-14T04:44:04.718850+00:00</end>
                </TimeSpan>
                <Point>
                  <coordinates>-80.5773005,37.196528,0</coordinates>
                </Point>
              </Placemark>
              <Placemark>
                <name>Telemetry 51</name>
                <styleUrl>#modifiedtelemetry</styleUrl>
                <TimeSpan>
                  <begin>2026-08-14T04:44:04.718850+00:00</begin>
                  <end>2026-08-14T04:44:05.718850+00:00</end>
                </TimeSpan>
                <Point>
                  <coordinates>-80.5771557,37.1965055,0</coordinates>
                </Point>
              </Placemark>
              <Placemark>
                <name>Telemetry 52</name>
                <styleUrl>#modifiedtelemetry</styleUrl>
                <TimeSpan>
                  <begin>2026-08-14T04:44:05.718850+00:00</begin>
                  <end>2026-08-14T04:44:06.718850+00:00</end>
                </TimeSpan>
                <Point>
                  <coordinates>-80.5770457,37.19654400000001,0</coordinates>
                </Point>
              </Placemark>
              <Placemark>
                <name>Telemetry 53</name>
                <styleUrl>#modifiedtelemetry</styleUrl>
                <TimeSpan>
                  <begin>2026-08-14T04:44:06.718850+00:00</begin>
                  <end>2026-08-14T04:44:07.718850+00:00</end>
                </TimeSpan>
                <Point>
                  <coordinates>-80.5768834,37.19654500000001,0</coordinates>
                </Point>
              </Placemark>
              <Placemark>
                <name>Telemetry 54</name>
                <styleUrl>#modifiedtelemetry</styleUrl>
                <TimeSpan>
                  <begin>2026-08-14T04:44:07.718850+00:00</begin>
                  <end>2026-08-14T04:44:08.718850+00:00</end>
                </TimeSpan>
                <Point>
                  <coordinates>-80.5767869,37.1964831,0</coordinates>
                </Point>
              </Placemark>
              <Placemark>
                <name>Telemetry 55</name>
                <styleUrl>#modifiedtelemetry</styleUrl>
                <TimeSpan>
                  <begin>2026-08-14T04:44:08.718850+00:00</begin>
                  <end>2026-08-14T04:44:09.718850+00:00</end>
                </TimeSpan>
                <Point>
                  <coordinates>-80.5767547,37.1964083,0</coordinates>
                </Point>
              </Placemark>
              <Placemark>
                <name>Telemetry 56</name>
                <styleUrl>#modifiedtelemetry</styleUrl>
                <TimeSpan>
                  <begin>2026-08-14T04:44:09.718850+00:00</begin>
                  <end>2026-08-14T04:44:10.718850+00:00</end>
                </TimeSpan>
                <Point>
                  <coordinates>-80.5767587,37.1963228,0</coordinates>
                </Point>
              </Placemark>
              <Placemark>
                <name>Telemetry 57</name>
                <styleUrl>#modifiedtelemetry</styleUrl>
                <TimeSpan>
                  <begin>2026-08-14T04:44:10.718850+00:00</begin>
                  <end>2026-08-14T04:44:11.718850+00:00</end>
                </TimeSpan>
                <Point>
                  <coordinates>-80.5767587,37.1961893,0</coordinates>
                </Point>
              </Placemark>
              <Placemark>
                <name>Telemetry 58</name>
                <styleUrl>#modifiedtelemetry</styleUrl>
                <TimeSpan>
                  <begin>2026-08-14T04:44:11.718850+00:00</begin>
                  <end>2026-08-14T04:44:12.718850+00:00</end>
                </TimeSpan>
                <Point>
                  <coordinates>-80.5766836,37.1961348,0</coordinates>
                </Point>
              </Placemark>
              <Placemark>
                <name>Telemetry 59</name>
                <styleUrl>#modifiedtelemetry</styleUrl>
                <TimeSpan>
                  <begin>2026-08-14T04:44:12.718850+00:00</begin>
                  <end>2026-08-14T04:44:13.718850+00:00</end>
                </TimeSpan>
                <Point>
                  <coordinates>-80.5766836,37.1960205,0</coordinates>
                </Point>
              </Placemark>
              <Placemark>
                <name>Telemetry 60</name>
                <styleUrl>#modifiedtelemetry</styleUrl>
                <TimeSpan>
                  <begin>2026-08-14T04:44:13.718850+00:00</begin>
                  <end>2026-08-14T04:44:14.718850+00:00</end>
                </TimeSpan>
                <Point>
                  <coordinates>-80.5767896,37.1960077,0</coordinates>
                </Point>
              </Placemark>
              <Placemark>
                <name>Telemetry 61</name>
                <styleUrl>#modifiedtelemetry</styleUrl>
                <TimeSpan>
                  <begin>2026-08-14T04:44:14.718850+00:00</begin>
                  <end>2026-08-14T04:44:15.718850+00:00</end>
                </TimeSpan>
                <Point>
                  <coordinates>-80.5769277,37.1959671,0</coordinates>
                </Point>
              </Placemark>
              <Placemark>
                <name>Telemetry 62</name>
                <styleUrl>#modifiedtelemetry</styleUrl>
                <TimeSpan>
                  <begin>2026-08-14T04:44:15.718850+00:00</begin>
                  <end>2026-08-14T04:44:16.718850+00:00</end>
                </TimeSpan>
                <Point>
                  <coordinates>-80.5770806,37.1959051,0</coordinates>
                </Point>
              </Placemark>
              <Placemark>
                <name>Telemetry 63</name>
                <styleUrl>#modifiedtelemetry</styleUrl>
                <TimeSpan>
                  <begin>2026-08-14T04:44:16.718850+00:00</begin>
                  <end>2026-08-14T04:44:17.718850+00:00</end>
                </TimeSpan>
                <Point>
                  <coordinates>-80.5771999,37.195896600000005,0</coordinates>
                </Point>
              </Placemark>
            </Folder>
          </Folder>
        </Folder>
        <Folder>
          <name>Service Provider polling</name>
        </Folder>
        <Folder>
          <name>Service Provider polling</name>
        </Folder>
        <Folder>
          <name>Service Provider polling</name>
        </Folder>
        <Folder>
          <name>Service Provider polling</name>
        </Folder>
        <Folder>
          <name>Service Provider polling</name>
        </Folder>
        <Folder>
          <name>Verify operator notification</name>
        </Folder>
        <Folder>
          <name>Intermediate cleanup</name>
        </Folder>
        <Folder>
          <name>Retrieve pre-existing operator notification</name>
        </Folder>
        <Folder>
          <name>Injection</name>
          <Folder>
            <name>E124: uss1 interuss.automated_testing.rid.v1.injection.createTest</name>
            <Folder>
              <name>Test flight 1983d82f-e8f7-4727-9d89-041fbc83d9ff</name>
              <Placemark>
                <name>Telemetry 0</name>
                <styleUrl>#modifiedtelemetry</styleUrl>
                <TimeSpan>
                  <begin>2026-08-14T04:43:24.333046+00:00</begin>
                  <end>2026-08-14T04:43:25.333046+00:00</end>
                </TimeSpan>
                <Point>
                  <coordinates>-80.57798081614081,37.197059404721635,0</coordinates>
                </Point>
              </Placemark>
              <Placemark>
                <name>Telemetry 1</name>
                <styleUrl>#modifiedtelemetry</styleUrl>
                <TimeSpan>
                  <begin>2026-08-14T04:43:25.333046+00:00</begin>
                  <end>2026-08-14T04:43:26.333046+00:00</end>
                </TimeSpan>
                <Point>
                  <coordinates>-80.57798798375362,37.197016214133484,0</coordinates>
                </Point>
              </Placemark>
              <Placemark>
                <name>Telemetry 2</name>
                <styleUrl>#modifiedtelemetry</styleUrl>
                <TimeSpan>
                  <begin>2026-08-14T04:43:26.333046+00:00</begin>
                  <end>2026-08-14T04:43:27.333046+00:00</end>
                </TimeSpan>
                <Point>
                  <coordinates>-80.57800212690604,37.196972734164305,0</coordinates>
                </Point>
              </Placemark>
              <Placemark>
                <name>Telemetry 3</name>
                <styleUrl>#modifiedtelemetry</styleUrl>
                <TimeSpan>
                  <begin>2026-08-14T04:43:27.333046+00:00</begin>
                  <end>2026-08-14T04:43:28.333046+00:00</end>
                </TimeSpan>
                <Point>
                  <coordinates>-80.57802342452034,37.196931703788785,0</coordinates>
                </Point>
              </Placemark>
              <Placemark>
                <name>Telemetry 4</name>
                <styleUrl>#modifiedtelemetry</styleUrl>
                <TimeSpan>
                  <begin>2026-08-14T04:43:28.333046+00:00</begin>
                  <end>2026-08-14T04:43:29.333046+00:00</end>
                </TimeSpan>
                <Point>
                  <coordinates>-80.57805344862881,37.19689368575391,0</coordinates>
                </Point>
              </Placemark>
              <Placemark>
                <name>Telemetry 5</name>
                <styleUrl>#modifiedtelemetry</styleUrl>
                <TimeSpan>
                  <begin>2026-08-14T04:43:29.333046+00:00</begin>
                  <end>2026-08-14T04:43:30.333046+00:00</end>
                </TimeSpan>
                <Point>
                  <coordinates>-80.57808720822365,37.19685213076737,0</coordinates>
                </Point>
              </Placemark>
              <Placemark>
                <name>Telemetry 6</name>
                <styleUrl>#modifiedtelemetry</styleUrl>
                <TimeSpan>
                  <begin>2026-08-14T04:43:30.333046+00:00</begin>
                  <end>2026-08-14T04:43:31.333046+00:00</end>
                </TimeSpan>
                <Point>
                  <coordinates>-80.57811722777369,37.19680923519623,0</coordinates>
                </Point>
              </Placemark>
              <Placemark>
                <name>Telemetry 7</name>
                <styleUrl>#modifiedtelemetry</styleUrl>
                <TimeSpan>
                  <begin>2026-08-14T04:43:31.333046+00:00</begin>
                  <end>2026-08-14T04:43:32.333046+00:00</end>
                </TimeSpan>
                <Point>
                  <coordinates>-80.5781323958596,37.1967658046547,0</coordinates>
                </Point>
              </Placemark>
              <Placemark>
                <name>Telemetry 8</name>
                <styleUrl>#modifiedtelemetry</styleUrl>
                <TimeSpan>
                  <begin>2026-08-14T04:43:32.333046+00:00</begin>
                  <end>2026-08-14T04:43:33.333046+00:00</end>
                </TimeSpan>
                <Point>
                  <coordinates>-80.57814392771789,37.19670166260832,0</coordinates>
                </Point>
              </Placemark>
              <Placemark>
                <name>Telemetry 9</name>
                <styleUrl>#modifiedtelemetry</styleUrl>
                <TimeSpan>
                  <begin>2026-08-14T04:43:33.333046+00:00</begin>
                  <end>2026-08-14T04:43:34.333046+00:00</end>
                </TimeSpan>
                <Point>
                  <coordinates>-80.57812974002694,37.19663489860375,0</coordinates>
                </Point>
              </Placemark>
              <Placemark>
                <name>Telemetry 10</name>
                <styleUrl>#modifiedtelemetry</styleUrl>
                <TimeSpan>
                  <begin>2026-08-14T04:43:34.333046+00:00</begin>
                  <end>2026-08-14T04:43:35.333046+00:00</end>
                </TimeSpan>
                <Point>
                  <coordinates>-80.57808680009781,37.19657292090538,0</coordinates>
                </Point>
              </Placemark>
              <Placemark>
                <name>Telemetry 11</name>
                <styleUrl>#modifiedtelemetry</styleUrl>
                <TimeSpan>
                  <begin>2026-08-14T04:43:35.333046+00:00</begin>
                  <end>2026-08-14T04:43:36.333046+00:00</end>
                </TimeSpan>
                <Point>
                  <coordinates>-80.57801685035301,37.19652877181478,0</coordinates>
                </Point>
              </Placemark>
              <Placemark>
                <name>Telemetry 12</name>
                <styleUrl>#modifiedtelemetry</styleUrl>
                <TimeSpan>
                  <begin>2026-08-14T04:43:36.333046+00:00</begin>
                  <end>2026-08-14T04:43:37.333046+00:00</end>
                </TimeSpan>
                <Point>
                  <coordinates>-80.57795541973255,37.19650790849303,0</coordinates>
                </Point>
              </Placemark>
              <Placemark>
                <name>Telemetry 13</name>
                <styleUrl>#modifiedtelemetry</styleUrl>
                <TimeSpan>
                  <begin>2026-08-14T04:43:37.333046+00:00</begin>
                  <end>2026-08-14T04:43:38.333046+00:00</end>
                </TimeSpan>
                <Point>
                  <coordinates>-80.57779490248247,37.19643592110631,0</coordinates>
                </Point>
              </Placemark>
              <Placemark>
                <name>Telemetry 14</name>
                <styleUrl>#modifiedtelemetry</styleUrl>
                <TimeSpan>
                  <begin>2026-08-14T04:43:38.333046+00:00</begin>
                  <end>2026-08-14T04:43:39.333046+00:00</end>
                </TimeSpan>
                <Point>
                  <coordinates>-80.57771381708879,37.19639543761661,0</coordinates>
                </Point>
              </Placemark>
              <Placemark>
                <name>Telemetry 15</name>
                <styleUrl>#modifiedtelemetry</styleUrl>
                <TimeSpan>
                  <begin>2026-08-14T04:43:39.333046+00:00</begin>
                  <end>2026-08-14T04:43:40.333046+00:00</end>
                </TimeSpan>
                <Point>
                  <coordinates>-80.5776456115435,37.19635960981006,0</coordinates>
                </Point>
              </Placemark>
              <Placemark>
                <name>Telemetry 16</name>
                <styleUrl>#modifiedtelemetry</styleUrl>
                <TimeSpan>
                  <begin>2026-08-14T04:43:40.333046+00:00</begin>
                  <end>2026-08-14T04:43:41.333046+00:00</end>
                </TimeSpan>
                <Point>
                  <coordinates>-80.57757190904874,37.19632841915715,0</coordinates>
                </Point>
              </Placemark>
              <Placemark>
                <name>Telemetry 17</name>
                <styleUrl>#modifiedtelemetry</styleUrl>
                <TimeSpan>
                  <begin>2026-08-14T04:43:41.333046+00:00</begin>
                  <end>2026-08-14T04:43:42.333046+00:00</end>
                </TimeSpan>
                <Point>
                  <coordinates>-80.57751114071674,37.19631735230622,0</coordinates>
                </Point>
              </Placemark>
              <Placemark>
                <name>Telemetry 18</name>
                <styleUrl>#modifiedtelemetry</styleUrl>
                <TimeSpan>
                  <begin>2026-08-14T04:43:42.333046+00:00</begin>
                  <end>2026-08-14T04:43:43.333046+00:00</end>
                </TimeSpan>
                <Point>
                  <coordinates>-80.57742677046657,37.19631370494702,0</coordinates>
                </Point>
              </Placemark>
              <Placemark>
                <name>Telemetry 19</name>
                <styleUrl>#modifiedtelemetry</styleUrl>
                <TimeSpan>
                  <begin>2026-08-14T04:43:43.333046+00:00</begin>
                  <end>2026-08-14T04:43:44.333046+00:00</end>
                </TimeSpan>
                <Point>
                  <coordinates>-80.5773706,37.1963054,0</coordinates>
                </Point>
              </Placemark>
              <Placemark>
                <name>Telemetry 20</name>
                <styleUrl>#modifiedtelemetry</styleUrl>
                <TimeSpan>
                  <begin>2026-08-14T04:43:44.333046+00:00</begin>
                  <end>2026-08-14T04:43:45.333046+00:00</end>
                </TimeSpan>
                <Point>
                  <coordinates>-80.5771453,37.1963577,0</coordinates>
                </Point>
              </Placemark>
              <Placemark>
                <name>Telemetry 21</name>
                <styleUrl>#modifiedtelemetry</styleUrl>
                <TimeSpan>
                  <begin>2026-08-14T04:43:45.333046+00:00</begin>
                  <end>2026-08-14T04:43:46.333046+00:00</end>
                </TimeSpan>
                <Point>
                  <coordinates>-80.5771265,37.1965735,0</coordinates>
                </Point>
              </Placemark>
              <Placemark>
                <name>Telemetry 22</name>
                <styleUrl>#modifiedtelemetry</styleUrl>
                <TimeSpan>
                  <begin>2026-08-14T04:43:46.333046+00:00</begin>
                  <end>2026-08-14T04:43:47.333046+00:00</end>
                </TimeSpan>
                <Point>
                  <coordinates>-80.57744590087025,37.19665029738701,0</coordinates>
                </Point>
              </Placemark>
              <Placemark>
                <name>Telemetry 23</name>
                <styleUrl>#modifiedtelemetry</styleUrl>
                <TimeSpan>
                  <begin>2026-08-14T04:43:47.333046+00:00</begin>
                  <end>2026-08-14T04:43:48.333046+00:00</end>
                </TimeSpan>
                <Point>
                  <coordinates>-80.5776442,37.1966013,0</coordinates>
                </Point>
              </Placemark>
              <Placemark>
                <name>Telemetry 24</name>
                <styleUrl>#modifiedtelemetry</styleUrl>
                <TimeSpan>
                  <begin>2026-08-14T04:43:48.333046+00:00</begin>
                  <end>2026-08-14T04:43:49.333046+00:00</end>
                </TimeSpan>
                <Point>
                  <coordinates>-80.57776806176655,37.1964375298218,0</coordinates>
                </Point>
              </Placemark>
              <Placemark>
                <name>Telemetry 25</name>
                <styleUrl>#modifiedtelemetry</styleUrl>
                <TimeSpan>
                  <begin>2026-08-14T04:43:49.333046+00:00</begin>
                  <end>2026-08-14T04:43:50.333046+00:00</end>
                </TimeSpan>
                <Point>
                  <coordinates>-80.57784172323511,37.1962376762061,0</coordinates>
                </Point>
              </Placemark>
              <Placemark>
                <name>Telemetry 26</name>
                <styleUrl>#modifiedtelemetry</styleUrl>
                <TimeSpan>
                  <begin>2026-08-14T04:43:50.333046+00:00</begin>
                  <end>2026-08-14T04:43:51.333046+00:00</end>
                </TimeSpan>
                <Point>
                  <coordinates>-80.5777311,37.1960563,0</coordinates>
                </Point>
              </Placemark>
              <Placemark>
                <name>Telemetry 27</name>
                <styleUrl>#modifiedtelemetry</styleUrl>
                <TimeSpan>
                  <begin>2026-08-14T04:43:51.333046+00:00</begin>
                  <end>2026-08-14T04:43:52.333046+00:00</end>
                </TimeSpan>
                <Point>
                  <coordinates>-80.57739321491916,37.19605837098315,0</coordinates>
                </Point>
              </Placemark>
              <Placemark>
                <name>Telemetry 28</name>
                <styleUrl>#modifiedtelemetry</styleUrl>
                <TimeSpan>
                  <begin>2026-08-14T04:43:52.333046+00:00</begin>
                  <end>2026-08-14T04:43:53.333046+00:00</end>
                </TimeSpan>
                <Point>
                  <coordinates>-80.5771357,37.1961151,0</coordinates>
                </Point>
              </Placemark>
              <Placemark>
                <name>Telemetry 29</name>
                <styleUrl>#modifiedtelemetry</styleUrl>
                <TimeSpan>
                  <begin>2026-08-14T04:43:53.333046+00:00</begin>
                  <end>2026-08-14T04:43:54.333046+00:00</end>
                </TimeSpan>
                <Point>
                  <coordinates>-80.5769627,37.1962283,0</coordinates>
                </Point>
              </Placemark>
              <Placemark>
                <name>Telemetry 30</name>
                <styleUrl>#modifiedtelemetry</styleUrl>
                <TimeSpan>
                  <begin>2026-08-14T04:43:54.333046+00:00</begin>
                  <end>2026-08-14T04:43:55.333046+00:00</end>
                </TimeSpan>
                <Point>
                  <coordinates>-80.5769184,37.1963885,0</coordinates>
                </Point>
              </Placemark>
              <Placemark>
                <name>Telemetry 31</name>
                <styleUrl>#modifiedtelemetry</styleUrl>
                <TimeSpan>
                  <begin>2026-08-14T04:43:55.333046+00:00</begin>
                  <end>2026-08-14T04:43:56.333046+00:00</end>
                </TimeSpan>
                <Point>
                  <coordinates>-80.5767347,37.1964356,0</coordinates>
                </Point>
              </Placemark>
              <Placemark>
                <name>Telemetry 32</name>
                <styleUrl>#modifiedtelemetry</styleUrl>
                <TimeSpan>
                  <begin>2026-08-14T04:43:56.333046+00:00</begin>
                  <end>2026-08-14T04:43:57.333046+00:00</end>
                </TimeSpan>
                <Point>
                  <coordinates>-80.5766366,37.1963538,0</coordinates>
                </Point>
              </Placemark>
              <Placemark>
                <name>Telemetry 33</name>
                <styleUrl>#modifiedtelemetry</styleUrl>
                <TimeSpan>
                  <begin>2026-08-14T04:43:57.333046+00:00</begin>
                  <end>2026-08-14T04:43:58.333046+00:00</end>
                </TimeSpan>
                <Point>
                  <coordinates>-80.5766634,37.1962096,0</coordinates>
                </Point>
              </Placemark>
              <Placemark>
                <name>Telemetry 34</name>
                <styleUrl>#modifiedtelemetry</styleUrl>
                <TimeSpan>
                  <begin>2026-08-14T04:43:58.333046+00:00</begin>
                  <end>2026-08-14T04:43:59.333046+00:00</end>
                </TimeSpan>
                <Point>
                  <coordinates>-80.5767707,37.1961284,0</coordinates>
                </Point>
              </Placemark>
              <Placemark>
                <name>Telemetry 35</name>
                <styleUrl>#modifiedtelemetry</styleUrl>
                <TimeSpan>
                  <begin>2026-08-14T04:43:59.333046+00:00</begin>
                  <end>2026-08-14T04:44:00.333046+00:00</end>
                </TimeSpan>
                <Point>
                  <coordinates>-80.5768887,37.1960493,0</coordinates>
                </Point>
              </Placemark>
              <Placemark>
                <name>Telemetry 36</name>
                <styleUrl>#modifiedtelemetry</styleUrl>
                <TimeSpan>
                  <begin>2026-08-14T04:44:00.333046+00:00</begin>
                  <end>2026-08-14T04:44:01.333046+00:00</end>
                </TimeSpan>
                <Point>
                  <coordinates>-80.5770684,37.1959745,0</coordinates>
                </Point>
              </Placemark>
              <Placemark>
                <name>Telemetry 37</name>
                <styleUrl>#modifiedtelemetry</styleUrl>
                <TimeSpan>
                  <begin>2026-08-14T04:44:01.333046+00:00</begin>
                  <end>2026-08-14T04:44:02.333046+00:00</end>
                </TimeSpan>
                <Point>
                  <coordinates>-80.5771757,37.19596070000001,0</coordinates>
                </Point>
              </Placemark>
              <Placemark>
                <name>Telemetry 38</name>
                <styleUrl>#modifiedtelemetry</styleUrl>
                <TimeSpan>
                  <begin>2026-08-14T04:44:02.333046+00:00</begin>
                  <end>2026-08-14T04:44:03.333046+00:00</end>
                </TimeSpan>
                <Point>
                  <coordinates>-80.5772937,37.19598200000001,0</coordinates>
                </Point>
              </Placemark>
              <Placemark>
                <name>Telemetry 39</name>
                <styleUrl>#modifiedtelemetry</styleUrl>
                <TimeSpan>
                  <begin>2026-08-14T04:44:03.333046+00:00</begin>
                  <end>2026-08-14T04:44:04.333046+00:00</end>
                </TimeSpan>
                <Point>
                  <coordinates>-80.5773326,37.1960942,0</coordinates>
                </Point>
              </Placemark>
              <Placemark>
                <name>Telemetry 40</name>
                <styleUrl>#modifiedtelemetry</styleUrl>
                <TimeSpan>
                  <begin>2026-08-14T04:44:04.333046+00:00</begin>
                  <end>2026-08-14T04:44:05.333046+00:00</end>
                </TimeSpan>
                <Point>
                  <coordinates>-80.577283,37.19619780000001,0</coordinates>
                </Point>
              </Placemark>
              <Placemark>
                <name>Telemetry 41</name>
                <styleUrl>#modifiedtelemetry</styleUrl>
                <TimeSpan>
                  <begin>2026-08-14T04:44:05.333046+00:00</begin>
                  <end>2026-08-14T04:44:06.333046+00:00</end>
                </TimeSpan>
                <Point>
                  <coordinates>-80.5772602,37.1963495,0</coordinates>
                </Point>
              </Placemark>
              <Placemark>
                <name>Telemetry 42</name>
                <styleUrl>#modifiedtelemetry</styleUrl>
                <TimeSpan>
                  <begin>2026-08-14T04:44:06.333046+00:00</begin>
                  <end>2026-08-14T04:44:07.333046+00:00</end>
                </TimeSpan>
                <Point>
                  <coordinates>-80.5772817,37.1964692,0</coordinates>
                </Point>
              </Placemark>
              <Placemark>
                <name>Telemetry 43</name>
                <styleUrl>#modifiedtelemetry</styleUrl>
                <TimeSpan>
                  <begin>2026-08-14T04:44:07.333046+00:00</begin>
                  <end>2026-08-14T04:44:08.333046+00:00</end>
                </TimeSpan>
                <Point>
                  <coordinates>-80.5773863,37.1965546,0</coordinates>
                </Point>
              </Placemark>
              <Placemark>
                <name>Telemetry 44</name>
                <styleUrl>#modifiedtelemetry</styleUrl>
                <TimeSpan>
                  <begin>2026-08-14T04:44:08.333046+00:00</begin>
                  <end>2026-08-14T04:44:09.333046+00:00</end>
                </TimeSpan>
                <Point>
                  <coordinates>-80.5775406,37.1965589,0</coordinates>
                </Point>
              </Placemark>
              <Placemark>
                <name>Telemetry 45</name>
                <styleUrl>#modifiedtelemetry</styleUrl>
                <TimeSpan>
                  <begin>2026-08-14T04:44:09.333046+00:00</begin>
                  <end>2026-08-14T04:44:10.333046+00:00</end>
                </TimeSpan>
                <Point>
                  <coordinates>-80.57763850000002,37.1965782,0</coordinates>
                </Point>
              </Placemark>
              <Placemark>
                <name>Telemetry 46</name>
                <styleUrl>#modifiedtelemetry</styleUrl>
                <TimeSpan>
                  <begin>2026-08-14T04:44:10.333046+00:00</begin>
                  <end>2026-08-14T04:44:11.333046+00:00</end>
                </TimeSpan>
                <Point>
                  <coordinates>-80.57763850000002,37.1966679,0</coordinates>
                </Point>
              </Placemark>
              <Placemark>
                <name>Telemetry 47</name>
                <styleUrl>#modifiedtelemetry</styleUrl>
                <TimeSpan>
                  <begin>2026-08-14T04:44:11.333046+00:00</begin>
                  <end>2026-08-14T04:44:12.333046+00:00</end>
                </TimeSpan>
                <Point>
                  <coordinates>-80.5775473,37.1967074,0</coordinates>
                </Point>
              </Placemark>
              <Placemark>
                <name>Telemetry 48</name>
                <styleUrl>#modifiedtelemetry</styleUrl>
                <TimeSpan>
                  <begin>2026-08-14T04:44:12.333046+00:00</begin>
                  <end>2026-08-14T04:44:13.333046+00:00</end>
                </TimeSpan>
                <Point>
                  <coordinates>-80.5773823,37.1966967,0</coordinates>
                </Point>
              </Placemark>
              <Placemark>
                <name>Telemetry 49</name>
                <styleUrl>#modifiedtelemetry</styleUrl>
                <TimeSpan>
                  <begin>2026-08-14T04:44:13.333046+00:00</begin>
                  <end>2026-08-14T04:44:14.333046+00:00</end>
                </TimeSpan>
                <Point>
                  <coordinates>-80.5773421,37.1966241,0</coordinates>
                </Point>
              </Placemark>
              <Placemark>
                <name>Telemetry 50</name>
                <styleUrl>#modifiedtelemetry</styleUrl>
                <TimeSpan>
                  <begin>2026-08-14T04:44:14.333046+00:00</begin>
                  <end>2026-08-14T04:44:15.333046+00:00</end>
                </TimeSpan>
                <Point>
                  <coordinates>-80.5773005,37.196528,0</coordinates>
                </Point>
              </Placemark>
              <Placemark>
                <name>Telemetry 51</name>
                <styleUrl>#modifiedtelemetry</styleUrl>
                <TimeSpan>
                  <begin>2026-08-14T04:44:15.333046+00:00</begin>
                  <end>2026-08-14T04:44:16.333046+00:00</end>
                </TimeSpan>
                <Point>
                  <coordinates>-80.5771557,37.1965055,0</coordinates>
                </Point>
              </Placemark>
              <Placemark>
                <name>Telemetry 52</name>
                <styleUrl>#modifiedtelemetry</styleUrl>
                <TimeSpan>
                  <begin>2026-08-14T04:44:16.333046+00:00</begin>
                  <end>2026-08-14T04:44:17.333046+00:00</end>
                </TimeSpan>
                <Point>
                  <coordinates>-80.5770457,37.19654400000001,0</coordinates>
                </Point>
              </Placemark>
              <Placemark>
                <name>Telemetry 53</name>
                <styleUrl>#modifiedtelemetry</styleUrl>
                <TimeSpan>
                  <begin>2026-08-14T04:44:17.333046+00:00</begin>
                  <end>2026-08-14T04:44:18.333046+00:00</end>
                </TimeSpan>
                <Point>
                  <coordinates>-80.5768834,37.19654500000001,0</coordinates>
                </Point>
              </Placemark>
              <Placemark>
                <name>Telemetry 54</name>
                <styleUrl>#modifiedtelemetry</styleUrl>
                <TimeSpan>
                  <begin>2026-08-14T04:44:18.333046+00:00</begin>
                  <end>2026-08-14T04:44:19.333046+00:00</end>
                </TimeSpan>
                <Point>
                  <coordinates>-80.5767869,37.1964831,0</coordinates>
                </Point>
              </Placemark>
              <Placemark>
                <name>Telemetry 55</name>
                <styleUrl>#modifiedtelemetry</styleUrl>
                <TimeSpan>
                  <begin>2026-08-14T04:44:19.333046+00:00</begin>
                  <end>2026-08-14T04:44:20.333046+00:00</end>
                </TimeSpan>
                <Point>
                  <coordinates>-80.5767547,37.1964083,0</coordinates>
                </Point>
              </Placemark>
              <Placemark>
                <name>Telemetry 56</name>
                <styleUrl>#modifiedtelemetry</styleUrl>
                <TimeSpan>
                  <begin>2026-08-14T04:44:20.333046+00:00</begin>
                  <end>2026-08-14T04:44:21.333046+00:00</end>
                </TimeSpan>
                <Point>
                  <coordinates>-80.5767587,37.1963228,0</coordinates>
                </Point>
              </Placemark>
              <Placemark>
                <name>Telemetry 57</name>
                <styleUrl>#modifiedtelemetry</styleUrl>
                <TimeSpan>
                  <begin>2026-08-14T04:44:21.333046+00:00</begin>
                  <end>2026-08-14T04:44:22.333046+00:00</end>
                </TimeSpan>
                <Point>
                  <coordinates>-80.5767587,37.1961893,0</coordinates>
                </Point>
              </Placemark>
              <Placemark>
                <name>Telemetry 58</name>
                <styleUrl>#modifiedtelemetry</styleUrl>
                <TimeSpan>
                  <begin>2026-08-14T04:44:22.333046+00:00</begin>
                  <end>2026-08-14T04:44:23.333046+00:00</end>
                </TimeSpan>
                <Point>
                  <coordinates>-80.5766836,37.1961348,0</coordinates>
                </Point>
              </Placemark>
              <Placemark>
                <name>Telemetry 59</name>
                <styleUrl>#modifiedtelemetry</styleUrl>
                <TimeSpan>
                  <begin>2026-08-14T04:44:23.333046+00:00</begin>
                  <end>2026-08-14T04:44:24.333046+00:00</end>
                </TimeSpan>
                <Point>
                  <coordinates>-80.5766836,37.1960205,0</coordinates>
                </Point>
              </Placemark>
              <Placemark>
                <name>Telemetry 60</name>
                <styleUrl>#modifiedtelemetry</styleUrl>
                <TimeSpan>
                  <begin>2026-08-14T04:44:24.333046+00:00</begin>
                  <end>2026-08-14T04:44:25.333046+00:00</end>
                </TimeSpan>
                <Point>
                  <coordinates>-80.5767896,37.1960077,0</coordinates>
                </Point>
              </Placemark>
              <Placemark>
                <name>Telemetry 61</name>
                <styleUrl>#modifiedtelemetry</styleUrl>
                <TimeSpan>
                  <begin>2026-08-14T04:44:25.333046+00:00</begin>
                  <end>2026-08-14T04:44:26.333046+00:00</end>
                </TimeSpan>
                <Point>
                  <coordinates>-80.5769277,37.1959671,0</coordinates>
                </Point>
              </Placemark>
              <Placemark>
                <name>Telemetry 62</name>
                <styleUrl>#modifiedtelemetry</styleUrl>
                <TimeSpan>
                  <begin>2026-08-14T04:44:26.333046+00:00</begin>
                  <end>2026-08-14T04:44:27.333046+00:00</end>
                </TimeSpan>
                <Point>
                  <coordinates>-80.5770806,37.1959051,0</coordinates>
                </Point>
              </Placemark>
              <Placemark>
                <name>Telemetry 63</name>
                <styleUrl>#modifiedtelemetry</styleUrl>
                <TimeSpan>
                  <begin>2026-08-14T04:44:27.333046+00:00</begin>
                  <end>2026-08-14T04:44:28.333046+00:00</end>
                </TimeSpan>
                <Point>
                  <coordinates>-80.5771999,37.195896600000005,0</coordinates>
                </Point>
              </Placemark>
            </Folder>
          </Folder>
        </Folder>
        <Folder>
          <name>Service Provider polling</name>
        </Folder>
        <Folder>
          <name>Service Provider polling</name>
        </Folder>
        <Folder>
          <name>Service Provider polling</name>
        </Folder>
        <Folder>
          <name>Service Provider polling</name>
        </Folder>
        <Folder>
          <name>Service Provider polling</name>
        </Folder>
        <Folder>
          <name>Verify operator notification</name>
        </Folder>
        <Folder>
          <name>Intermediate cleanup</name>
        </Folder>
        <Folder>
          <name>Retrieve pre-existing operator notification</name>
        </Folder>
        <Folder>
          <name>Injection</name>
          <Folder>
            <name>E144: uss1 interuss.automated_testing.rid.v1.injection.createTest</name>
            <Folder>
              <name>Test flight 9c42db27-d3a0-4e6d-b511-d5956b663ee6</name>
              <Placemark>
                <name>Telemetry 0</name>
                <styleUrl>#modifiedtelemetry</styleUrl>
                <TimeSpan>
                  <begin>2026-08-14T04:43:34.972498+00:00</begin>
                  <end>2026-08-14T04:43:35.972498+00:00</end>
                </TimeSpan>
                <Point>
                  <coordinates>-80.57798081614081,37.197059404721635,0</coordinates>
                </Point>
              </Placemark>
              <Placemark>
                <name>Telemetry 1</name>
                <styleUrl>#modifiedtelemetry</styleUrl>
                <TimeSpan>
                  <begin>2026-08-14T04:43:35.972498+00:00</begin>
                  <end>2026-08-14T04:43:36.972498+00:00</end>
                </TimeSpan>
                <Point>
                  <coordinates>-80.57798798375362,37.197016214133484,0</coordinates>
                </Point>
              </Placemark>
              <Placemark>
                <name>Telemetry 2</name>
                <styleUrl>#modifiedtelemetry</styleUrl>
                <TimeSpan>
                  <begin>2026-08-14T04:43:36.972498+00:00</begin>
                  <end>2026-08-14T04:43:37.972498+00:00</end>
                </TimeSpan>
                <Point>
                  <coordinates>-80.57800212690604,37.196972734164305,0</coordinates>
                </Point>
              </Placemark>
              <Placemark>
                <name>Telemetry 3</name>
                <styleUrl>#modifiedtelemetry</styleUrl>
                <TimeSpan>
                  <begin>2026-08-14T04:43:37.972498+00:00</begin>
                  <end>2026-08-14T04:43:38.972498+00:00</end>
                </TimeSpan>
                <Point>
                  <coordinates>-80.57802342452034,37.196931703788785,0</coordinates>
                </Point>
              </Placemark>
              <Placemark>
                <name>Telemetry 4</name>
                <styleUrl>#modifiedtelemetry</styleUrl>
                <TimeSpan>
                  <begin>2026-08-14T04:43:38.972498+00:00</begin>
                  <end>2026-08-14T04:43:39.972498+00:00</end>
                </TimeSpan>
                <Point>
                  <coordinates>-80.57805344862881,37.19689368575391,0</coordinates>
                </Point>
              </Placemark>
              <Placemark>
                <name>Telemetry 5</name>
                <styleUrl>#modifiedtelemetry</styleUrl>
                <TimeSpan>
                  <begin>2026-08-14T04:43:39.972498+00:00</begin>
                  <end>2026-08-14T04:43:40.972498+00:00</end>
                </TimeSpan>
                <Point>
                  <coordinates>-80.57808720822365,37.19685213076737,0</coordinates>
                </Point>
              </Placemark>
              <Placemark>
                <name>Telemetry 6</name>
                <styleUrl>#modifiedtelemetry</styleUrl>
                <TimeSpan>
                  <begin>2026-08-14T04:43:40.972498+00:00</begin>
                  <end>2026-08-14T04:43:41.972498+00:00</end>
                </TimeSpan>
                <Point>
                  <coordinates>-80.57811722777369,37.19680923519623,0</coordinates>
                </Point>
              </Placemark>
              <Placemark>
                <name>Telemetry 7</name>
                <styleUrl>#modifiedtelemetry</styleUrl>
                <TimeSpan>
                  <begin>2026-08-14T04:43:41.972498+00:00</begin>
                  <end>2026-08-14T04:43:42.972498+00:00</end>
                </TimeSpan>
                <Point>
                  <coordinates>-80.5781323958596,37.1967658046547,0</coordinates>
                </Point>
              </Placemark>
              <Placemark>
                <name>Telemetry 8</name>
                <styleUrl>#modifiedtelemetry</styleUrl>
                <TimeSpan>
                  <begin>2026-08-14T04:43:42.972498+00:00</begin>
                  <end>2026-08-14T04:43:43.972498+00:00</end>
                </TimeSpan>
                <Point>
                  <coordinates>-80.57814392771789,37.19670166260832,0</coordinates>
                </Point>
              </Placemark>
              <Placemark>
                <name>Telemetry 9</name>
                <styleUrl>#modifiedtelemetry</styleUrl>
                <TimeSpan>
                  <begin>2026-08-14T04:43:43.972498+00:00</begin>
                  <end>2026-08-14T04:43:44.972498+00:00</end>
                </TimeSpan>
                <Point>
                  <coordinates>-80.57812974002694,37.19663489860375,0</coordinates>
                </Point>
              </Placemark>
              <Placemark>
                <name>Telemetry 10</name>
                <styleUrl>#modifiedtelemetry</styleUrl>
                <TimeSpan>
                  <begin>2026-08-14T04:43:44.972498+00:00</begin>
                  <end>2026-08-14T04:43:45.972498+00:00</end>
                </TimeSpan>
                <Point>
                  <coordinates>-80.57808680009781,37.19657292090538,0</coordinates>
                </Point>
              </Placemark>
              <Placemark>
                <name>Telemetry 11</name>
                <styleUrl>#modifiedtelemetry</styleUrl>
                <TimeSpan>
                  <begin>2026-08-14T04:43:45.972498+00:00</begin>
                  <end>2026-08-14T04:43:46.972498+00:00</end>
                </TimeSpan>
                <Point>
                  <coordinates>-80.57801685035301,37.19652877181478,0</coordinates>
                </Point>
              </Placemark>
              <Placemark>
                <name>Telemetry 12</name>
                <styleUrl>#modifiedtelemetry</styleUrl>
                <TimeSpan>
                  <begin>2026-08-14T04:43:46.972498+00:00</begin>
                  <end>2026-08-14T04:43:47.972498+00:00</end>
                </TimeSpan>
                <Point>
                  <coordinates>-80.57795541973255,37.19650790849303,0</coordinates>
                </Point>
              </Placemark>
              <Placemark>
                <name>Telemetry 13</name>
                <styleUrl>#modifiedtelemetry</styleUrl>
                <TimeSpan>
                  <begin>2026-08-14T04:43:47.972498+00:00</begin>
                  <end>2026-08-14T04:43:48.972498+00:00</end>
                </TimeSpan>
                <Point>
                  <coordinates>-80.57779490248247,37.19643592110631,0</coordinates>
                </Point>
              </Placemark>
              <Placemark>
                <name>Telemetry 14</name>
                <styleUrl>#modifiedtelemetry</styleUrl>
                <TimeSpan>
                  <begin>2026-08-14T04:43:48.972498+00:00</begin>
                  <end>2026-08-14T04:43:49.972498+00:00</end>
                </TimeSpan>
                <Point>
                  <coordinates>-80.57771381708879,37.19639543761661,0</coordinates>
                </Point>
              </Placemark>
              <Placemark>
                <name>Telemetry 15</name>
                <styleUrl>#modifiedtelemetry</styleUrl>
                <TimeSpan>
                  <begin>2026-08-14T04:43:49.972498+00:00</begin>
                  <end>2026-08-14T04:43:50.972498+00:00</end>
                </TimeSpan>
                <Point>
                  <coordinates>-80.5776456115435,37.19635960981006,0</coordinates>
                </Point>
              </Placemark>
              <Placemark>
                <name>Telemetry 16</name>
                <styleUrl>#modifiedtelemetry</styleUrl>
                <TimeSpan>
                  <begin>2026-08-14T04:43:50.972498+00:00</begin>
                  <end>2026-08-14T04:43:51.972498+00:00</end>
                </TimeSpan>
                <Point>
                  <coordinates>-80.57757190904874,37.19632841915715,0</coordinates>
                </Point>
              </Placemark>
              <Placemark>
                <name>Telemetry 17</name>
                <styleUrl>#modifiedtelemetry</styleUrl>
                <TimeSpan>
                  <begin>2026-08-14T04:43:51.972498+00:00</begin>
                  <end>2026-08-14T04:43:52.972498+00:00</end>
                </TimeSpan>
                <Point>
                  <coordinates>-80.57751114071674,37.19631735230622,0</coordinates>
                </Point>
              </Placemark>
              <Placemark>
                <name>Telemetry 18</name>
                <styleUrl>#modifiedtelemetry</styleUrl>
                <TimeSpan>
                  <begin>2026-08-14T04:43:52.972498+00:00</begin>
                  <end>2026-08-14T04:43:53.972498+00:00</end>
                </TimeSpan>
                <Point>
                  <coordinates>-80.57742677046657,37.19631370494702,0</coordinates>
                </Point>
              </Placemark>
              <Placemark>
                <name>Telemetry 19</name>
                <styleUrl>#modifiedtelemetry</styleUrl>
                <TimeSpan>
                  <begin>2026-08-14T04:43:53.972498+00:00</begin>
                  <end>2026-08-14T04:43:54.972498+00:00</end>
                </TimeSpan>
                <Point>
                  <coordinates>-80.5773706,37.1963054,0</coordinates>
                </Point>
              </Placemark>
              <Placemark>
                <name>Telemetry 20</name>
                <styleUrl>#modifiedtelemetry</styleUrl>
                <TimeSpan>
                  <begin>2026-08-14T04:43:54.972498+00:00</begin>
                  <end>2026-08-14T04:43:55.972498+00:00</end>
                </TimeSpan>
                <Point>
                  <coordinates>-80.5771453,37.1963577,0</coordinates>
                </Point>
              </Placemark>
              <Placemark>
                <name>Telemetry 21</name>
                <styleUrl>#modifiedtelemetry</styleUrl>
                <TimeSpan>
                  <begin>2026-08-14T04:43:55.972498+00:00</begin>
                  <end>2026-08-14T04:43:56.972498+00:00</end>
                </TimeSpan>
                <Point>
                  <coordinates>-80.5771265,37.1965735,0</coordinates>
                </Point>
              </Placemark>
              <Placemark>
                <name>Telemetry 22</name>
                <styleUrl>#modifiedtelemetry</styleUrl>
                <TimeSpan>
                  <begin>2026-08-14T04:43:56.972498+00:00</begin>
                  <end>2026-08-14T04:43:57.972498+00:00</end>
                </TimeSpan>
                <Point>
                  <coordinates>-80.57744590087025,37.19665029738701,0</coordinates>
                </Point>
              </Placemark>
              <Placemark>
                <name>Telemetry 23</name>
                <styleUrl>#modifiedtelemetry</styleUrl>
                <TimeSpan>
                  <begin>2026-08-14T04:43:57.972498+00:00</begin>
                  <end>2026-08-14T04:43:58.972498+00:00</end>
                </TimeSpan>
                <Point>
                  <coordinates>-80.5776442,37.1966013,0</coordinates>
                </Point>
              </Placemark>
              <Placemark>
                <name>Telemetry 24</name>
                <styleUrl>#modifiedtelemetry</styleUrl>
                <TimeSpan>
                  <begin>2026-08-14T04:43:58.972498+00:00</begin>
                  <end>2026-08-14T04:43:59.972498+00:00</end>
                </TimeSpan>
                <Point>
                  <coordinates>-80.57776806176655,37.1964375298218,0</coordinates>
                </Point>
              </Placemark>
              <Placemark>
                <name>Telemetry 25</name>
                <styleUrl>#modifiedtelemetry</styleUrl>
                <TimeSpan>
                  <begin>2026-08-14T04:43:59.972498+00:00</begin>
                  <end>2026-08-14T04:44:00.972498+00:00</end>
                </TimeSpan>
                <Point>
                  <coordinates>-80.57784172323511,37.1962376762061,0</coordinates>
                </Point>
              </Placemark>
              <Placemark>
                <name>Telemetry 26</name>
                <styleUrl>#modifiedtelemetry</styleUrl>
                <TimeSpan>
                  <begin>2026-08-14T04:44:00.972498+00:00</begin>
                  <end>2026-08-14T04:44:01.972498+00:00</end>
                </TimeSpan>
                <Point>
                  <coordinates>-80.5777311,37.1960563,0</coordinates>
                </Point>
              </Placemark>
              <Placemark>
                <name>Telemetry 27</name>
                <styleUrl>#modifiedtelemetry</styleUrl>
                <TimeSpan>
                  <begin>2026-08-14T04:44:01.972498+00:00</begin>
                  <end>2026-08-14T04:44:02.972498+00:00</end>
                </TimeSpan>
                <Point>
                  <coordinates>-80.57739321491916,37.19605837098315,0</coordinates>
                </Point>
              </Placemark>
              <Placemark>
                <name>Telemetry 28</name>
                <styleUrl>#modifiedtelemetry</styleUrl>
                <TimeSpan>
                  <begin>2026-08-14T04:44:02.972498+00:00</begin>
                  <end>2026-08-14T04:44:03.972498+00:00</end>
                </TimeSpan>
                <Point>
                  <coordinates>-80.5771357,37.1961151,0</coordinates>
                </Point>
              </Placemark>
              <Placemark>
                <name>Telemetry 29</name>
                <styleUrl>#modifiedtelemetry</styleUrl>
                <TimeSpan>
                  <begin>2026-08-14T04:44:03.972498+00:00</begin>
                  <end>2026-08-14T04:44:04.972498+00:00</end>
                </TimeSpan>
                <Point>
                  <coordinates>-80.5769627,37.1962283,0</coordinates>
                </Point>
              </Placemark>
              <Placemark>
                <name>Telemetry 30</name>
                <styleUrl>#modifiedtelemetry</styleUrl>
                <TimeSpan>
                  <begin>2026-08-14T04:44:04.972498+00:00</begin>
                  <end>2026-08-14T04:44:05.972498+00:00</end>
                </TimeSpan>
                <Point>
                  <coordinates>-80.5769184,37.1963885,0</coordinates>
                </Point>
              </Placemark>
              <Placemark>
                <name>Telemetry 31</name>
                <styleUrl>#modifiedtelemetry</styleUrl>
                <TimeSpan>
                  <begin>2026-08-14T04:44:05.972498+00:00</begin>
                  <end>2026-08-14T04:44:06.972498+00:00</end>
                </TimeSpan>
                <Point>
                  <coordinates>-80.5767347,37.1964356,0</coordinates>
                </Point>
              </Placemark>
              <Placemark>
                <name>Telemetry 32</name>
                <styleUrl>#modifiedtelemetry</styleUrl>
                <TimeSpan>
                  <begin>2026-08-14T04:44:06.972498+00:00</begin>
                  <end>2026-08-14T04:44:07.972498+00:00</end>
                </TimeSpan>
                <Point>
                  <coordinates>-80.5766366,37.1963538,0</coordinates>
                </Point>
              </Placemark>
              <Placemark>
                <name>Telemetry 33</name>
                <styleUrl>#modifiedtelemetry</styleUrl>
                <TimeSpan>
                  <begin>2026-08-14T04:44:07.972498+00:00</begin>
                  <end>2026-08-14T04:44:08.972498+00:00</end>
                </TimeSpan>
                <Point>
                  <coordinates>-80.5766634,37.1962096,0</coordinates>
                </Point>
              </Placemark>
              <Placemark>
                <name>Telemetry 34</name>
                <styleUrl>#modifiedtelemetry</styleUrl>
                <TimeSpan>
                  <begin>2026-08-14T04:44:08.972498+00:00</begin>
                  <end>2026-08-14T04:44:09.972498+00:00</end>
                </TimeSpan>
                <Point>
                  <coordinates>-80.5767707,37.1961284,0</coordinates>
                </Point>
              </Placemark>
              <Placemark>
                <name>Telemetry 35</name>
                <styleUrl>#modifiedtelemetry</styleUrl>
                <TimeSpan>
                  <begin>2026-08-14T04:44:09.972498+00:00</begin>
                  <end>2026-08-14T04:44:10.972498+00:00</end>
                </TimeSpan>
                <Point>
                  <coordinates>-80.5768887,37.1960493,0</coordinates>
                </Point>
              </Placemark>
              <Placemark>
                <name>Telemetry 36</name>
                <styleUrl>#modifiedtelemetry</styleUrl>
                <TimeSpan>
                  <begin>2026-08-14T04:44:10.972498+00:00</begin>
                  <end>2026-08-14T04:44:11.972498+00:00</end>
                </TimeSpan>
                <Point>
                  <coordinates>-80.5770684,37.1959745,0</coordinates>
                </Point>
              </Placemark>
              <Placemark>
                <name>Telemetry 37</name>
                <styleUrl>#modifiedtelemetry</styleUrl>
                <TimeSpan>
                  <begin>2026-08-14T04:44:11.972498+00:00</begin>
                  <end>2026-08-14T04:44:12.972498+00:00</end>
                </TimeSpan>
                <Point>
                  <coordinates>-80.5771757,37.19596070000001,0</coordinates>
                </Point>
              </Placemark>
              <Placemark>
                <name>Telemetry 38</name>
                <styleUrl>#modifiedtelemetry</styleUrl>
                <TimeSpan>
                  <begin>2026-08-14T04:44:12.972498+00:00</begin>
                  <end>2026-08-14T04:44:13.972498+00:00</end>
                </TimeSpan>
                <Point>
                  <coordinates>-80.5772937,37.19598200000001,0</coordinates>
                </Point>
              </Placemark>
              <Placemark>
                <name>Telemetry 39</name>
                <styleUrl>#modifiedtelemetry</styleUrl>
                <TimeSpan>
                  <begin>2026-08-14T04:44:13.972498+00:00</begin>
                  <end>2026-08-14T04:44:14.972498+00:00</end>
                </TimeSpan>
                <Point>
                  <coordinates>-80.5773326,37.1960942,0</coordinates>
                </Point>
              </Placemark>
              <Placemark>
                <name>Telemetry 40</name>
                <styleUrl>#modifiedtelemetry</styleUrl>
                <TimeSpan>
                  <begin>2026-08-14T04:44:14.972498+00:00</begin>
                  <end>2026-08-14T04:44:15.972498+00:00</end>
                </TimeSpan>
                <Point>
                  <coordinates>-80.577283,37.19619780000001,0</coordinates>
                </Point>
              </Placemark>
              <Placemark>
                <name>Telemetry 41</name>
                <styleUrl>#modifiedtelemetry</styleUrl>
                <TimeSpan>
                  <begin>2026-08-14T04:44:15.972498+00:00</begin>
                  <end>2026-08-14T04:44:16.972498+00:00</end>
                </TimeSpan>
                <Point>
                  <coordinates>-80.5772602,37.1963495,0</coordinates>
                </Point>
              </Placemark>
              <Placemark>
                <name>Telemetry 42</name>
                <styleUrl>#modifiedtelemetry</styleUrl>
                <TimeSpan>
                  <begin>2026-08-14T04:44:16.972498+00:00</begin>
                  <end>2026-08-14T04:44:17.972498+00:00</end>
                </TimeSpan>
                <Point>
                  <coordinates>-80.5772817,37.1964692,0</coordinates>
                </Point>
              </Placemark>
              <Placemark>
                <name>Telemetry 43</name>
                <styleUrl>#modifiedtelemetry</styleUrl>
                <TimeSpan>
                  <begin>2026-08-14T04:44:17.972498+00:00</begin>
                  <end>2026-08-14T04:44:18.972498+00:00</end>
                </TimeSpan>
                <Point>
                  <coordinates>-80.5773863,37.1965546,0</coordinates>
                </Point>
              </Placemark>
              <Placemark>
                <name>Telemetry 44</name>
                <styleUrl>#modifiedtelemetry</styleUrl>
                <TimeSpan>
                  <begin>2026-08-14T04:44:18.972498+00:00</begin>
                  <end>2026-08-14T04:44:19.972498+00:00</end>
                </TimeSpan>
                <Point>
                  <coordinates>-80.5775406,37.1965589,0</coordinates>
                </Point>
              </Placemark>
              <Placemark>
                <name>Telemetry 45</name>
                <styleUrl>#modifiedtelemetry</styleUrl>
                <TimeSpan>
                  <begin>2026-08-14T04:44:19.972498+00:00</begin>
                  <end>2026-08-14T04:44:20.972498+00:00</end>
                </TimeSpan>
                <Point>
                  <coordinates>-80.57763850000002,37.1965782,0</coordinates>
                </Point>
              </Placemark>
              <Placemark>
                <name>Telemetry 46</name>
                <styleUrl>#modifiedtelemetry</styleUrl>
                <TimeSpan>
                  <begin>2026-08-14T04:44:20.972498+00:00</begin>
                  <end>2026-08-14T04:44:21.972498+00:00</end>
                </TimeSpan>
                <Point>
                  <coordinates>-80.57763850000002,37.1966679,0</coordinates>
                </Point>
              </Placemark>
              <Placemark>
                <name>Telemetry 47</name>
                <styleUrl>#modifiedtelemetry</styleUrl>
                <TimeSpan>
                  <begin>2026-08-14T04:44:21.972498+00:00</begin>
                  <end>2026-08-14T04:44:22.972498+00:00</end>
                </TimeSpan>
                <Point>
                  <coordinates>-80.5775473,37.1967074,0</coordinates>
                </Point>
              </Placemark>
              <Placemark>
                <name>Telemetry 48</name>
                <styleUrl>#modifiedtelemetry</styleUrl>
                <TimeSpan>
                  <begin>2026-08-14T04:44:22.972498+00:00</begin>
                  <end>2026-08-14T04:44:23.972498+00:00</end>
                </TimeSpan>
                <Point>
                  <coordinates>-80.5773823,37.1966967,0</coordinates>
                </Point>
              </Placemark>
              <Placemark>
                <name>Telemetry 49</name>
                <styleUrl>#modifiedtelemetry</styleUrl>
                <TimeSpan>
                  <begin>2026-08-14T04:44:23.972498+00:00</begin>
                  <end>2026-08-14T04:44:24.972498+00:00</end>
                </TimeSpan>
                <Point>
                  <coordinates>-80.5773421,37.1966241,0</coordinates>
                </Point>
              </Placemark>
              <Placemark>
                <name>Telemetry 50</name>
                <styleUrl>#modifiedtelemetry</styleUrl>
                <TimeSpan>
                  <begin>2026-08-14T04:44:24.972498+00:00</begin>
                  <end>2026-08-14T04:44:25.972498+00:00</end>
                </TimeSpan>
                <Point>
                  <coordinates>-80.5773005,37.196528,0</coordinates>
                </Point>
              </Placemark>
              <Placemark>
                <name>Telemetry 51</name>
                <styleUrl>#modifiedtelemetry</styleUrl>
                <TimeSpan>
                  <begin>2026-08-14T04:44:25.972498+00:00</begin>
                  <end>2026-08-14T04:44:26.972498+00:00</end>
                </TimeSpan>
                <Point>
                  <coordinates>-80.5771557,37.1965055,0</coordinates>
                </Point>
              </Placemark>
              <Placemark>
                <name>Telemetry 52</name>
                <styleUrl>#modifiedtelemetry</styleUrl>
                <TimeSpan>
                  <begin>2026-08-14T04:44:26.972498+00:00</begin>
                  <end>2026-08-14T04:44:27.972498+00:00</end>
                </TimeSpan>
                <Point>
                  <coordinates>-80.5770457,37.19654400000001,0</coordinates>
                </Point>
              </Placemark>
              <Placemark>
                <name>Telemetry 53</name>
                <styleUrl>#modifiedtelemetry</styleUrl>
                <TimeSpan>
                  <begin>2026-08-14T04:44:27.972498+00:00</begin>
                  <end>2026-08-14T04:44:28.972498+00:00</end>
                </TimeSpan>
                <Point>
                  <coordinates>-80.5768834,37.19654500000001,0</coordinates>
                </Point>
              </Placemark>
              <Placemark>
                <name>Telemetry 54</name>
                <styleUrl>#modifiedtelemetry</styleUrl>
                <TimeSpan>
                  <begin>2026-08-14T04:44:28.972498+00:00</begin>
                  <end>2026-08-14T04:44:29.972498+00:00</end>
                </TimeSpan>
                <Point>
                  <coordinates>-80.5767869,37.1964831,0</coordinates>
                </Point>
              </Placemark>
              <Placemark>
                <name>Telemetry 55</name>
                <styleUrl>#modifiedtelemetry</styleUrl>
                <TimeSpan>
                  <begin>2026-08-14T04:44:29.972498+00:00</begin>
                  <end>2026-08-14T04:44:30.972498+00:00</end>
                </TimeSpan>
                <Point>
                  <coordinates>-80.5767547,37.1964083,0</coordinates>
                </Point>
              </Placemark>
              <Placemark>
                <name>Telemetry 56</name>
                <styleUrl>#modifiedtelemetry</styleUrl>
                <TimeSpan>
                  <begin>2026-08-14T04:44:30.972498+00:00</begin>
                  <end>2026-08-14T04:44:31.972498+00:00</end>
                </TimeSpan>
                <Point>
                  <coordinates>-80.5767587,37.1963228,0</coordinates>
                </Point>
              </Placemark>
              <Placemark>
                <name>Telemetry 57</name>
                <styleUrl>#modifiedtelemetry</styleUrl>
                <TimeSpan>
                  <begin>2026-08-14T04:44:31.972498+00:00</begin>
                  <end>2026-08-14T04:44:32.972498+00:00</end>
                </TimeSpan>
                <Point>
                  <coordinates>-80.5767587,37.1961893,0</coordinates>
                </Point>
              </Placemark>
              <Placemark>
                <name>Telemetry 58</name>
                <styleUrl>#modifiedtelemetry</styleUrl>
                <TimeSpan>
                  <begin>2026-08-14T04:44:32.972498+00:00</begin>
                  <end>2026-08-14T04:44:33.972498+00:00</end>
                </TimeSpan>
                <Point>
                  <coordinates>-80.5766836,37.1961348,0</coordinates>
                </Point>
              </Placemark>
              <Placemark>
                <name>Telemetry 59</name>
                <styleUrl>#modifiedtelemetry</styleUrl>
                <TimeSpan>
                  <begin>2026-08-14T04:44:33.972498+00:00</begin>
                  <end>2026-08-14T04:44:34.972498+00:00</end>
                </TimeSpan>
                <Point>
                  <coordinates>-80.5766836,37.1960205,0</coordinates>
                </Point>
              </Placemark>
              <Placemark>
                <name>Telemetry 60</name>
                <styleUrl>#modifiedtelemetry</styleUrl>
                <TimeSpan>
                  <begin>2026-08-14T04:44:34.972498+00:00</begin>
                  <end>2026-08-14T04:44:35.972498+00:00</end>
                </TimeSpan>
                <Point>
                  <coordinates>-80.5767896,37.1960077,0</coordinates>
                </Point>
              </Placemark>
              <Placemark>
                <name>Telemetry 61</name>
                <styleUrl>#modifiedtelemetry</styleUrl>
                <TimeSpan>
                  <begin>2026-08-14T04:44:35.972498+00:00</begin>
                  <end>2026-08-14T04:44:36.972498+00:00</end>
                </TimeSpan>
                <Point>
                  <coordinates>-80.5769277,37.1959671,0</coordinates>
                </Point>
              </Placemark>
              <Placemark>
                <name>Telemetry 62</name>
                <styleUrl>#modifiedtelemetry</styleUrl>
                <TimeSpan>
                  <begin>2026-08-14T04:44:36.972498+00:00</begin>
                  <end>2026-08-14T04:44:37.972498+00:00</end>
                </TimeSpan>
                <Point>
                  <coordinates>-80.5770806,37.1959051,0</coordinates>
                </Point>
              </Placemark>
              <Placemark>
                <name>Telemetry 63</name>
                <styleUrl>#modifiedtelemetry</styleUrl>
                <TimeSpan>
                  <begin>2026-08-14T04:44:37.972498+00:00</begin>
                  <end>2026-08-14T04:44:38.972498+00:00</end>
                </TimeSpan>
                <Point>
                  <coordinates>-80.5771999,37.195896600000005,0</coordinates>
                </Point>
              </Placemark>
            </Folder>
          </Folder>
        </Folder>
        <Folder>
          <name>Service Provider polling</name>
        </Folder>
        <Folder>
          <name>Service Provider polling</name>
        </Folder>
        <Folder>
          <name>Service Provider polling</name>
        </Folder>
        <Folder>
          <name>Service Provider polling</name>
        </Folder>
        <Folder>
          <name>Service Provider polling</name>
        </Folder>
        <Folder>
          <name>Verify operator notification</name>
        </Folder>
        <Folder>
          <name>Intermediate cleanup</name>
        </Folder>
        <Folder>
          <name>Retrieve pre-existing operator notification</name>
        </Folder>
        <Folder>
          <name>Injection</name>
          <Folder>
            <name>E164: uss1 interuss.automated_testing.rid.v1.injection.createTest</name>
            <Folder>
              <name>Test flight dafb2658-c6a6-45e7-a28b-b05217725c56</name>
              <Placemark>
                <name>Telemetry 0</name>
                <styleUrl>#modifiedtelemetry</styleUrl>
                <TimeSpan>
                  <begin>2026-08-14T04:43:45.589140+00:00</begin>
                  <end>2026-08-14T04:43:46.589140+00:00</end>
                </TimeSpan>
                <Point>
                  <coordinates>-80.57798081614081,37.197059404721635,0</coordinates>
                </Point>
              </Placemark>
              <Placemark>
                <name>Telemetry 1</name>
                <styleUrl>#modifiedtelemetry</styleUrl>
                <TimeSpan>
                  <begin>2026-08-14T04:43:46.589140+00:00</begin>
                  <end>2026-08-14T04:43:47.589140+00:00</end>
                </TimeSpan>
                <Point>
                  <coordinates>-80.57798798375362,37.197016214133484,0</coordinates>
                </Point>
              </Placemark>
              <Placemark>
                <name>Telemetry 2</name>
                <styleUrl>#modifiedtelemetry</styleUrl>
                <TimeSpan>
                  <begin>2026-08-14T04:43:47.589140+00:00</begin>
                  <end>2026-08-14T04:43:48.589140+00:00</end>
                </TimeSpan>
                <Point>
                  <coordinates>-80.57800212690604,37.196972734164305,0</coordinates>
                </Point>
              </Placemark>
              <Placemark>
                <name>Telemetry 3</name>
                <styleUrl>#modifiedtelemetry</styleUrl>
                <TimeSpan>
                  <begin>2026-08-14T04:43:48.589140+00:00</begin>
                  <end>2026-08-14T04:43:49.589140+00:00</end>
                </TimeSpan>
                <Point>
                  <coordinates>-80.57802342452034,37.196931703788785,0</coordinates>
                </Point>
              </Placemark>
              <Placemark>
                <name>Telemetry 4</name>
                <styleUrl>#modifiedtelemetry</styleUrl>
                <TimeSpan>
                  <begin>2026-08-14T04:43:49.589140+00:00</begin>
                  <end>2026-08-14T04:43:50.589140+00:00</end>
                </TimeSpan>
                <Point>
                  <coordinates>-80.57805344862881,37.19689368575391,0</coordinates>
                </Point>
              </Placemark>
              <Placemark>
                <name>Telemetry 5</name>
                <styleUrl>#modifiedtelemetry</styleUrl>
                <TimeSpan>
                  <begin>2026-08-14T04:43:50.589140+00:00</begin>
                  <end>2026-08-14T04:43:51.589140+00:00</end>
                </TimeSpan>
                <Point>
                  <coordinates>-80.57808720822365,37.19685213076737,0</coordinates>
                </Point>
              </Placemark>
              <Placemark>
                <name>Telemetry 6</name>
                <styleUrl>#modifiedtelemetry</styleUrl>
                <TimeSpan>
                  <begin>2026-08-14T04:43:51.589140+00:00</begin>
                  <end>2026-08-14T04:43:52.589140+00:00</end>
                </TimeSpan>
                <Point>
                  <coordinates>-80.57811722777369,37.19680923519623,0</coordinates>
                </Point>
              </Placemark>
              <Placemark>
                <name>Telemetry 7</name>
                <styleUrl>#modifiedtelemetry</styleUrl>
                <TimeSpan>
                  <begin>2026-08-14T04:43:52.589140+00:00</begin>
                  <end>2026-08-14T04:43:53.589140+00:00</end>
                </TimeSpan>
                <Point>
                  <coordinates>-80.5781323958596,37.1967658046547,0</coordinates>
                </Point>
              </Placemark>
              <Placemark>
                <name>Telemetry 8</name>
                <styleUrl>#modifiedtelemetry</styleUrl>
                <TimeSpan>
                  <begin>2026-08-14T04:43:53.589140+00:00</begin>
                  <end>2026-08-14T04:43:54.589140+00:00</end>
                </TimeSpan>
                <Point>
                  <coordinates>-80.57814392771789,37.19670166260832,0</coordinates>
                </Point>
              </Placemark>
              <Placemark>
                <name>Telemetry 9</name>
                <styleUrl>#modifiedtelemetry</styleUrl>
                <TimeSpan>
                  <begin>2026-08-14T04:43:54.589140+00:00</begin>
                  <end>2026-08-14T04:43:55.589140+00:00</end>
                </TimeSpan>
                <Point>
                  <coordinates>-80.57812974002694,37.19663489860375,0</coordinates>
                </Point>
              </Placemark>
              <Placemark>
                <name>Telemetry 10</name>
                <styleUrl>#modifiedtelemetry</styleUrl>
                <TimeSpan>
                  <begin>2026-08-14T04:43:55.589140+00:00</begin>
                  <end>2026-08-14T04:43:56.589140+00:00</end>
                </TimeSpan>
                <Point>
                  <coordinates>-80.57808680009781,37.19657292090538,0</coordinates>
                </Point>
              </Placemark>
              <Placemark>
                <name>Telemetry 11</name>
                <styleUrl>#modifiedtelemetry</styleUrl>
                <TimeSpan>
                  <begin>2026-08-14T04:43:56.589140+00:00</begin>
                  <end>2026-08-14T04:43:57.589140+00:00</end>
                </TimeSpan>
                <Point>
                  <coordinates>-80.57801685035301,37.19652877181478,0</coordinates>
                </Point>
              </Placemark>
              <Placemark>
                <name>Telemetry 12</name>
                <styleUrl>#modifiedtelemetry</styleUrl>
                <TimeSpan>
                  <begin>2026-08-14T04:43:57.589140+00:00</begin>
                  <end>2026-08-14T04:43:58.589140+00:00</end>
                </TimeSpan>
                <Point>
                  <coordinates>-80.57795541973255,37.19650790849303,0</coordinates>
                </Point>
              </Placemark>
              <Placemark>
                <name>Telemetry 13</name>
                <styleUrl>#modifiedtelemetry</styleUrl>
                <TimeSpan>
                  <begin>2026-08-14T04:43:58.589140+00:00</begin>
                  <end>2026-08-14T04:43:59.589140+00:00</end>
                </TimeSpan>
                <Point>
                  <coordinates>-80.57779490248247,37.19643592110631,0</coordinates>
                </Point>
              </Placemark>
              <Placemark>
                <name>Telemetry 14</name>
                <styleUrl>#modifiedtelemetry</styleUrl>
                <TimeSpan>
                  <begin>2026-08-14T04:43:59.589140+00:00</begin>
                  <end>2026-08-14T04:44:00.589140+00:00</end>
                </TimeSpan>
                <Point>
                  <coordinates>-80.57771381708879,37.19639543761661,0</coordinates>
                </Point>
              </Placemark>
              <Placemark>
                <name>Telemetry 15</name>
                <styleUrl>#modifiedtelemetry</styleUrl>
                <TimeSpan>
                  <begin>2026-08-14T04:44:00.589140+00:00</begin>
                  <end>2026-08-14T04:44:01.589140+00:00</end>
                </TimeSpan>
                <Point>
                  <coordinates>-80.5776456115435,37.19635960981006,0</coordinates>
                </Point>
              </Placemark>
              <Placemark>
                <name>Telemetry 16</name>
                <styleUrl>#modifiedtelemetry</styleUrl>
                <TimeSpan>
                  <begin>2026-08-14T04:44:01.589140+00:00</begin>
                  <end>2026-08-14T04:44:02.589140+00:00</end>
                </TimeSpan>
                <Point>
                  <coordinates>-80.57757190904874,37.19632841915715,0</coordinates>
                </Point>
              </Placemark>
              <Placemark>
                <name>Telemetry 17</name>
                <styleUrl>#modifiedtelemetry</styleUrl>
                <TimeSpan>
                  <begin>2026-08-14T04:44:02.589140+00:00</begin>
                  <end>2026-08-14T04:44:03.589140+00:00</end>
                </TimeSpan>
                <Point>
                  <coordinates>-80.57751114071674,37.19631735230622,0</coordinates>
                </Point>
              </Placemark>
              <Placemark>
                <name>Telemetry 18</name>
                <styleUrl>#modifiedtelemetry</styleUrl>
                <TimeSpan>
                  <begin>2026-08-14T04:44:03.589140+00:00</begin>
                  <end>2026-08-14T04:44:04.589140+00:00</end>
                </TimeSpan>
                <Point>
                  <coordinates>-80.57742677046657,37.19631370494702,0</coordinates>
                </Point>
              </Placemark>
              <Placemark>
                <name>Telemetry 19</name>
                <styleUrl>#modifiedtelemetry</styleUrl>
                <TimeSpan>
                  <begin>2026-08-14T04:44:04.589140+00:00</begin>
                  <end>2026-08-14T04:44:05.589140+00:00</end>
                </TimeSpan>
                <Point>
                  <coordinates>-80.5773706,37.1963054,0</coordinates>
                </Point>
              </Placemark>
              <Placemark>
                <name>Telemetry 20</name>
                <styleUrl>#modifiedtelemetry</styleUrl>
                <TimeSpan>
                  <begin>2026-08-14T04:44:05.589140+00:00</begin>
                  <end>2026-08-14T04:44:06.589140+00:00</end>
                </TimeSpan>
                <Point>
                  <coordinates>-80.5771453,37.1963577,0</coordinates>
                </Point>
              </Placemark>
              <Placemark>
                <name>Telemetry 21</name>
                <styleUrl>#modifiedtelemetry</styleUrl>
                <TimeSpan>
                  <begin>2026-08-14T04:44:06.589140+00:00</begin>
                  <end>2026-08-14T04:44:07.589140+00:00</end>
                </TimeSpan>
                <Point>
                  <coordinates>-80.5771265,37.1965735,0</coordinates>
                </Point>
              </Placemark>
              <Placemark>
                <name>Telemetry 22</name>
                <styleUrl>#modifiedtelemetry</styleUrl>
                <TimeSpan>
                  <begin>2026-08-14T04:44:07.589140+00:00</begin>
                  <end>2026-08-14T04:44:08.589140+00:00</end>
                </TimeSpan>
                <Point>
                  <coordinates>-80.57744590087025,37.19665029738701,0</coordinates>
                </Point>
              </Placemark>
              <Placemark>
                <name>Telemetry 23</name>
                <styleUrl>#modifiedtelemetry</styleUrl>
                <TimeSpan>
                  <begin>2026-08-14T04:44:08.589140+00:00</begin>
                  <end>2026-08-14T04:44:09.589140+00:00</end>
                </TimeSpan>
                <Point>
                  <coordinates>-80.5776442,37.1966013,0</coordinates>
                </Point>
              </Placemark>
              <Placemark>
                <name>Telemetry 24</name>
                <styleUrl>#modifiedtelemetry</styleUrl>
                <TimeSpan>
                  <begin>2026-08-14T04:44:09.589140+00:00</begin>
                  <end>2026-08-14T04:44:10.589140+00:00</end>
                </TimeSpan>
                <Point>
                  <coordinates>-80.57776806176655,37.1964375298218,0</coordinates>
                </Point>
              </Placemark>
              <Placemark>
                <name>Telemetry 25</name>
                <styleUrl>#modifiedtelemetry</styleUrl>
                <TimeSpan>
                  <begin>2026-08-14T04:44:10.589140+00:00</begin>
                  <end>2026-08-14T04:44:11.589140+00:00</end>
                </TimeSpan>
                <Point>
                  <coordinates>-80.57784172323511,37.1962376762061,0</coordinates>
                </Point>
              </Placemark>
              <Placemark>
                <name>Telemetry 26</name>
                <styleUrl>#modifiedtelemetry</styleUrl>
                <TimeSpan>
                  <begin>2026-08-14T04:44:11.589140+00:00</begin>
                  <end>2026-08-14T04:44:12.589140+00:00</end>
                </TimeSpan>
                <Point>
                  <coordinates>-80.5777311,37.1960563,0</coordinates>
                </Point>
              </Placemark>
              <Placemark>
                <name>Telemetry 27</name>
                <styleUrl>#modifiedtelemetry</styleUrl>
                <TimeSpan>
                  <begin>2026-08-14T04:44:12.589140+00:00</begin>
                  <end>2026-08-14T04:44:13.589140+00:00</end>
                </TimeSpan>
                <Point>
                  <coordinates>-80.57739321491916,37.19605837098315,0</coordinates>
                </Point>
              </Placemark>
              <Placemark>
                <name>Telemetry 28</name>
                <styleUrl>#modifiedtelemetry</styleUrl>
                <TimeSpan>
                  <begin>2026-08-14T04:44:13.589140+00:00</begin>
                  <end>2026-08-14T04:44:14.589140+00:00</end>
                </TimeSpan>
                <Point>
                  <coordinates>-80.5771357,37.1961151,0</coordinates>
                </Point>
              </Placemark>
              <Placemark>
                <name>Telemetry 29</name>
                <styleUrl>#modifiedtelemetry</styleUrl>
                <TimeSpan>
                  <begin>2026-08-14T04:44:14.589140+00:00</begin>
                  <end>2026-08-14T04:44:15.589140+00:00</end>
                </TimeSpan>
                <Point>
                  <coordinates>-80.5769627,37.1962283,0</coordinates>
                </Point>
              </Placemark>
              <Placemark>
                <name>Telemetry 30</name>
                <styleUrl>#modifiedtelemetry</styleUrl>
                <TimeSpan>
                  <begin>2026-08-14T04:44:15.589140+00:00</begin>
                  <end>2026-08-14T04:44:16.589140+00:00</end>
                </TimeSpan>
                <Point>
                  <coordinates>-80.5769184,37.1963885,0</coordinates>
                </Point>
              </Placemark>
              <Placemark>
                <name>Telemetry 31</name>
                <styleUrl>#modifiedtelemetry</styleUrl>
                <TimeSpan>
                  <begin>2026-08-14T04:44:16.589140+00:00</begin>
                  <end>2026-08-14T04:44:17.589140+00:00</end>
                </TimeSpan>
                <Point>
                  <coordinates>-80.5767347,37.1964356,0</coordinates>
                </Point>
              </Placemark>
              <Placemark>
                <name>Telemetry 32</name>
                <styleUrl>#modifiedtelemetry</styleUrl>
                <TimeSpan>
                  <begin>2026-08-14T04:44:17.589140+00:00</begin>
                  <end>2026-08-14T04:44:18.589140+00:00</end>
                </TimeSpan>
                <Point>
                  <coordinates>-80.5766366,37.1963538,0</coordinates>
                </Point>
              </Placemark>
              <Placemark>
                <name>Telemetry 33</name>
                <styleUrl>#modifiedtelemetry</styleUrl>
                <TimeSpan>
                  <begin>2026-08-14T04:44:18.589140+00:00</begin>
                  <end>2026-08-14T04:44:19.589140+00:00</end>
                </TimeSpan>
                <Point>
                  <coordinates>-80.5766634,37.1962096,0</coordinates>
                </Point>
              </Placemark>
              <Placemark>
                <name>Telemetry 34</name>
                <styleUrl>#modifiedtelemetry</styleUrl>
                <TimeSpan>
                  <begin>2026-08-14T04:44:19.589140+00:00</begin>
                  <end>2026-08-14T04:44:20.589140+00:00</end>
                </TimeSpan>
                <Point>
                  <coordinates>-80.5767707,37.1961284,0</coordinates>
                </Point>
              </Placemark>
              <Placemark>
                <name>Telemetry 35</name>
                <styleUrl>#modifiedtelemetry</styleUrl>
                <TimeSpan>
                  <begin>2026-08-14T04:44:20.589140+00:00</begin>
                  <end>2026-08-14T04:44:21.589140+00:00</end>
                </TimeSpan>
                <Point>
                  <coordinates>-80.5768887,37.1960493,0</coordinates>
                </Point>
              </Placemark>
              <Placemark>
                <name>Telemetry 36</name>
                <styleUrl>#modifiedtelemetry</styleUrl>
                <TimeSpan>
                  <begin>2026-08-14T04:44:21.589140+00:00</begin>
                  <end>2026-08-14T04:44:22.589140+00:00</end>
                </TimeSpan>
                <Point>
                  <coordinates>-80.5770684,37.1959745,0</coordinates>
                </Point>
              </Placemark>
              <Placemark>
                <name>Telemetry 37</name>
                <styleUrl>#modifiedtelemetry</styleUrl>
                <TimeSpan>
                  <begin>2026-08-14T04:44:22.589140+00:00</begin>
                  <end>2026-08-14T04:44:23.589140+00:00</end>
                </TimeSpan>
                <Point>
                  <coordinates>-80.5771757,37.19596070000001,0</coordinates>
                </Point>
              </Placemark>
              <Placemark>
                <name>Telemetry 38</name>
                <styleUrl>#modifiedtelemetry</styleUrl>
                <TimeSpan>
                  <begin>2026-08-14T04:44:23.589140+00:00</begin>
                  <end>2026-08-14T04:44:24.589140+00:00</end>
                </TimeSpan>
                <Point>
                  <coordinates>-80.5772937,37.19598200000001,0</coordinates>
                </Point>
              </Placemark>
              <Placemark>
                <name>Telemetry 39</name>
                <styleUrl>#modifiedtelemetry</styleUrl>
                <TimeSpan>
                  <begin>2026-08-14T04:44:24.589140+00:00</begin>
                  <end>2026-08-14T04:44:25.589140+00:00</end>
                </TimeSpan>
                <Point>
                  <coordinates>-80.5773326,37.1960942,0</coordinates>
                </Point>
              </Placemark>
              <Placemark>
                <name>Telemetry 40</name>
                <styleUrl>#modifiedtelemetry</styleUrl>
                <TimeSpan>
                  <begin>2026-08-14T04:44:25.589140+00:00</begin>
                  <end>2026-08-14T04:44:26.589140+00:00</end>
                </TimeSpan>
                <Point>
                  <coordinates>-80.577283,37.19619780000001,0</coordinates>
                </Point>
              </Placemark>
              <Placemark>
                <name>Telemetry 41</name>
                <styleUrl>#modifiedtelemetry</styleUrl>
                <TimeSpan>
                  <begin>2026-08-14T04:44:26.589140+00:00</begin>
                  <end>2026-08-14T04:44:27.589140+00:00</end>
                </TimeSpan>
                <Point>
                  <coordinates>-80.5772602,37.1963495,0</coordinates>
                </Point>
              </Placemark>
              <Placemark>
                <name>Telemetry 42</name>
                <styleUrl>#modifiedtelemetry</styleUrl>
                <TimeSpan>
                  <begin>2026-08-14T04:44:27.589140+00:00</begin>
                  <end>2026-08-14T04:44:28.589140+00:00</end>
                </TimeSpan>
                <Point>
                  <coordinates>-80.5772817,37.1964692,0</coordinates>
                </Point>
              </Placemark>
              <Placemark>
                <name>Telemetry 43</name>
                <styleUrl>#modifiedtelemetry</styleUrl>
                <TimeSpan>
                  <begin>2026-08-14T04:44:28.589140+00:00</begin>
                  <end>2026-08-14T04:44:29.589140+00:00</end>
                </TimeSpan>
                <Point>
                  <coordinates>-80.5773863,37.1965546,0</coordinates>
                </Point>
              </Placemark>
              <Placemark>
                <name>Telemetry 44</name>
                <styleUrl>#modifiedtelemetry</styleUrl>
                <TimeSpan>
                  <begin>2026-08-14T04:44:29.589140+00:00</begin>
                  <end>2026-08-14T04:44:30.589140+00:00</end>
                </TimeSpan>
                <Point>
                  <coordinates>-80.5775406,37.1965589,0</coordinates>
                </Point>
              </Placemark>
              <Placemark>
                <name>Telemetry 45</name>
                <styleUrl>#modifiedtelemetry</styleUrl>
                <TimeSpan>
                  <begin>2026-08-14T04:44:30.589140+00:00</begin>
                  <end>2026-08-14T04:44:31.589140+00:00</end>
                </TimeSpan>
                <Point>
                  <coordinates>-80.57763850000002,37.1965782,0</coordinates>
                </Point>
              </Placemark>
              <Placemark>
                <name>Telemetry 46</name>
                <styleUrl>#modifiedtelemetry</styleUrl>
                <TimeSpan>
                  <begin>2026-08-14T04:44:31.589140+00:00</begin>
                  <end>2026-08-14T04:44:32.589140+00:00</end>
                </TimeSpan>
                <Point>
                  <coordinates>-80.57763850000002,37.1966679,0</coordinates>
                </Point>
              </Placemark>
              <Placemark>
                <name>Telemetry 47</name>
                <styleUrl>#modifiedtelemetry</styleUrl>
                <TimeSpan>
                  <begin>2026-08-14T04:44:32.589140+00:00</begin>
                  <end>2026-08-14T04:44:33.589140+00:00</end>
                </TimeSpan>
                <Point>
                  <coordinates>-80.5775473,37.1967074,0</coordinates>
                </Point>
              </Placemark>
              <Placemark>
                <name>Telemetry 48</name>
                <styleUrl>#modifiedtelemetry</styleUrl>
                <TimeSpan>
                  <begin>2026-08-14T04:44:33.589140+00:00</begin>
                  <end>2026-08-14T04:44:34.589140+00:00</end>
                </TimeSpan>
                <Point>
                  <coordinates>-80.5773823,37.1966967,0</coordinates>
                </Point>
              </Placemark>
              <Placemark>
                <name>Telemetry 49</name>
                <styleUrl>#modifiedtelemetry</styleUrl>
                <TimeSpan>
                  <begin>2026-08-14T04:44:34.589140+00:00</begin>
                  <end>2026-08-14T04:44:35.589140+00:00</end>
                </TimeSpan>
                <Point>
                  <coordinates>-80.5773421,37.1966241,0</coordinates>
                </Point>
              </Placemark>
              <Placemark>
                <name>Telemetry 50</name>
                <styleUrl>#modifiedtelemetry</styleUrl>
                <TimeSpan>
                  <begin>2026-08-14T04:44:35.589140+00:00</begin>
                  <end>2026-08-14T04:44:36.589140+00:00</end>
                </TimeSpan>
                <Point>
                  <coordinates>-80.5773005,37.196528,0</coordinates>
                </Point>
              </Placemark>
              <Placemark>
                <name>Telemetry 51</name>
                <styleUrl>#modifiedtelemetry</styleUrl>
                <TimeSpan>
                  <begin>2026-08-14T04:44:36.589140+00:00</begin>
                  <end>2026-08-14T04:44:37.589140+00:00</end>
                </TimeSpan>
                <Point>
                  <coordinates>-80.5771557,37.1965055,0</coordinates>
                </Point>
              </Placemark>
              <Placemark>
                <name>Telemetry 52</name>
                <styleUrl>#modifiedtelemetry</styleUrl>
                <TimeSpan>
                  <begin>2026-08-14T04:44:37.589140+00:00</begin>
                  <end>2026-08-14T04:44:38.589140+00:00</end>
                </TimeSpan>
                <Point>
                  <coordinates>-80.5770457,37.19654400000001,0</coordinates>
                </Point>
              </Placemark>
              <Placemark>
                <name>Telemetry 53</name>
                <styleUrl>#modifiedtelemetry</styleUrl>
                <TimeSpan>
                  <begin>2026-08-14T04:44:38.589140+00:00</begin>
                  <end>2026-08-14T04:44:39.589140+00:00</end>
                </TimeSpan>
                <Point>
                  <coordinates>-80.5768834,37.19654500000001,0</coordinates>
                </Point>
              </Placemark>
              <Placemark>
                <name>Telemetry 54</name>
                <styleUrl>#modifiedtelemetry</styleUrl>
                <TimeSpan>
                  <begin>2026-08-14T04:44:39.589140+00:00</begin>
                  <end>2026-08-14T04:44:40.589140+00:00</end>
                </TimeSpan>
                <Point>
                  <coordinates>-80.5767869,37.1964831,0</coordinates>
                </Point>
              </Placemark>
              <Placemark>
                <name>Telemetry 55</name>
                <styleUrl>#modifiedtelemetry</styleUrl>
                <TimeSpan>
                  <begin>2026-08-14T04:44:40.589140+00:00</begin>
                  <end>2026-08-14T04:44:41.589140+00:00</end>
                </TimeSpan>
                <Point>
                  <coordinates>-80.5767547,37.1964083,0</coordinates>
                </Point>
              </Placemark>
              <Placemark>
                <name>Telemetry 56</name>
                <styleUrl>#modifiedtelemetry</styleUrl>
                <TimeSpan>
                  <begin>2026-08-14T04:44:41.589140+00:00</begin>
                  <end>2026-08-14T04:44:42.589140+00:00</end>
                </TimeSpan>
                <Point>
                  <coordinates>-80.5767587,37.1963228,0</coordinates>
                </Point>
              </Placemark>
              <Placemark>
                <name>Telemetry 57</name>
                <styleUrl>#modifiedtelemetry</styleUrl>
                <TimeSpan>
                  <begin>2026-08-14T04:44:42.589140+00:00</begin>
                  <end>2026-08-14T04:44:43.589140+00:00</end>
                </TimeSpan>
                <Point>
                  <coordinates>-80.5767587,37.1961893,0</coordinates>
                </Point>
              </Placemark>
              <Placemark>
                <name>Telemetry 58</name>
                <styleUrl>#modifiedtelemetry</styleUrl>
                <TimeSpan>
                  <begin>2026-08-14T04:44:43.589140+00:00</begin>
                  <end>2026-08-14T04:44:44.589140+00:00</end>
                </TimeSpan>
                <Point>
                  <coordinates>-80.5766836,37.1961348,0</coordinates>
                </Point>
              </Placemark>
              <Placemark>
                <name>Telemetry 59</name>
                <styleUrl>#modifiedtelemetry</styleUrl>
                <TimeSpan>
                  <begin>2026-08-14T04:44:44.589140+00:00</begin>
                  <end>2026-08-14T04:44:45.589140+00:00</end>
                </TimeSpan>
                <Point>
                  <coordinates>-80.5766836,37.1960205,0</coordinates>
                </Point>
              </Placemark>
              <Placemark>
                <name>Telemetry 60</name>
                <styleUrl>#modifiedtelemetry</styleUrl>
                <TimeSpan>
                  <begin>2026-08-14T04:44:45.589140+00:00</begin>
                  <end>2026-08-14T04:44:46.589140+00:00</end>
                </TimeSpan>
                <Point>
                  <coordinates>-80.5767896,37.1960077,0</coordinates>
                </Point>
              </Placemark>
              <Placemark>
                <name>Telemetry 61</name>
                <styleUrl>#modifiedtelemetry</styleUrl>
                <TimeSpan>
                  <begin>2026-08-14T04:44:46.589140+00:00</begin>
                  <end>2026-08-14T04:44:47.589140+00:00</end>
                </TimeSpan>
                <Point>
                  <coordinates>-80.5769277,37.1959671,0</coordinates>
                </Point>
              </Placemark>
              <Placemark>
                <name>Telemetry 62</name>
                <styleUrl>#modifiedtelemetry</styleUrl>
                <TimeSpan>
                  <begin>2026-08-14T04:44:47.589140+00:00</begin>
                  <end>2026-08-14T04:44:48.589140+00:00</end>
                </TimeSpan>
                <Point>
                  <coordinates>-80.5770806,37.1959051,0</coordinates>
                </Point>
              </Placemark>
              <Placemark>
                <name>Telemetry 63</name>
                <styleUrl>#modifiedtelemetry</styleUrl>
                <TimeSpan>
                  <begin>2026-08-14T04:44:48.589140+00:00</begin>
                  <end>2026-08-14T04:44:49.589140+00:00</end>
                </TimeSpan>
                <Point>
                  <coordinates>-80.5771999,37.195896600000005,0</coordinates>
                </Point>
              </Placemark>
            </Folder>
          </Folder>
        </Folder>
        <Folder>
          <name>Service Provider polling</name>
        </Folder>
        <Folder>
          <name>Service Provider polling</name>
        </Folder>
        <Folder>
          <name>Service Provider polling</name>
        </Folder>
        <Folder>
          <name>Service Provider polling</name>
        </Folder>
        <Folder>
          <name>Service Provider polling</name>
        </Folder>
        <Folder>
          <name>Verify operator notification</name>
        </Folder>
        <Folder>
          <name>Intermediate cleanup</name>
        </Folder>
      </Folder>
      <Folder>
        <name/>
        <Folder>
          <name>Cleanup</name>
        </Folder>
      </Folder>
    </Folder>
  </Document>
</kml>
